artist,title,date,eventUrl,artists,venue_name,area_name,country_name,image,location,latitude,longitude,date_added
&ME,CircoLoco New York,2026-10-30T00:00:00.000,/events/2507236,&ME | Beltran | Carlita | Konstantin | Map.ache | Mochakk | Rampa | Seth Troxler,Brooklyn Storehouse,New York City,United States of America,https://images.ra.co/7e33635691c22fc02452ca8030f43fe59f910534.jpg,"New York City, United States of America",40.7127281,-74.0060152,2026-08-07 01:25:24
&ME,Keinemusik Nairobi - 21 November 2026,2026-11-21T00:00:00.000,/events/2516588,Adam Port | &ME | Rampa,Uhuru Gardens,Nairobi,Kenya,https://images.ra.co/971dbfd1726eb2ca9a5d87df2d182901cfea07d1.png,"Nairobi, Kenya",-1.2890006,36.8172812,2026-08-21 00:22:24
22 Interns,HOTLINE presents LAMMER (4 Hour Set) / 22 Interns / Janika,2026-10-16T00:00:00.000,/events/2424479,22 Interns | LAMMER,Complex Maastricht,All,Netherlands,https://images.ra.co/92942c2e5326aaf8de70b60bd9e4a50c4f94cbb5.jpg,"Complex Maastricht, Netherlands",50.8522573,5.6976653,2026-04-25 00:41:52
22 Interns,Club Fair x Overdrive,2026-10-22T00:00:00.000,/events/2554611,22 Interns | Ken Spieker | Ive Lovers | Joris van Gelder,Club Royal,Amsterdam,Netherlands,https://images.ra.co/49fdf3385ab3cfb8d2403c1ebe192a1af457a9cc.png,"Amsterdam, Netherlands",52.3730796,4.8924534,2026-10-07 03:13:37
Adam Port,Adam Port (KEINEMUSIK) (3 Hour Set) at The Concourse Project,2026-10-16T00:00:00.000,/events/2464430,Adam Port,The Concourse Project,Austin,United States of America,https://images.ra.co/0e986571a1ceee3282c648594157d7dfbd11b012.png,"Austin, United States of America",30.2711286,-97.7436995,2026-10-01 03:03:35
Adam Port,III Points 2026,2026-10-16T00:00:00.000,/events/2428241,619! | 999999999 | AABEL | SIEGEL (2) | Adam Port | OMRI. | Ale Acosta | HAZÓN | ALEJO (US) | Alexx in Chainss | Aphex Twink | FORESEER | Artime | Mystic Bill | Ashley Venom | Souls Departed | B0YG1RL | Baby Jesus | CHAOS! | Bakke | Bassvictim | Beltran | Ben Sterling | Bill Patrick | Bort | Blood Orange | Bonita Applebumz | bozito | Gabo Escalona | Bricolage | DAY/DEM | Brunello | Rafael | Cami di Marzo | Charlotte de Witte | ChaseWest | Cloonee | Coffintexts | DJ Fuckoff | Cole Knight | Connan Mockasin | DJ D.Luxe | Daizy | Danny Brown | Danny Daze | DJ Godfather | Daphni | David Vunk | Dean Turnley | Deep Cleansing | DIFFER | DJ Harvey | DJ Ray (2) | EZ Dee | DJ SABI | GRUE5OME | DJ Three | Sister System | DomnRob | Dr. Rubinstein | Ultrathem | Duality (US) | gumthewrapper | Dude Skywalker | Eli Escobar | Jubilee | Elias Garcia | Mila Gama | eveava | JOVIGIBS | Extra Andrew | Mutant Pete | feph | Mr. Tron | Fiin | FiNE | FIUZA (MX) | Madison Kay | Floating Points | Flying Lotus | Four Tet | Generous B | Gio Elia | Meghan Lee | Grace Arribas | Marte | grant sabadash | Shir Miya | HAAi | Hamdi (UK) | Heidi Lawden | Honey Dijon | horsegiirL | Idriss D | Danyelino | Interplanetary Criminal | INVT | Ivy Lab | Jacques Greene | Jane Remover | Jason Rault | JBZ | Jeremy Ismael | Jinks | Romulo Del Castillo | Joanna Kuchta | Robyn Sin Love | Joss Dean | ¥ØU$UK€ ¥UK1MAT$U | Jump Source | Katie Ox | Nat Siriani | Kelela | KETTAMA | KI/KI | KinAhau | KUJO (US) | RARA (US) | Kumi | La BB | Lady Narcisse | Racci | Lotusoph | Julia Saturno | Loukeman | Lousy Lover | Lupreme | SANTO | Pezlo MD | Machine Girl | Maher Daniel | Malone | Mango | Marco Carola | Franky Rizardo | Marie Qrie | Viva Vidal | Marsolo | Mary Droppinz | Max Dean | Luke Dean_ | Max Styler | Vintage Culture | MEGUSTA | Miguel Clark | Naim Zarzour | Saraga | x3butterfly | Milo Ziro | Xilla | Monoky (2) | Moscoman | MPH (1) | Mr. Bitch | Natalia Roth | Max Stern | Nicholas G. Padilla | Nick León | Safety Trance | Nicole Gallamini | Nikita Green | Nii Tei | oma totem | True Vine | p1no | Trippie Hippie (US) | Patch+ | PAWSA | Peach | Shanti Celeste | phiphi | Winter Wrong | Pressure Point (US) | Berrakka | PROLETAR | Puma (US) | Purity Ring | R/V Calypso | RAJE | slugg | Rebolledo | Red Axes | Rello | Rimaye | Inbal | Roman Flügel | RUDE BOY (US) | SDRV | Sam Alfred | SATURNSARii | Suz | Sel.6 | serafitz | Seth Troxler | Shinobi | Silvie Loto | Ms. Mada | Sosa | Spice Crime | Violeta | Sunn O))) | Terence Tabeau | Tiffy Vera | Thunderpony | Tiga | Tokischa | Tricky | Uchi | Underworld | v1fro | vsyana | VTSS | Whitesquare | Will Buck | Taimur | Will Renuart | YHWH Nailgun | ZEP (NL),Mana Wynwood,Miami,United States of America,https://images.ra.co/6aa1f53c55107b226c4a2d93932f524848c0ba48.png,"Miami, United States of America",25.7741728,-80.19362,2026-04-30 00:41:18
Adam Port,Keinemusik Nairobi - 21 November 2026,2026-11-21T00:00:00.000,/events/2516588,Adam Port | &ME | Rampa,Uhuru Gardens,Nairobi,Kenya,https://images.ra.co/971dbfd1726eb2ca9a5d87df2d182901cfea07d1.png,"Nairobi, Kenya",-1.2890006,36.8172812,2026-08-21 00:22:24
Adam Port,Adam Port,2027-01-10T00:00:00.000,/events/2540742,Adam Port,Zamna Tulum,Tulum,Mexico,https://images.ra.co/3ca6f0cca9bd68e31a6c6ed7dbf279b8fcbc897d.jpg,"Tulum, Mexico",20.429647,-87.6529306,2026-09-19 02:28:10
Adrian Mills,Adrenaline Family Tour,2026-10-10T00:00:00.000,/events/2364360,Cloudy | Adrian Mills | KUKO,Hans Bunte Areal,Freiburg,Germany,https://images.ra.co/c81f96efa396a55e0ac1e5a24df2acea40701fc0.jpg,"Freiburg, Germany",47.9960901,7.8494005,2026-06-24 00:40:48
Adrian Mills,FACE 2 FACE: PARIS,2026-10-16T00:00:00.000,/events/2474191,Kichta | two girls one mom | relajadita | Eskha | Serafina | Adrian Mills | Two Dots (FR) | Alex Nantaya | William Luck | zwilling. | HiTMiLØW,Parc Floral De Paris,Paris,France,https://images.ra.co/d0ab80ce096675e141fd2f79a82ea4494e513292.jpg,"Paris, France",48.8588897,2.3200410217200766,2026-07-01 00:45:22
Adrian Mills,BCCO x VLCT ATHENS with Adrián Mills,2026-10-17T00:00:00.000,/events/2517582,Adrian Mills | Até. | DJ Hyperdrive | KTK (DE) | ELISAVETA,Universe Athens,Athens,Greece,https://images.ra.co/4d0a43f85e161c52944e901ef066e92819a13f78.jpg,"Athens, Greece",37.9755648,23.7348324,2026-09-03 02:14:48
Adrian Mills,Awakenings ADE - Opening Night,2026-10-21T00:00:00.000,/events/2479104,999999999 | Adrian Mills | fumi (DE) | Serafina | HUJUS | NOVAH,Sugarfactory,Amsterdam,Netherlands,https://images.ra.co/c989005b839951d16a4b2fd5124656fe09eaeab5.png,"Amsterdam, Netherlands",52.3730796,4.8924534,2026-09-19 02:28:10
Adrian Mills,240KM/H - ADE Takeover,2026-10-25T00:00:00.000,/events/2529551,Adrian Mills | Aphøtic | Johannes Schuster | Félicie | ines isla | zwilling.,Warehouse Elementenstraat,Amsterdam,Netherlands,https://images.ra.co/f05ce6ed3f8e9f9b5ef205a4bcfc147bd976d4fa.png,"Amsterdam, Netherlands",52.3730796,4.8924534,2026-09-08 02:13:37
Adrian Mills,Adrián Mills ∞ ROXY Prague,2026-10-27T00:00:00.000,/events/2482189,Adrian Mills,Roxy,Prague,Czech Republic,https://images.ra.co/4fb2fd3f4b71abd12c046946e4b8591d8ce7df55.jpg,"Prague, Czech Republic",50.0596288,14.446459273258009,2026-07-07 00:30:37
Adrian Mills,Adrenaline Family Tour,2026-10-30T00:00:00.000,/events/2364367,Cloudy | Adrian Mills | KUKO,Gotec,Karlsruhe,Germany,https://images.ra.co/689e6e08f88280e18d0c5ec9f7ce5855c2535baf.jpg,"Karlsruhe, Germany",49.0068705,8.4034195,2026-07-14 00:31:46
Adrian Mills,Factory 93 presents: 240 KM/H: Adrián Mills All Night Long with Special Guests,2026-11-13T00:00:00.000,/events/2551259,Adrian Mills | Serafina | zwilling.,Ace*Mission Studios,Los Angeles,United States of America,https://images.ra.co/5b561d909accd369823dbe691e5a3403fdad04cc.png,"Los Angeles, United States of America",34.0536909,-118.242766,2026-10-04 03:24:38
Adrian Mills,Adrián Mills: 240kmh Showcase,2026-11-14T00:00:00.000,/events/2542423,Adrian Mills | Serafina | zwilling.,Level 1 @ Cannonball Arts,Seattle,United States of America,https://images.ra.co/6963577e96d27c0257701f6d1fa1a47e56a9aaf3.png,"Seattle, United States of America",47.6038321,-122.330062,2026-09-24 02:10:06
Adrian Mills,DALMA Festival 2026,2026-12-04T00:00:00.000,/events/2466306,Adrian Mills | Anetha | Chlär | Freddy K | chouhal | Clara Cuvé | Dasha Rush | DVS1 | Faster Horses | Georg MT | Human Safari | I Hate Models | Jeff Mills | Kyle Cortis | NEUX | NOVAH | ØTTA | Partiboi69 | Rødhåd | ROW1 | Scythe | OKSY | ÜBERKIKZ | Vagabund | Yanamaste,MFCC Arena,All,Malta,https://images.ra.co/87c6ed7b9da7b5804a0777caf68357e36733f1cf.jpg,"MFCC Arena, Malta",35.9311442,14.3951627,2026-07-14 00:31:46
Adrian Mills,"FACE 2 FACE at Flanders Expo, ghent",2026-12-05T00:00:00.000,/events/2554731,6EJOU | SNTS | Adrian Mills | zwilling. | Alycia Bezgo | BIIANCO | BYØRN | Kander | DJ IP | Olive Anguz | LESSSS | L.zwo | Riana Holley | Pawlowski | Trancemaster Krause | Skeletor Yogi,Flanders Expo Centre,Ghent,Belgium,https://cdn.sanity.io/images/6epsemdp/production/b7d83a32bba8e46b37bc22edd92ed71cef47b091-1920x1280.jpg?w=640&fit=clip&auto=format,"Ghent, Belgium",51.0538286,3.7250121,2026-10-07 03:13:37
Adrian Mills,FACE 2 FACE: ADRIÁN MILLS ANL LYON,2026-12-11T00:00:00.000,/events/2495767,Adrian Mills | fumi (DE) | KUKO | Noise Mafia | relajadita | ARPL,Halle Tony Garnier,Lyon,France,https://images.ra.co/6a9296798e5aed20ec0246e37df29e0b96a30357.jpg,"Lyon, France",45.7578137,4.8320114,2026-07-23 00:41:14
Adrian Mills,Teletech London,2026-12-19T00:00:00.000,/events/2551802,Adrian Mills | Alex Farell | MXGN | Anetha | Benwal | Faster Horses | Clouds | HANAA | KIRSTY | Kobosil | Lolalita | MarcelDune | MCR-T | SPFDJ | NOVAH | Paul Seul | Laze | seretide | SLVL | Trym | Vivace (UK) | Yoshiko,DRUMSHEDS,London,United Kingdom,https://images.ra.co/74de7d65b1b255c9d556765900c78947772cd36c.png,"London, United Kingdom",51.5074456,-0.1277653,2026-10-07 03:13:37
Adrian Mills,LOOP NYD FESTIVAL 2027,2027-01-01T00:00:00.000,/events/2537454,Marco Carola | Paco Osuna | fumi (DE) | Adrian Mills | Andres Campo,Fabrik,Madrid,Spain,https://images.ra.co/b86d54e578ef582ccc2bee9c0a60ee9d63e902f6.png,"Madrid, Spain",40.4167047,-3.7035825,2026-09-25 02:24:57
Adriatique,STARLIGHT FESTIVAL,2026-10-09T00:00:00.000,/events/2514960,Adriatique | Charlotte de Witte | Michael Bibi | Enrico Sangiuliano | Indira Paganotto | Pete Tong | Vintage Culture | WhoMadeWho | AWEN | Baset | BIIA | Charlie Sparks | Coco & Breezy,The Great Pyramids OF Giza,All,Egypt,https://images.ra.co/ad8f17573717ac697aaab094ed5b47c50eaa2fe8.jpg,"The Great Pyramids OF Giza, Egypt",26.2540493,29.2675469,2026-08-18 00:23:39
Adriatique,[UNVRS] CLOSING 2026,2026-10-10T00:00:00.000,/events/2512315,Adriatique | Dennis Cruz | East End Dubs | Mochakk | Rafael (IS) | The Martinez Brothers | Bender (DE) | Dennis Quin | Kamma | Mella Dee | Melon Bomb,[UNVRS],Ibiza,Spain,https://images.ra.co/24804fc8cbc660c5659044a877929871b72455ff.jpg,"Ibiza, Spain",38.974390099999994,1.4197463178515335,2026-08-14 00:31:10
Adriatique,Awakenings ADE - Adriatique All Night Long,2026-10-24T00:00:00.000,/events/2479116,Adriatique | Brina Knauss,Sugarfactory,Amsterdam,Netherlands,https://images.ra.co/a77cedd2bfb3968352e57920c156353189424bcf.png,"Amsterdam, Netherlands",52.3730796,4.8924534,2026-09-19 02:28:10
Adriatique,Audio Obscura ADE at The Loft with Adriatique B2B Cloonee,2026-10-25T00:00:00.000,/events/2544830,Adriatique | Cloonee,The Loft Amsterdam,Amsterdam,Netherlands,https://images.ra.co/2de809309339055b1b4aebcc40c61237ca69278e.jpg,"Amsterdam, Netherlands",52.3730796,4.8924534,2026-09-25 02:24:57
Adriatique,Adriatique present X Tulum,2027-01-08T00:00:00.000,/events/2551243,Adriatique | Kotiēr | Mind Against | WhoMadeWho,Zamna Tulum,Tulum,Mexico,https://images.ra.co/9ad69ea2434d649619a3013271fe5816848af621.jpg,"Tulum, Mexico",20.429647,-87.6529306,2026-10-04 03:24:38
Adriatique,Adriatique,2025-11-27T00:00:00.000,/events/2309231,Adriatique | ARODES,TBA - Playa Blanca,All,Dominican Republic,https://images.ra.co/359a12bc08bf5e22788c70299786e6d4cb779d91.png,"TBA - Playa Blanca, Dominican Republic",19.0974031,-70.3028026,2026-09-19 02:28:10
Alba Franch,NO HALLOWEEN,2026-10-31T00:00:00.000,/events/2528301,Alba Franch | Antonym | BTFL | CALLUSH | Charlie Sparks | DICE | Neek | Nyra | Obscure Shape | SAIKA,Gotec,Karlsruhe,Germany,https://images.ra.co/0440628912877e21fddf65eb9f800c38e5befb3a.png,"Karlsruhe, Germany",49.0068705,8.4034195,2026-09-04 02:15:44
Alba Franch,Boiler Room: Amsterdam | Saturday,2026-11-14T00:00:00.000,/events/2506990,Alba Franch | Eva Vrijdag | Ignez | Juicy Romance | Kara Okay | Locus Error | Milion | Planetary Assault Systems | Rene Wise | Stef Mendesidis | ÜBERKIKZ | Valody,TBA,Amsterdam,Netherlands,https://images.ra.co/0f4c8685c9ad1b90620a3ce2e92e042d457670b5.jpg,"Amsterdam, Netherlands",52.3730796,4.8924534,2026-10-04 03:24:38
Alba Franch,Polyamor x SILIKON,2026-11-20T00:00:00.000,/events/2331934,VIVI909 | Elotrance | Alexa Fluor | ZAHNATZIN | Alba Franch | The Muffin Man | ELOISA | Vivienna | DJ Gianni,Lokschuppen Berlin,Berlin,Germany,https://cdn.sanity.io/images/6epsemdp/production/b7d83a32bba8e46b37bc22edd92ed71cef47b091-1920x1280.jpg?w=640&fit=clip&auto=format,"Berlin, Germany",52.510885,13.3989367,2026-08-05 00:42:06
Alba Franch,Teletech MADRID,2026-11-21T00:00:00.000,/events/2425788,Alba Franch | Azyr | ines isla | Nikolina | TOXIMAMI | Trym,The Garage,Madrid,Spain,https://images.ra.co/5210bb1c36c2afeab849da0c23a3810e72dbdd9e.png,"Madrid, Spain",40.4167047,-3.7035825,2026-04-25 00:41:52
Alba Franch,Polyamor x SESH,2026-12-30T00:00:00.000,/events/2446798,Paraçek | davyboi | Mika Heggemann | Cara Elizabeth | DJ DRECKISCH | Trancemaster Krause | Cleopard2000 | Danilo Filipe | Alba Franch | Elotrance | NYRA (DE) | DJ YARAK | Lisek | SATYS FYRE | DJ SEXSTASY | The Muffin Man | BNZN | DJ SPORTSCHUH | snoritz | XIMA | JUICY (DE) | VIVI909 | Alex Friday | Kizu | PANA (Ger) | Justin Tinderdate | DETOXX | Limoncello | Segun | Filialleiter | Dollushka | GEN97,RAW- Lokschuppen + Astra Kulturhaus,Berlin,Germany,https://images.ra.co/9f79da063e41c3765895d98a0253bf3b9a9d2730.jpg,"Berlin, Germany",52.510885,13.3989367,2026-06-17 00:52:18
Amelie Lens,Audio Obscura ADE x EXHALE by Amelie Lens,2026-10-23T00:00:00.000,/events/2475096,Amelie Lens | Adiel | HAAi | Anfisa Letyago | BLONDEX | DAX J | DJ Nobu | Ellen Trenn | Flour | Grace Dahl,RAWFACTORY,Amsterdam,Netherlands,https://images.ra.co/6ff46592338e90c7dcedd938020e164bcc3381e3.jpg,"Amsterdam, Netherlands",52.3730796,4.8924534,2026-06-26 00:50:07
Anetha,Electron: EUPHORIE COLLECTIVE,2026-10-10T00:00:00.000,/events/2518583,Anetha | DJ Heartstring | Spray | Spriitzz,Palladium,Geneva,Switzerland,https://images.ra.co/a41c5ed19ab4aeb0e6486e04600d3b5feb0bb00a.jpg,"Geneva, Switzerland",46.2017559,6.1466014,2026-08-22 00:24:03
Anetha,Sonora Bordeaux,2026-10-16T00:00:00.000,/events/2552318,Afem Syko | Linds | DJ Gigola | I Hate Models | KUKO | LESSSS | Panteros666 | Part Time Killer | Vladimir Cauchemar | 2HOT2PLAY | More (3) | Alignment | Anetha | Ben Klock | Clara Cuvé | future.666 | KlangKuenstler | Nina Kraviz | PETERBLUE | Serafina,Sonora Bordeaux,Bordeaux,France,https://cdn.sanity.io/images/6epsemdp/production/b7d83a32bba8e46b37bc22edd92ed71cef47b091-1920x1280.jpg?w=640&fit=clip&auto=format,"Bordeaux, France",44.841225,-0.5800364,2026-10-04 03:24:38
Anetha,SONORA BORDEAUX,2026-10-16T00:00:00.000,/events/2552448,Afem Syko | Linds | DJ Gigola | I Hate Models | KUKO | LESSSS | Panteros666 | Part Time Killer | Vladimir Cauchemar | 2HOT2PLAY | More (3) | Alignment | Anetha | Ben Klock | Clara Cuvé | future.666 | KlangKuenstler | Nina Kraviz | PETERBLUE | Serafina,Parc des Expositions de Bordeaux lac,Bordeaux,France,https://images.ra.co/3ac4657722169871acf66344bd031a4e11ab80e2.png,"Bordeaux, France",44.841225,-0.5800364,2026-10-04 03:24:38
Anetha,Audio Obscura ADE with Patrick Mason [B2B] SPFDJ & More,2026-10-22T00:00:00.000,/events/2475090,Patrick Mason | SPFDJ | Anetha | Mischluft | Bella Claxton | Tjade | Kara Okay | OLIVIA LENSEN | Schwesta P | Justin Jay | Julie Desire,RAWFACTORY,Amsterdam,Netherlands,https://images.ra.co/dd9c21ee6764af4cc38c1cae66554d894c49d415.jpg,"Amsterdam, Netherlands",52.3730796,4.8924534,2026-06-25 00:45:25
Anetha,FOCUS: Anetha,2026-11-19T00:00:00.000,/events/2476229,Anetha,Flash,Washington DC,United States of America,https://images.ra.co/3b08ef6a68ff0db73fcc40387469214e205e1c9f.jpg,"Washington DC, United States of America",38.8950368,-77.0365427,2026-06-26 00:50:07
Anetha,Time Warp NYC 2026,2026-11-20T00:00:00.000,/events/2518700,Adiel | Âme | Anetha | Annie Lew | Brunello | ChaseWest | Chlär | DJ Tennis | Red Axes | DVS1 | Franky Rizardo | Indira Paganotto | Julya Karma | Kilopatrah Jones | KlangKuenstler | KYRUH | NOVAH | Rose Kourts | Silvie Loto | Sven Vath | VTSS,Duggal Greenhouse,New York City,United States of America,https://images.ra.co/df8c33b0060b42680c3daf6bbff5c2d1c684fba2.jpg,"New York City, United States of America",40.7127281,-74.0060152,2026-08-22 00:24:03
Anetha,"WHP presents: XXL, Manchester",2026-11-28T00:00:00.000,/events/2521666,2FEL | 4000 Hz | Alex Farell | MXGN | Anetha | Azyr | Bella Claxton | Kyle Starkey | Darren Styles | DJ Bax | DJ SWISHERMAN | ENFAN | Faster Horses | HANAA | IceLipzz | KimberlaID | KIRSTY | KUKO | Laze | KIRARA | Lolalita | MCR-T | Nanna Makina | MC Tazo | Nyra | Paul Seul | Krampf | Pegassi | Restricted | Samuel Moriero (2) | Stinny Stone | Trym | Vieze Asbak | Onlynumbers | Vladimir Dubyshkin | Winson | Yanamaste | Yasmin Regisford,Depot Mayfield,Manchester,United Kingdom,https://images.ra.co/97d76cf6248b90d81d1496e3475d57364ea2fcb9.png,"Manchester, United Kingdom",53.4794892,-2.2451148,2026-09-03 02:14:48
Anetha,DALMA Festival 2026,2026-12-04T00:00:00.000,/events/2466306,Adrian Mills | Anetha | Chlär | Freddy K | chouhal | Clara Cuvé | Dasha Rush | DVS1 | Faster Horses | Georg MT | Human Safari | I Hate Models | Jeff Mills | Kyle Cortis | NEUX | NOVAH | ØTTA | Partiboi69 | Rødhåd | ROW1 | Scythe | OKSY | ÜBERKIKZ | Vagabund | Yanamaste,MFCC Arena,All,Malta,https://images.ra.co/87c6ed7b9da7b5804a0777caf68357e36733f1cf.jpg,"MFCC Arena, Malta",35.9311442,14.3951627,2026-06-15 00:56:01
Anetha,Teletech London,2026-12-19T00:00:00.000,/events/2551802,Adrian Mills | Alex Farell | MXGN | Anetha | Benwal | Faster Horses | Clouds | HANAA | KIRSTY | Kobosil | Lolalita | MarcelDune | MCR-T | SPFDJ | NOVAH | Paul Seul | Laze | seretide | SLVL | Trym | Vivace (UK) | Yoshiko,DRUMSHEDS,London,United Kingdom,https://images.ra.co/74de7d65b1b255c9d556765900c78947772cd36c.png,"London, United Kingdom",51.5074456,-0.1277653,2026-10-07 03:13:37
Anetha,Wildlands Festival - Brisbane,2026-12-31T00:00:00.000,/events/2498640,Anetha | SPFDJ | Benwal | Kyle Starkey | Dean Turnley | Ewan McVicar | Frost Children | Funk Tribu | Hamdi | Hannah Laing | John Summit | KI/KI | Layton Giordani | Lens (2) | MPH (1) | Nia Archives | Oppidan | Overmono | Saint Ludo | Skepta | Yikes,Brisbane Showgrounds,Brisbane,Australia,https://images.ra.co/dd28e1fac02e3f60a136163ba8e21b09a57cced7.png,"Brisbane, Australia",-27.4689682,153.0234991,2026-07-31 00:42:03
Anetha,Beyond The Valley,2026-12-28T00:00:00.000,/events/2499611,"Afrodisiac | After X | AKEYLAH | Anetha | Arielle Free | Armand Van Helden | bellxsxs | Benwal | BIIANCO | Boys Noize | Bryson Hill | Carla Martinez | Club Angel | DART | Dean Turnley | DJ PGZ | Eva Charley | Ewan McVicar | Faster Horses | Frost Children | Funk Tribu | Hamdi | Hannah Laing | Helena Lauwaert | Jackie Hollander | Jamback | Jayda G | Job Jobse | John Summit | Jordan Brando | Luuk van Dijk | JUPiTA | bbsanii | Kiara Friend | KI/KI | Kyle Starkey | Layton Giordani | Lex (GR) | Love, Jess | Mella Dee | Mia Koden | MPH (1) | Nia Archives | Nice Girl | nimino | Oppidan | oskar med k | Overmono | Renaessance | Riordan | Saint Ludo | salute | Skepta | Soul Mass Transit System | southstar | SPFDJ | THC | Tiff Cornish | Tommy Holohan | VANNA | WAXX OFF | WOLTERS | WVCHWY | X & Ivy",Barunah Plains,Victoria,Australia,https://images.ra.co/42ccb12d5c81c31dd033479caf74f8b29147e555.png,"Victoria, Australia",-36.5986096,144.6780052,2026-07-29 00:29:15
Anetha,LTECNYD 2027,2027-01-01T00:00:00.000,/events/2536207,Anetha | Boys Noize | C.FRIM | MIRASIA | Chaos In The CBD | Dean Turnley | Denim | Ewan McVicar | Jennifer Loveless | Joy Orbison | Juicy Romance | Kirollus | Lady Shaka | Mikalah Watego | Partiboi69 | Shanti | Soul Wun | TRUSTEE | William Kiss | Special Guest (US),The Nursery At Flemington,Melbourne,Australia,https://images.ra.co/b68a7cb17c5fa6176f20a07971a390b46746b37e.jpg,"Melbourne, Australia",-37.8142454,144.9631732,2026-09-19 02:28:10
Anetha,Wildlands Festival - Perth,2027-01-02T00:00:00.000,/events/2498641,Anetha | SPFDJ | Benwal | Kyle Starkey | Dean Turnley | Ewan McVicar | Frost Children | Funk Tribu | Hamdi | Hannah Laing | John Summit | KI/KI | KT | Layton Giordani | Lens (2) | MPH (1) | Nia Archives | Oppidan | Overmono | Saint Ludo | Skepta | Yikes,Arena Joondalup,Perth,Australia,https://images.ra.co/a79c4b8061eaa4fecd59299a0c5b764e3c36c879.png,"Perth, Australia",-31.9558933,115.8605855,2026-07-31 00:42:03
ANOTR,No Art Lisbon 2026,2026-10-10T00:00:00.000,/events/2511495,ANOTR | Franky Rizardo | Mau P | Jennifer Loveless | Klin Klop | SG Lewis,"TBA - Passeio Marítimo de Algés, Portugal",Lisbon,Portugal,https://images.ra.co/13e974a8c244eb677b1bb218de62a67ec1132f19.jpg,"Lisbon, Portugal",38.7077507,-9.1365919,2026-08-13 00:30:26
ANOTR,No Art ADE Festival 2026,2026-10-24T00:00:00.000,/events/2463250,ANOTR | CHRIS STASSY | HALFPINT | Job Jobse | Rooléh | Saoirse | Alci | Aline Umber | Brunello | Hannecart | Hunee | Mateo Dufour | Moxie,Taets Art & Event Park,Amsterdam,Netherlands,https://images.ra.co/73085d4b9c2b045734d600d5b405fff5957167c3.jpg,"Amsterdam, Netherlands",52.3730796,4.8924534,2026-08-22 00:24:03
ANOTR,Factory 93 presents ANOTR,2026-10-30T00:00:00.000,/events/2496217,ANOTR,Ace*Mission Studios - Under The 6th Street Bridge,Los Angeles,United States of America,https://images.ra.co/f40b002b5e85ce05f32f481b99442944288bd543.jpg,"Los Angeles, United States of America",34.0536909,-118.242766,2026-07-23 00:41:14
ANOTR,CircoLoco New York,2026-10-31T00:00:00.000,/events/2507244,Aline Umber | ANOTR | Dixon | Jamback | Jimi Jules | Krol | Rossi,Brooklyn Storehouse,New York City,United States of America,https://images.ra.co/f8f42bdd4b9dc832a27497482e25ff6dc92d143a.jpg,"New York City, United States of America",40.7127281,-74.0060152,2026-08-07 01:25:24
ANOTR,CircoLoco CDMX,2026-11-28T00:00:00.000,/events/2534298,Aline Umber | ANOTR | Miguelle | TONS | Peggy Gou | Prospa | Rhadoo,TBA,Mexico City,Mexico,https://images.ra.co/fd1db7390b9c0460bb26c43cab1549d3405cddfa.jpg,"Mexico City, Mexico",19.4326296,-99.1331785,2026-09-11 02:01:35
ascendant vierge,Ascendant Vierge,2026-10-11T00:00:00.000,/events/2509306,ascendant vierge,Theatre National,Brussels,Belgium,https://images.ra.co/038653ac1335d6d9c543933a93ee94d60ad91a2e.jpg,"Brussels, Belgium",50.8465573,4.351697,2026-08-11 00:30:09
ascendant vierge,FCKNYE Festival 2026,2026-12-30T00:00:00.000,/events/2538434,2HOT2PLAY | A.N.I. | Alignment | Angerfist | ascendant vierge | blk. | Bou (UK) | CARAVEL | Todiefor | davyboi | DJ Gigola | ECZODIA | Hedex | Holy Priest | Yoshiko | KARAH | KLOFAMA | Kobosil | Krowdexx | LESSSS | Lil Texas | Mandragora | Neek | Nikolina | Onlynumbers | Part Time Killer | L.zwo | PRADA2000 | Restricted | Samuel Moriero (2) | Vortek's | Sköne | SLVL | Somewhen | The Dark Horror | TiTi | Trym | Ueberrest | Urumi | Vladimir Cauchemar | Vieze Asbak | William Luck | NoName,Brussels Expo,Brussels,Belgium,https://images.ra.co/1195ae1d59b35474b663d37b235d4c7f7d10605b.jpg,"Brussels, Belgium",50.8465573,4.351697,2026-09-19 02:28:10
Bad Boombox,EXTENDED: Bad Boombox B2B Club Angel / salute / Gerardo Niva / Maruwa,2026-10-11T00:00:00.000,/events/2494379,Bad Boombox | Club Angel | salute | Gerardo Niva | Maruwa,Mondo,Madrid,Spain,https://images.ra.co/cf7580cbe22dbeabb1d4c2978af6ba9524f264b7.jpg,"Madrid, Spain",40.4167047,-3.7035825,2026-10-07 03:13:37
Bad Boombox,ADE - Hot Meal [sold out],2026-10-22T00:00:00.000,/events/2470633,Bad Boombox | Gusted | Dr. G | Janis Zielinski | Jessie Dols | lizaliza | Mija | MRD (NO) | Mischluft | Ollie Lishman,Lofi,Amsterdam,Netherlands,https://images.ra.co/27f92b79522fb5643b432c76c77b842ba11d9ee5.png,"Amsterdam, Netherlands",52.3730796,4.8924534,2026-10-07 03:13:37
Bad Boombox,Audio Obscura ADE x Bad Boombox Invites,2026-10-23T00:00:00.000,/events/2502429,Bad Boombox | Partiboi69 | DART | Jenny Cara | Boris Coelman,RAWFACTORY,Amsterdam,Netherlands,https://images.ra.co/ee98b3bf60dd786bf3fcf71fa08787a5e188c7af.jpg,"Amsterdam, Netherlands",52.3730796,4.8924534,2026-08-13 00:30:26
Bad Boombox,Hotmeal at Kompass,2026-10-31T00:00:00.000,/events/2527139,Bad Boombox | Jessie Dols | Mija | Mischluft | Ollie Lishman,Kompass Klub,Ghent,Belgium,https://images.ra.co/018ec45d5ab8870186e039f0415599f4a7a41651.png,"Ghent, Belgium",51.0538286,3.7250121,2026-09-03 02:14:48
Bad Boombox,"Hot Meal : Bad Boombox, Mischluft, Mija & More",2026-11-21T00:00:00.000,/events/2538895,Bad Boombox | Mischluft | Mija | Janis Zielinski | lizaliza,Mia Mao,Paris,France,https://images.ra.co/c8f89ec367651fa4685be09bb5065a8528c92305.png,"Paris, France",48.8588897,2.3200410217200766,2026-09-19 02:28:10
Bad Boombox,BCCO x Hot Meal,2026-11-28T00:00:00.000,/events/2401774,Bad Boombox | future.666 | ÜBERKIKZ | David Löhlein | Alycia Bezgo | DJ Hyperdrive | Félicie | SAIKA | Janis Zielinski | Gusted | DJ Cringey | Pōnky | TOXIMAMI | lizaliza,MUENZE,Berlin,Germany,https://images.ra.co/0afadbb8e1a0958f2ed79074614eea5425126681.jpg,"Berlin, Germany",52.510885,13.3989367,2026-04-25 00:41:52
Baron Von Trax,ECLIPSE,2026-10-10T00:00:00.000,/events/2535550,snoritz | DJ Sonnenbrand | Baron Von Trax | RAFFA | anyka | Tristan K (1) | Ken Brause | MARRED | LEO.PARDYY,Schrotty,Cologne,Germany,https://images.ra.co/08bed3c27ec862cd120fba7bb195cb000d5a8e16.png,"Cologne, Germany",50.938361,6.959974,2026-09-27 02:32:55
Baron Von Trax,DOOZY / Baron Von Trax,2026-10-17T00:00:00.000,/events/2536032,Baron Von Trax,La Cheetah Club,Glasgow,United Kingdom,https://images.ra.co/6540643d460df8d35ecced68b72bddcb94895fba.jpg,"Glasgow, United Kingdom",55.861155,-4.2501687,2026-09-14 02:15:55
Baron Von Trax,De Binnenstad x Sam Hofman Invites,2026-10-23T00:00:00.000,/events/2506893,Sam Hofman | Baron Von Trax | Brent Honey | Justin Jay | ANNASNEL | Julian Wijn,Ijver,Amsterdam,Netherlands,https://images.ra.co/52462280cd1182556ab591a6fcd74529178dbc6c.png,"Amsterdam, Netherlands",52.3730796,4.8924534,2026-08-07 01:25:24
Baron Von Trax,Slave To The Rave Halloween,2026-10-31T00:00:00.000,/events/2387910,BAUGRUPPE90 | DJ Hell | slin | Tigerhead | Yuada | Baron Von Trax | Upper90,OST,Berlin,Germany,https://images.ra.co/3e4ea8972f2a78bf19d57f3f015367b82e894280.jpg,"Berlin, Germany",52.510885,13.3989367,2026-06-07 00:45:24
Baron Von Trax,Lost Paradise 2026,2026-12-28T00:00:00.000,/events/2491206,John Summit | Skepta | KI/KI | Overmono | Armand Van Helden | Nia Archives | Ewan McVicar | Sam Alfred | Rossi | Partiboi69 | Benwal | Caleb Jackson | Chaos In The CBD | dameeeela | DART | Dean Turnley | DJ Seinfeld | Drifting Clouds | Flava D | Hamdi | Harry Hayes | Helena Lauwaert | Hot Dub Time Machine | Jamback | James Pepper | Baron Von Trax | Jayda G | Job Jobse | Kirollus | Kyle Starkey | Loods | Luuk van Dijk | Mella Dee | Memphis LK | Ned Bennett | Luke Alessi | Jordan Brando | William Kiss | Osmosis Jones | Pretty Girl | Riordan | Saint Ludo | salute | Soul Mass Transit System | Stacie Fields | Supergloss | Tommy Holohan | Willo | Bella Backe | Callyy | Casual P | Couch Mechanic | DJ MACARONI | Elijah Something | GMOZ | Jacqui Cunningham | Lily FM | Mash (2) | Harley Ferris | Mimi J | PARTIGIRL | Sasha Milani | Sim Select | zacattacq,Glenworth Valley,Sydney,Australia,https://images.ra.co/7ea5261c8d409c341b715c39ed784a89a92a17db.jpg,"Sydney, Australia",-33.8698439,151.2082848,2026-07-29 00:29:15
Barry Can't Swim,Mode Festival,2026-10-04T00:00:00.000,/events/2552651,Barry Can't Swim | Interplanetary Criminal | Richie Hawtin | +1 (AU) | Alilia | anusha | Ash Lauryn | Avalon Emerson | Bella Claxton | Ben UFO | Call Super | D.Dan | Freddy K | fuchsia | GiGi FM | Harry Hayes | Hasvat Informant | Jun Wan | KSMBA | Memphis LK | Mikalah Watego | Ned Bennett | Obeido | Ogazón | Ron Trent | Storm Mollison | swim | TWIENA,Cockatoo Island,Sydney,Australia,https://cdn.sanity.io/images/6epsemdp/production/b7d83a32bba8e46b37bc22edd92ed71cef47b091-1920x1280.jpg?w=640&fit=clip&auto=format,"Sydney, Australia",-33.8698439,151.2082848,2026-10-07 03:13:37
BAVR,Love On Top Club with DJ SWISHA,2026-10-09T00:00:00.000,/events/2530885,DJ SWISHA | BAVR,Ampere,Antwerp,Belgium,https://images.ra.co/a1feb518a0fe453706d6a004698e1570833ac0f6.jpg,"Antwerp, Belgium",51.2211097,4.3997081,2026-09-08 02:13:37
BAVR,Listen Festival 2026,2026-11-21T00:00:00.000,/events/2305608,Adi | acidheaven | Amelia Holt | Casper | cyvira | Angel D'lite | Avalon Emerson | BAVR | DC Noises | Bibi Seck | Border One | Clara D | Dillinja | DJ Rino | Eclectic Elektra | Faisal | Francesco Del Garda | Virginia | Virginia | Virginia | Gabber Eleganza | Haumea | Hysope | Joe Delon | Jorkes | Kirollus | KŌMA (3) | Kode9 | Tim Reaper | Lauravioli | Lea Occhi | Antal | Lefto Early Bird | Lolalita | Lou Nour | Introspekt | Mala | Malo Z | MCR-T | Mikamayonnaise | Miss Bashful | Mike Servito | myu:sa | Nosedrip | Otis (BE) | NMSS | Running Hot | séa (BE) | Special Guest (US) | She The DJ | EG (1) | Sixsixsixties | Fais Le Beau | Stella K | Tiga | Suze Ijó | DTM Funk | tINI | TORI ANN | UNOS | Vers | PALA10 | Vuur | Zora Jones,TBA - Brussels,Brussels,Belgium,https://images.ra.co/fc85e8559efc000cc45c3cef3e06ec081d8f82b7.jpg,"Brussels, Belgium",50.8465573,4.351697,2026-09-11 02:01:35
Bella Claxton,Teletech Closing Party,2026-10-08T00:00:00.000,/events/2397459,Bella Claxton | Benwal | blk. | Winson | Clara Cuvé | Kyle Starkey | Paige Tomlinson | Morgan Seatree | Faster Horses | sim0ne | SPFDJ | EMILIJA | Vieze Asbak,Amnesia Ibiza,Ibiza,Spain,https://images.ra.co/f36fa0974df13233f503cc7a95e3eea57f1f5b41.jpg,"Ibiza, Spain",38.974390099999994,1.4197463178515335,2026-08-27 01:29:07
Bella Claxton,Mode Festival,2026-10-04T00:00:00.000,/events/2552651,Barry Can't Swim | Interplanetary Criminal | Richie Hawtin | +1 (AU) | Alilia | anusha | Ash Lauryn | Avalon Emerson | Bella Claxton | Ben UFO | Call Super | D.Dan | Freddy K | fuchsia | GiGi FM | Harry Hayes | Hasvat Informant | Jun Wan | KSMBA | Memphis LK | Mikalah Watego | Ned Bennett | Obeido | Ogazón | Ron Trent | Storm Mollison | swim | TWIENA,Cockatoo Island,Sydney,Australia,https://cdn.sanity.io/images/6epsemdp/production/b7d83a32bba8e46b37bc22edd92ed71cef47b091-1920x1280.jpg?w=640&fit=clip&auto=format,"Sydney, Australia",-33.8698439,151.2082848,2026-10-07 03:13:37
Bella Claxton,"FLUID x SWIM CLUB: KIM SWIM b2b Milion, Bella Claxton, DJ Physical, DR.G",2026-10-10T00:00:00.000,/events/2530934,KIM SWIM | Milion | Bella Claxton | DJ Physical | Dr. G,Virage,Paris,France,https://images.ra.co/e92956e25b34a928659a0042c33b800886dad0bb.png,"Paris, France",48.8588897,2.3200410217200766,2026-09-08 02:13:37
Bella Claxton,Skin On Skin,2026-10-17T00:00:00.000,/events/2480742,Skin On Skin | Bella Claxton | Faster Horses | Ben Prophet,NX Newcastle,Newcastle,United Kingdom,https://images.ra.co/4235e54c28270fa9debc5e31a57b7a1c9dc783a0.jpg,"Newcastle, United Kingdom",54.9738474,-1.6131572,2026-07-04 00:45:41
Bella Claxton,Audio Obscura ADE with Patrick Mason [B2B] SPFDJ & More,2026-10-22T00:00:00.000,/events/2475090,Patrick Mason | SPFDJ | Anetha | Mischluft | Bella Claxton | Tjade | Kara Okay | OLIVIA LENSEN | Schwesta P | Justin Jay | Julie Desire,RAWFACTORY,Amsterdam,Netherlands,https://images.ra.co/dd9c21ee6764af4cc38c1cae66554d894c49d415.jpg,"Amsterdam, Netherlands",52.3730796,4.8924534,2026-08-20 00:22:51
Bella Claxton,23 OCT - Friday Day with salute / Diffrent & Bella Claxton,2026-10-23T00:00:00.000,/events/2482113,Call Super | salute | Special Request | Diffrent | Faster Horses | LILLI & 4LOVE | Sophia Violet | OLIVIA LENSEN | Bella Claxton | Deborah Aime La Bagarre | Emma B | Mike Momburg | NewTone | Strath,Thuishaven,Amsterdam,Netherlands,https://images.ra.co/ecfbe8de6bbd59ceacd28a1b88d9dff1d46ce04c.jpg,"Amsterdam, Netherlands",52.3730796,4.8924534,2026-07-04 00:45:41
Bella Claxton,Intercell x Glitch | ADE By Night,2026-10-23T00:00:00.000,/events/2473368,Bella Claxton | Budg | DJ AYA | STÜM | LAMMER | MCR-T,H7 Warehouse,Amsterdam,Netherlands,https://images.ra.co/52dbb4a22ee289fe2b42ad567ddbf3b74f0aa708.jpg,"Amsterdam, Netherlands",52.3730796,4.8924534,2026-06-25 00:45:25
Bella Claxton,KETTAMA presents Steel City Dance Discs,2026-11-06T00:00:00.000,/events/2500628,Partiboi69 | DJ Gigola | KETTAMA | Skin On Skin | Sam Alfred | Riordan | Robbie Doherty | Juicy Romance | Loods | DJ Carpenter | Ewan McVicar | DJ Heartstring | Tommy Holohan | SALOME | X CLUB. | Bella Claxton | Evian Christ | Daria Kolosova | Clouds | Minna-no-Kimochi | seretide | Vault | Didi Han | DART | Ma Sha | SAIDAH,Depot Mayfield,Manchester,United Kingdom,https://images.ra.co/0f44eb74fcb5ecc52eee5b75b236cb423f8cf23d.png,"Manchester, United Kingdom",53.4794892,-2.2451148,2026-07-31 00:42:03
Bella Claxton,07/11 - LB aka LABAT curated tour with Bella Claxton & YENKOV,2026-11-07T00:00:00.000,/events/2542125,LB aka LABAT | Bella Claxton | YENKOV,Cabaret  Aléatoire,Marseille,France,https://images.ra.co/f9093e85364229498e92cfada7aa43df39d1eb26.png,"Marseille, France",43.2961743,5.3699525,2026-09-24 02:10:06
Bella Claxton,Bella Claxton + LAMMER + Tjade,2026-11-20T00:00:00.000,/events/2540560,Bella Claxton | LAMMER | Tjade,Colour Factory,London,United Kingdom,https://images.ra.co/ed92a2d3580f22a94c003bf93d744a29b435ba48.jpg,"London, United Kingdom",51.5074456,-0.1277653,2026-09-19 02:28:10
Bella Claxton,"WHP presents: XXL, Manchester",2026-11-28T00:00:00.000,/events/2521666,2FEL | 4000 Hz | Alex Farell | MXGN | Anetha | Azyr | Bella Claxton | Kyle Starkey | Darren Styles | DJ Bax | DJ SWISHERMAN | ENFAN | Faster Horses | HANAA | IceLipzz | KimberlaID | KIRSTY | KUKO | Laze | KIRARA | Lolalita | MCR-T | Nanna Makina | MC Tazo | Nyra | Paul Seul | Krampf | Pegassi | Restricted | Samuel Moriero (2) | Stinny Stone | Trym | Vieze Asbak | Onlynumbers | Vladimir Dubyshkin | Winson | Yanamaste | Yasmin Regisford,Depot Mayfield,Manchester,United Kingdom,https://images.ra.co/97d76cf6248b90d81d1496e3475d57364ea2fcb9.png,"Manchester, United Kingdom",53.4794892,-2.2451148,2026-09-03 02:14:48
Bella Claxton,Radar Festival Perth,2026-12-28T00:00:00.000,/events/2534055,AK SPORTS | Azyr | Bella Claxton | Boys Noize | Carla Martinez | Club Angel | DJ Seinfeld | Emma Moon | Faster Horses | Juicy Romance | Julian Fijma | Locky | Ned Bennett | Osmosis Jones | Partiboi69 | Riordan | salute | Sam Alfred | Soul Mass Transit System | southstar | Tommy Holohan,Langley Park,Perth,Australia,https://cdn.sanity.io/images/6epsemdp/production/b7d83a32bba8e46b37bc22edd92ed71cef47b091-1920x1280.jpg?w=640&fit=clip&auto=format,"Perth, Australia",-31.9558933,115.8605855,2026-09-11 02:01:35
Bella Claxton,Matakanarama 2026,2026-12-29T00:00:00.000,/events/2520389,AROHA | Bari | Bella Claxton | Christopher Tubbs | CLOVA | dj awesomechillguy25 | Flamingo Pier | Fletchy Boy | Foxtrot (2) | Gigi | Jousey | Juni | Kumi | Lady Shaka | Luca (4) | MESSIE | Misty | Pash | Porcelain | Yung Singh,Matakanarama Festival Site,Auckland,New Zealand,https://images.ra.co/184c666741d94225668d81b9967ab378681f8e74.jpg,"Auckland, New Zealand",-36.852095,174.7631803,2026-08-27 01:29:07
Bella Claxton,Radar Festival Brisbane,2027-01-02T00:00:00.000,/events/2534060,AK SPORTS | Bella Claxton | Boys Noize | Carla Martinez | Club Angel | DJ Seinfeld | Emma Moon | Faster Horses | Juicy Romance | Julian Fijma | Locky | Osmosis Jones | Partiboi69 | Riordan | salute | Sam Alfred | Soul Mass Transit System | southstar | Tommy Holohan,Superordinary,Brisbane,Australia,https://images.ra.co/1c6a678d844b2d149381777281d20ce6b8af6447.jpg,"Brisbane, Australia",-27.4689682,153.0234991,2026-09-11 02:01:35
Benwal,Teletech Closing Party,2026-10-08T00:00:00.000,/events/2397459,Bella Claxton | Benwal | blk. | Winson | Clara Cuvé | Kyle Starkey | Paige Tomlinson | Morgan Seatree | Faster Horses | sim0ne | SPFDJ | EMILIJA | Vieze Asbak,Amnesia Ibiza,Ibiza,Spain,https://images.ra.co/f36fa0974df13233f503cc7a95e3eea57f1f5b41.jpg,"Ibiza, Spain",38.974390099999994,1.4197463178515335,2026-08-27 01:29:07
Benwal,Shangri-La presents: Girls Don't Sync & Benwal,2026-10-10T00:00:00.000,/events/2498922,Girls Don't Sync | Benwal,Depot,Cardiff,United Kingdom,https://images.ra.co/cb0e43818ae5f8b23b1f1bc14adc28b0dfccb965.jpg,"Cardiff, United Kingdom",51.4816546,-3.1791934,2026-07-28 00:42:11
Benwal,Benwal b2b Helena Lauwaert (All Day Long),2026-10-16T00:00:00.000,/events/2514421,Benwal | Helena Lauwaert,De Flesjesfabriek,Ghent,Belgium,https://images.ra.co/7b151fa8bf032a7c6c2623656f49a7bfd22c40a7.jpg,"Ghent, Belgium",51.0538286,3.7250121,2026-08-18 00:23:39
Benwal,Percolate presents Benwal,2026-10-17T00:00:00.000,/events/2465016,Benwal | Osmaan,M.O.T,London,United Kingdom,https://images.ra.co/9fc81e7fa82ec9e09aa36d656d69fedba1929aaf.jpg,"London, United Kingdom",51.5074456,-0.1277653,2026-08-18 00:23:39
Benwal,GASHOUDER presents: Armin van Buuren & Benwal [Sold Out],2026-10-21T00:00:00.000,/events/2449895,Armin van Buuren | Benwal | IDEMI | Olive Anguz,GASHOUDER,Amsterdam,Netherlands,https://images.ra.co/237d00ac6ac0e2110a2418f236cf3697c9735c82.jpg,"Amsterdam, Netherlands",52.3730796,4.8924534,2026-08-05 00:42:06
Benwal,DGTL ADE Thursday,2026-10-22T00:00:00.000,/events/2474403,Benwal | DJ EZ | Dr Dubplate | Locky | Helena Lauwaert | LAMMER | Paige Tomlinson | MPH (1) | Olive Anguz,NDSM Scheepsbouwloods,Amsterdam,Netherlands,https://images.ra.co/d835b937efa2fd40ff8e110dc32e874087f2c2e1.png,"Amsterdam, Netherlands",52.3730796,4.8924534,2026-06-24 00:40:48
Benwal,Awakenings ADE - Sunday Sessions,2026-10-25T00:00:00.000,/events/2479118,Benwal | DJ Heartstring | DJ Gigola | Pegassi | Helena Lauwaert | southstar,Sugarfactory,Amsterdam,Netherlands,https://images.ra.co/a31949d7b761f063378670b56b06a30ee5d4fd1d.png,"Amsterdam, Netherlands",52.3730796,4.8924534,2026-09-19 02:28:10
Benwal,AFTERPARTY EXTENDED: Benwal B2B Olive Anguz / Gerardo Niva,2026-11-01T00:00:00.000,/events/2494386,Benwal | Olive Anguz | Gerardo Niva,Mondo,Madrid,Spain,https://images.ra.co/a781c31485d2eb2e812cd9f00dec0e9b69a14f64.jpg,"Madrid, Spain",40.4167047,-3.7035825,2026-07-23 00:41:14
Benwal,Benwal,2026-11-06T00:00:00.000,/events/2534697,Benwal,Club Vinyl,Denver,United States of America,https://images.ra.co/1acca506c2ef97a60123d23aff8f0d5f53376dd4.jpg,"Denver, United States of America",39.7392364,-104.984862,2026-09-11 02:01:35
Benwal,"Elsewhere presents: Benwal, Kyle Starkey, Paige Tomlinson, STÜM at 99 Scott",2026-11-07T00:00:00.000,/events/2542474,Benwal | Kyle Starkey | Paige Tomlinson | STÜM,99 Scott Ave,New York City,United States of America,https://images.ra.co/c13b90299c066dd60df54d5e8b077ea0e81bc3c2.jpg,"New York City, United States of America",40.7127281,-74.0060152,2026-10-04 03:24:38
Benwal,"Benwal, Diffrent, Kyle Starkey, Paige Tomlinson, STÜM, + b2b2b2b2b2b at Cermak Hall",2026-11-14T00:00:00.000,/events/2538201,Benwal | Diffrent | Kyle Starkey | Paige Tomlinson | STÜM,Radius,Chicago,United States of America,https://images.ra.co/ed055937d1c4e99d37071fec2fa0752b03cf6d78.jpg,"Chicago, United States of America",41.8755616,-87.6244212,2026-09-19 02:28:10
Benwal,Seismic Dance Event 9.0,2026-11-13T00:00:00.000,/events/2313311,1tbsp | Above & Beyond | Adam Sellouk | Benwal | bolo | Brunello | Brutalismus 3000 | Chris Liebing | Chris Lorenzo | Cole Knight | Conrad Taylor | Diffrent | Frederic. | HNTR | horsegiirL | Joss Dean | Kamino | KI/KI | Kyle Starkey | Layton Giordani | Luke Alessi | Maddix | Marco Strous | Marie Vaunt | Max Styler | MPH (1) | Notion | ØTTA | OZA | Paige Tomlinson | Porter Robinson | Sara Landry | SG Lewis | Smokey Bubblin' B | SPFDJ | STÜM | TOCCORORO | Volkoder | VTSS,The Concourse Project,Austin,United States of America,https://images.ra.co/663b8659af4646329c83dd7670cb58f2d1e50cb2.png,"Austin, United States of America",30.2711286,-97.7436995,2026-05-24 00:44:45
Benwal,Soenda Indoor Werkspoorkathedraal 2026,2026-11-21T00:00:00.000,/events/2474210,Benwal | Faster Horses | LAMMER | MALUGI | Olympe4000 | THELMA | SAIDAH | Schwesta P,Werkspoorkathedraal,All,Netherlands,https://images.ra.co/3687bfa05d96f212a0179ee896b06828f0e3f718.png,"Werkspoorkathedraal, Netherlands",52.1051377,5.0796795,2026-06-24 00:40:48
Benwal,Teletech London,2026-12-19T00:00:00.000,/events/2551802,Adrian Mills | Alex Farell | MXGN | Anetha | Benwal | Faster Horses | Clouds | HANAA | KIRSTY | Kobosil | Lolalita | MarcelDune | MCR-T | SPFDJ | NOVAH | Paul Seul | Laze | seretide | SLVL | Trym | Vivace (UK) | Yoshiko,DRUMSHEDS,London,United Kingdom,https://images.ra.co/74de7d65b1b255c9d556765900c78947772cd36c.png,"London, United Kingdom",51.5074456,-0.1277653,2026-10-07 03:13:37
Benwal,Wildlands Festival - Brisbane,2026-12-31T00:00:00.000,/events/2498640,Anetha | SPFDJ | Benwal | Kyle Starkey | Dean Turnley | Ewan McVicar | Frost Children | Funk Tribu | Hamdi | Hannah Laing | John Summit | KI/KI | Layton Giordani | Lens (2) | MPH (1) | Nia Archives | Oppidan | Overmono | Saint Ludo | Skepta | Yikes,Brisbane Showgrounds,Brisbane,Australia,https://images.ra.co/dd28e1fac02e3f60a136163ba8e21b09a57cced7.png,"Brisbane, Australia",-27.4689682,153.0234991,2026-07-31 00:42:03
Benwal,Lost Paradise 2026,2026-12-28T00:00:00.000,/events/2491206,John Summit | Skepta | KI/KI | Overmono | Armand Van Helden | Nia Archives | Ewan McVicar | Sam Alfred | Rossi | Partiboi69 | Benwal | Caleb Jackson | Chaos In The CBD | dameeeela | DART | Dean Turnley | DJ Seinfeld | Drifting Clouds | Flava D | Hamdi | Harry Hayes | Helena Lauwaert | Hot Dub Time Machine | Jamback | James Pepper | Baron Von Trax | Jayda G | Job Jobse | Kirollus | Kyle Starkey | Loods | Luuk van Dijk | Mella Dee | Memphis LK | Ned Bennett | Luke Alessi | Jordan Brando | William Kiss | Osmosis Jones | Pretty Girl | Riordan | Saint Ludo | salute | Soul Mass Transit System | Stacie Fields | Supergloss | Tommy Holohan | Willo | Bella Backe | Callyy | Casual P | Couch Mechanic | DJ MACARONI | Elijah Something | GMOZ | Jacqui Cunningham | Lily FM | Mash (2) | Harley Ferris | Mimi J | PARTIGIRL | Sasha Milani | Sim Select | zacattacq,Glenworth Valley,Sydney,Australia,https://images.ra.co/7ea5261c8d409c341b715c39ed784a89a92a17db.jpg,"Sydney, Australia",-33.8698439,151.2082848,2026-07-29 00:29:15
Benwal,Beyond The Valley,2026-12-28T00:00:00.000,/events/2499611,"Afrodisiac | After X | AKEYLAH | Anetha | Arielle Free | Armand Van Helden | bellxsxs | Benwal | BIIANCO | Boys Noize | Bryson Hill | Carla Martinez | Club Angel | DART | Dean Turnley | DJ PGZ | Eva Charley | Ewan McVicar | Faster Horses | Frost Children | Funk Tribu | Hamdi | Hannah Laing | Helena Lauwaert | Jackie Hollander | Jamback | Jayda G | Job Jobse | John Summit | Jordan Brando | Luuk van Dijk | JUPiTA | bbsanii | Kiara Friend | KI/KI | Kyle Starkey | Layton Giordani | Lex (GR) | Love, Jess | Mella Dee | Mia Koden | MPH (1) | Nia Archives | Nice Girl | nimino | Oppidan | oskar med k | Overmono | Renaessance | Riordan | Saint Ludo | salute | Skepta | Soul Mass Transit System | southstar | SPFDJ | THC | Tiff Cornish | Tommy Holohan | VANNA | WAXX OFF | WOLTERS | WVCHWY | X & Ivy",Barunah Plains,Victoria,Australia,https://images.ra.co/42ccb12d5c81c31dd033479caf74f8b29147e555.png,"Victoria, Australia",-36.5986096,144.6780052,2026-07-29 00:29:15
Benwal,Wildlands Festival - Perth,2027-01-02T00:00:00.000,/events/2498641,Anetha | SPFDJ | Benwal | Kyle Starkey | Dean Turnley | Ewan McVicar | Frost Children | Funk Tribu | Hamdi | Hannah Laing | John Summit | KI/KI | KT | Layton Giordani | Lens (2) | MPH (1) | Nia Archives | Oppidan | Overmono | Saint Ludo | Skepta | Yikes,Arena Joondalup,Perth,Australia,https://images.ra.co/a79c4b8061eaa4fecd59299a0c5b764e3c36c879.png,"Perth, Australia",-31.9558933,115.8605855,2026-07-31 00:42:03
Benwal,Intercell Klokgebouw 2027,2027-01-30T00:00:00.000,/events/2554320,bebe bad | Benny Rodrigues | Benwal | Sam Alfred | Camille Doe | Gabriel Muñoz | DJ Gigola | PETERBLUE | Dr Dubplate | LAMMER | Lisa Korver | Megra | THELMA | Milion | Ned Bennett | PHIA | SAIDAH | Silva Bumpa,Klokgebouw,Eindhoven,Netherlands,https://images.ra.co/87a2cfefd3dc518a9d0df69196a5f206f59cd256.jpg,"Eindhoven, Netherlands",51.4392648,5.478633,2026-10-07 03:13:37
Bibi Seck,Lola x Rinse FM ADE,2026-10-22T00:00:00.000,/events/2495676,Drabes | Julian Wijn | Milo Passier | Bellaire | Laura Meester | Midas Field | Bibi Seck | Lasse Top | Alec Dienaar,KIT Royal Tropical Institute,Amsterdam,Netherlands,https://images.ra.co/3ba8fbe6327b191a63c2a2da684e42b7d352faed.png,"Amsterdam, Netherlands",52.3730796,4.8924534,2026-07-23 00:41:14
Bibi Seck,"ADE:Rinse FM x Lola ft. Bellaire, Midas Field, Bibi Seck + more",2026-10-22T00:00:00.000,/events/2496769,Bellaire | Midas Field | Bibi Seck | Laura Meester | Alec Dienaar | Drabes | Julian Wijn | Lasse Top | Milo Passier,KIT Royal Tropical Institute,Amsterdam,Netherlands,https://images.ra.co/aab5eb398c376864a04103b23882c2827d731ae3.jpg,"Amsterdam, Netherlands",52.3730796,4.8924534,2026-07-28 00:42:11
Bibi Seck,Intercell Ghent,2026-11-11T00:00:00.000,/events/2528579,Ava Eva | Bibi Seck | Fafi Abdel Nour | Ned Bennett | Palms Trax | Sam Alfred,TBA - Ghent,Ghent,Belgium,https://images.ra.co/bef5f2d8c34cb40aba933f80a7a0f7f55385547c.jpg,"Ghent, Belgium",51.0538286,3.7250121,2026-09-04 02:15:44
Bibi Seck,Open Circle invites Chris Stassy ◯ Antwerp Expo,2026-11-13T00:00:00.000,/events/2505908,CHRIS STASSY | Bibi Seck | Marsolo | Arter,Antwerp Expo,Antwerp,Belgium,https://images.ra.co/25ac7c0c3f97ef5123c36e48b160af9376a7d164.jpg,"Antwerp, Belgium",51.2211097,4.3997081,2026-09-24 02:10:06
Bibi Seck,Listen Festival 2026,2026-11-21T00:00:00.000,/events/2305608,Adi | acidheaven | Amelia Holt | Casper | cyvira | Angel D'lite | Avalon Emerson | BAVR | DC Noises | Bibi Seck | Border One | Clara D | Dillinja | DJ Rino | Eclectic Elektra | Faisal | Francesco Del Garda | Virginia | Virginia | Virginia | Gabber Eleganza | Haumea | Hysope | Joe Delon | Jorkes | Kirollus | KŌMA (3) | Kode9 | Tim Reaper | Lauravioli | Lea Occhi | Antal | Lefto Early Bird | Lolalita | Lou Nour | Introspekt | Mala | Malo Z | MCR-T | Mikamayonnaise | Miss Bashful | Mike Servito | myu:sa | Nosedrip | Otis (BE) | NMSS | Running Hot | séa (BE) | Special Guest (US) | She The DJ | EG (1) | Sixsixsixties | Fais Le Beau | Stella K | Tiga | Suze Ijó | DTM Funk | tINI | TORI ANN | UNOS | Vers | PALA10 | Vuur | Zora Jones,TBA - Brussels,Brussels,Belgium,https://images.ra.co/fc85e8559efc000cc45c3cef3e06ec081d8f82b7.jpg,"Brussels, Belgium",50.8465573,4.351697,2026-09-11 02:01:35
Bibi Seck,A3 Festival 2026,2026-11-27T00:00:00.000,/events/2434541,"Andre Zimmer | ANNĒ | Ben Sterling | Bibi Seck | Blasha & Allatt | Bushbaby | DINA | DJ ALI | DJ Luv You | Ed Kent | Hannah D | Gumm | Hasvat Informant | Inafekt | IN2POL | IsGwan | JakoJako | Josh Heywood | Kerri Chandler | Lacchesi | Lewis Taylor | LF SYSTEM | Lucas Boston | Luke Alessi | Luke Dean_ | Max Dean | Mikalah Watego | Milion | Morgan Seatree | NewTone | Nina Kraviz | Olivia Mendez | Omar+ | Osmosis Jones | Philippa Pacho | Rene Wise | RONA. | SHDW | sim0ne | Skin On Skin | STÜM | THELMA | VTSS | AKEYLAH | dozie (uk) | B2BLOVE | Love, Jess | J-OK | Kailyn Crabbe | Shanti | SNAXX | STAFFY",Lardner Park,Melbourne,Australia,https://images.ra.co/510ad56d6b23c15e1a55038ef5fb9cd8d0f4b8df.jpg,"Melbourne, Australia",-37.8142454,144.9631732,2026-05-21 00:46:47
Bibi Seck,Cardume NYE 27,2026-12-26T00:00:00.000,/events/2488672,Bibi Seck | Dirty Channels | Dioun | Eli Iwasa | From House to Disco | Gabrielle Kwarteng | Leo Janeiro | Lucas Rios | Nana Kohat | Paula Tape | Paulete Lindacelva | Pedro Gariani | Processman | Roi Perez | simo not simon | Sedef Adasï | Trepanado | Vermelho | Zopelar,Canoa Quebrada Beach,All,Brazil,https://images.ra.co/41d20c1dd561df03e1a505c315a364878456f867.jpg,"Canoa Quebrada Beach, Brazil",-10.3333333,-53.2,2026-08-18 00:23:39
Bicep,Novel presents Bicep 1.11,2026-11-01T00:00:00.000,/events/2486262,Bicep | 1-800 GIRLS | Pretty Girl | LEXI (2),TBA - The Underpass,Melbourne,Australia,https://images.ra.co/da0ccba8fffa8dc969473f870572de828c482633.png,"Melbourne, Australia",-37.8142454,144.9631732,2026-08-13 00:30:26
Bicep,Novel presents Bicep 2.11,2026-11-02T00:00:00.000,/events/2490952,Bicep | 1-800 GIRLS | Pretty Girl | Angusand167others,TBA,Melbourne,Australia,https://images.ra.co/10e799cffc0a20dc2f73b8a9799f16bacb5d7555.png,"Melbourne, Australia",-37.8142454,144.9631732,2026-08-13 00:30:26
Black Coffee,CLOSING PARTY 2026,2026-10-09T00:00:00.000,/events/2512286,Adam Ten | Mita Gami | Black Coffee | Delilah | Maz (BR) | Antidot | Paco Osuna | The Martinez Brothers | Skepta | Gaskin | Laidlaw | Djammin | Ossie | Meeshy | The Menendez Brothers | LF SYSTEM | Melon Bomb | Edd (1) | Candidate | MiNNA,Hï Ibiza,Ibiza,Spain,https://images.ra.co/487df14ee720eaaa10f439cf812bb8d26dfa9bf9.jpg,"Ibiza, Spain",38.974390099999994,1.4197463178515335,2026-08-14 00:31:10
Black Coffee,Black Coffee,2026-10-17T00:00:00.000,/events/2442818,Black Coffee,Pacha New York,New York City,United States of America,https://images.ra.co/e6adbe25336a79d31925f9a5e6862a6af4fba3d7.jpg,"New York City, United States of America",40.7127281,-74.0060152,2026-07-08 00:38:20
Black Coffee,Black Coffee,2026-10-21T00:00:00.000,/events/2504026,Black Coffee,Ziggo Dome,Amsterdam,Netherlands,https://images.ra.co/48fbae198cbb121c44023cabc8f93ed038284361.jpg,"Amsterdam, Netherlands",52.3730796,4.8924534,2026-08-05 00:42:06
Black Coffee,Black Coffee ATX,2026-10-30T00:00:00.000,/events/2541610,Black Coffee,Carson Creek Ranch,Austin,United States of America,https://images.ra.co/8610094e94408ee7a0260cf4a77633299456d0c9.png,"Austin, United States of America",30.2711286,-97.7436995,2026-10-07 03:13:37
Black Coffee,Black Coffee EXCLUSIVE - Cape Town 18 December 2026,2026-12-18T00:00:00.000,/events/2543174,Black Coffee,Cabo Beach Club,Cape Town,South Africa,https://images.ra.co/d0722f790f503ac34e5cab0fd051e9625ac1d16e.png,"Cape Town, South Africa",-33.9288301,18.4172197,2026-09-24 02:10:06
Bonobo,Bonobo,2026-11-24T00:00:00.000,/events/2534767,Bonobo,First Avenue Mainroom,Minneapolis/St Paul,United States of America,https://images.ra.co/5af1835a95ce645b7ef0d0c72198bef19680a3d1.jpg,"Minneapolis/St Paul, United States of America",44.8780191,-93.2209281,2026-09-11 02:01:35
Bonobo,Bonobo (Live),2026-11-25T00:00:00.000,/events/2464439,Bonobo,Radius,Chicago,United States of America,https://images.ra.co/b1ec834da510f262cad13406c27bd34f9b09a492.jpg,"Chicago, United States of America",41.8755616,-87.6244212,2026-06-15 00:56:01
Bonobo,Bonobo,2026-12-04T00:00:00.000,/events/2538202,Bonobo,Union Transfer,Philadelphia,United States of America,https://images.ra.co/6e6f2a9338e1e042522a1e254c40a3c1b1540fec.jpg,"Philadelphia, United States of America",39.9527237,-75.1635262,2026-09-19 02:28:10
Bonobo,Bonobo (DJ Set),2026-12-05T00:00:00.000,/events/2552185,Bonobo | Anish Kumar,Knockdown Center,New York City,United States of America,https://images.ra.co/f432f22eb7bdadc33012a8729e56f278eba1a449.jpg,"New York City, United States of America",40.7127281,-74.0060152,2026-10-07 03:13:37
Bonobo,Bonobo,2027-03-11T00:00:00.000,/events/2538666,Bonobo,Uber Eats Music Hall,Berlin,Germany,https://images.ra.co/5cd8d28694f8bf4478d09f571024f9b6459e3500.jpg,"Berlin, Germany",52.510885,13.3989367,2026-09-19 02:28:10
bullet tooth,"fabric: Locklead, bullet tooth, A For Alpha, Papa Nugs, Burnski, Busted + more ",2026-10-09T00:00:00.000,/events/2476955,Locklead | bullet tooth | A For Alpha | Papa Nugs | Burnski | Jude Lenihan | j:me | Mya (1),fabric,London,United Kingdom,https://images.ra.co/82715378a7febf22f0f4369d8d80bea8022897c7.jpg,"London, United Kingdom",51.5074456,-0.1277653,2026-08-11 00:30:09
bullet tooth,Interplanetary Criminal presents,2026-10-10T00:00:00.000,/events/2425980,Anz | Bakey | bullet tooth | Camille Doe | Club Angel | DJ Cosworth | DJ Seinfeld | Dr Dubplate | Faster Horses | HAAi | Helena Lauwaert | Interplanetary Criminal | Joy Orbison | Jyoty | La La | Larishka | Lauren Lo Sung | Lewis Taylor | Main Phase | MALUGI | Notion | Oldboy | Osmosis Jones | Prozak (IRL) | Silva Bumpa | Skin On Skin,Depot Mayfield,Manchester,United Kingdom,https://images.ra.co/692ad66fdcdf315000394f628f7698c2219cde34.png,"Manchester, United Kingdom",53.4794892,-2.2451148,2026-05-30 00:47:00
bullet tooth,"CUE - Liverpool w. bullet tooth, Laidlaw",2026-10-17T00:00:00.000,/events/2485903,bullet tooth | Laidlaw | Dr Dubplate | Lucas Alexander,The Dome,Liverpool,United Kingdom,https://images.ra.co/f61e80c2f19765ef2cbba3af688ee94de9a45a06.jpg,"Liverpool, United Kingdom",53.4071991,-2.99168,2026-07-09 00:51:37
bullet tooth,Modern Funktion x Shelter,2026-10-21T00:00:00.000,/events/2495692,bullet tooth | Job de Jong | Laidlaw | Locklead | Marsolo | Phill de Janeiro | Benji King | Truly Madly | j:me | Jude Lenihan | Tom Da Silva | Mya (1),Shelter Amsterdam,Amsterdam,Netherlands,https://images.ra.co/8430bcb76731de9f1ff26333f59c6e11d5de23a1.jpg,"Amsterdam, Netherlands",52.3730796,4.8924534,2026-07-23 00:41:14
bullet tooth,PIV ADE - Ijland,2026-10-23T00:00:00.000,/events/2494128,Benny Rodrigues | bullet tooth | Caleb Jackson | Kepler | Kim April | Klaudie | Midas Field | Prunk | Retrouve,Ijland,Amsterdam,Netherlands,https://images.ra.co/cd8304b3e4aea94d1b9b9a662e7946113ddf3594.jpg,"Amsterdam, Netherlands",52.3730796,4.8924534,2026-07-23 00:41:14
bullet tooth,Home Again x Sound Metaphors x Basement Love Fundraiser,2026-10-24T00:00:00.000,/events/2518303,Bambounou | Black Loops | Blame Anthony | bullet tooth | Butterhands | Cinthie | Dan Shake | David Vunk | Doudou MD | Doppelgang | Duncan Thomas | Giammarco Orsini | LOVEFOXY | Merve | Natalie Robinson | PNNY | Simone de Kunovich | Sound Metaphors Djs | Thabo | Tiago Oudman | Tom Trago,TILLATEC,Amsterdam,Netherlands,https://images.ra.co/6a344071098f19f1357035fc4d44815d8a951938.jpg,"Amsterdam, Netherlands",52.3730796,4.8924534,2026-09-11 02:01:35
bullet tooth,A'DAM Toren ADE 2026,2026-10-21T00:00:00.000,/events/2403606,Ajuma | Aline Rocha | Anil Aras | bullet tooth | Carl Craig | CHEWCHEW | Cinthie | Dan Shake | David Penn | Demi Riquisimo | DJ Holographic | DJ Tennis | Dusky | Easttown | Ella Knight | Elliot Schooling | Emma 2000 | Ferreck Dawn | Franky Rizardo | Hot Since 82 | Hunee | Ian Pooley | Idriss D | Isaac Carter | Jamie Fielding | Job de Jong | Joëlla Jackson | Julian Anthony | Kamma | Kevin Saunderson | Kitty Amor | Kyle Hall | Laidlaw | Liam Palmer | Locklead | Low Steppa | Marsolo | Masalo | Mason Collective | Matthew Dear | Mousse T. | Obskur | Omar+ | Retromigration | ROOG | Ryan Elliott | Sedef Adasï | Stella Zekri | Suze Ijó | Truly Madly,A'DAM Toren,Amsterdam,Netherlands,https://images.ra.co/0f73a7606779c31605ca99ea4083fb9483510ec6.jpg,"Amsterdam, Netherlands",52.3730796,4.8924534,2026-07-04 00:45:41
bullet tooth,Shangri-La presents: bullet tooth,2026-10-30T00:00:00.000,/events/2511165,bullet tooth | Cam Stockman,Depot,Cardiff,United Kingdom,https://images.ra.co/adad7c297abef265d5c489f5831da4342076a2d0.jpg,"Cardiff, United Kingdom",51.4816546,-3.1791934,2026-08-13 00:30:26
bullet tooth,"Enzo Siragusa, Dr Banana, bullet tooth, PACH., LILI",2026-10-31T00:00:00.000,/events/2467194,Enzo Siragusa | Dr Banana | bullet tooth | PACH | LILI,NX Newcastle,Newcastle,United Kingdom,https://images.ra.co/81365487d3354124fbe7ae48638d16a887969813.jpg,"Newcastle, United Kingdom",54.9738474,-1.6131572,2026-06-24 00:40:48
bullet tooth,Kepler presents CONTACT HALLOWEEN,2026-10-31T00:00:00.000,/events/2542067,Kepler | Dr Dubplate | bullet tooth | Boss Priester | Emma 2000,Mint Warehouse,Leeds,United Kingdom,https://images.ra.co/4d46ed8dfd8cffce2e1736a0fef97a6fa63cb837.jpg,"Leeds, United Kingdom",53.7974185,-1.5437941,2026-09-24 02:10:06
bullet tooth,EDC Orlando,2026-11-06T00:00:00.000,/events/2523916,Alesso | Bou (UK) | Adventure Club | Prospa | Josh Baker | Brunello | Azzecca | Matthias (1) | bullet tooth | MALUGI | RAJE | ALVES (PT) | Max Dean | Dennis Cruz | Franky Rizardo | Miguelle | KinAhau | Mai iachetti | Monoky (2) | I Hate Models | Ian Asher | Esse | Deorro | Of The Trees | San Holo | KlangKuenstler | KI/KI | Boys Noize | Marlon Hoffstadt | Ultrathem,Tinker Field,Orlando,United States of America,https://images.ra.co/3c8ed75a450470b50e65ccdd8d3dcddde040a526.png,"Orlando, United States of America",28.5421218,-81.379045,2026-08-29 00:10:44
bullet tooth,"Interplanetary Criminal, bullet tooth, Cobrastrk",2026-11-07T00:00:00.000,/events/2534636,Interplanetary Criminal | bullet tooth | Cobrastrk,BERHTA,Washington DC,United States of America,https://images.ra.co/491e3ce2340a6a886a9a74b97f453531caa884c3.jpg,"Washington DC, United States of America",38.8950368,-77.0365427,2026-09-11 02:01:35
bullet tooth,Colette + CNTRL Pres. bullet tooth,2026-11-14T00:00:00.000,/events/2538254,bullet tooth | Faraz (UK),Club Colette,Birmingham,United Kingdom,https://images.ra.co/71790544176b1b3575bac63cca978b19bfbe8f43.jpg,"Birmingham, United Kingdom",52.4796992,-1.9026911,2026-09-19 02:28:10
bullet tooth,WHP presents: 20 Years of The Warehouse Project,2026-11-27T00:00:00.000,/events/2534976,Enzo Siragusa | Saoirse | Jamback | Marsolo | Luciano | Mella Dee | Rossi | Boss Priester | Cam Stockman | Emma 2000 | Locky | M-High | Obskur | Olive F | bullet tooth | j:me | Jude Lenihan | Jhobei | PACH | Marlie | Phill de Janeiro | Benji King | Sweely | HALFPINT | Jamie Fielding | Lily C-D | Nautica (NL) | Ranger Trucco,Depot Mayfield,Manchester,United Kingdom,https://images.ra.co/b0d028e84a284428e525cf0b02039a3bc2e7ce31.png,"Manchester, United Kingdom",53.4794892,-2.2451148,2026-09-12 02:05:18
Charlotte de Witte,TOP 100 DJS LIVE,2026-10-06T00:00:00.000,/events/2542862,Anastazja | Charlotte de Witte | Gordo (1) | Korolova | Vintage Culture,[UNVRS],Ibiza,Spain,https://images.ra.co/153f7ddf79b10258474ef66eb995135ab7f4ce00.jpg,"Ibiza, Spain",38.974390099999994,1.4197463178515335,2026-09-24 02:10:06
Charlotte de Witte,STARLIGHT FESTIVAL,2026-10-09T00:00:00.000,/events/2514960,Adriatique | Charlotte de Witte | Michael Bibi | Enrico Sangiuliano | Indira Paganotto | Pete Tong | Vintage Culture | WhoMadeWho | AWEN | Baset | BIIA | Charlie Sparks | Coco & Breezy,The Great Pyramids OF Giza,All,Egypt,https://images.ra.co/ad8f17573717ac697aaab094ed5b47c50eaa2fe8.jpg,"The Great Pyramids OF Giza, Egypt",26.2540493,29.2675469,2026-08-18 00:23:39
Charlotte de Witte,Charlotte de Witte at East End,2026-10-16T00:00:00.000,/events/2489932,Charlotte de Witte,Navy Pier,Chicago,United States of America,https://images.ra.co/714a8ec8eed2a2fd05f3665bf25535f0cc52c010.png,"Chicago, United States of America",41.8755616,-87.6244212,2026-07-15 00:36:18
Charlotte de Witte,III Points 2026,2026-10-16T00:00:00.000,/events/2428241,619! | 999999999 | AABEL | SIEGEL (2) | Adam Port | OMRI. | Ale Acosta | HAZÓN | ALEJO (US) | Alexx in Chainss | Aphex Twink | FORESEER | Artime | Mystic Bill | Ashley Venom | Souls Departed | B0YG1RL | Baby Jesus | CHAOS! | Bakke | Bassvictim | Beltran | Ben Sterling | Bill Patrick | Bort | Blood Orange | Bonita Applebumz | bozito | Gabo Escalona | Bricolage | DAY/DEM | Brunello | Rafael | Cami di Marzo | Charlotte de Witte | ChaseWest | Cloonee | Coffintexts | DJ Fuckoff | Cole Knight | Connan Mockasin | DJ D.Luxe | Daizy | Danny Brown | Danny Daze | DJ Godfather | Daphni | David Vunk | Dean Turnley | Deep Cleansing | DIFFER | DJ Harvey | DJ Ray (2) | EZ Dee | DJ SABI | GRUE5OME | DJ Three | Sister System | DomnRob | Dr. Rubinstein | Ultrathem | Duality (US) | gumthewrapper | Dude Skywalker | Eli Escobar | Jubilee | Elias Garcia | Mila Gama | eveava | JOVIGIBS | Extra Andrew | Mutant Pete | feph | Mr. Tron | Fiin | FiNE | FIUZA (MX) | Madison Kay | Floating Points | Flying Lotus | Four Tet | Generous B | Gio Elia | Meghan Lee | Grace Arribas | Marte | grant sabadash | Shir Miya | HAAi | Hamdi (UK) | Heidi Lawden | Honey Dijon | horsegiirL | Idriss D | Danyelino | Interplanetary Criminal | INVT | Ivy Lab | Jacques Greene | Jane Remover | Jason Rault | JBZ | Jeremy Ismael | Jinks | Romulo Del Castillo | Joanna Kuchta | Robyn Sin Love | Joss Dean | ¥ØU$UK€ ¥UK1MAT$U | Jump Source | Katie Ox | Nat Siriani | Kelela | KETTAMA | KI/KI | KinAhau | KUJO (US) | RARA (US) | Kumi | La BB | Lady Narcisse | Racci | Lotusoph | Julia Saturno | Loukeman | Lousy Lover | Lupreme | SANTO | Pezlo MD | Machine Girl | Maher Daniel | Malone | Mango | Marco Carola | Franky Rizardo | Marie Qrie | Viva Vidal | Marsolo | Mary Droppinz | Max Dean | Luke Dean_ | Max Styler | Vintage Culture | MEGUSTA | Miguel Clark | Naim Zarzour | Saraga | x3butterfly | Milo Ziro | Xilla | Monoky (2) | Moscoman | MPH (1) | Mr. Bitch | Natalia Roth | Max Stern | Nicholas G. Padilla | Nick León | Safety Trance | Nicole Gallamini | Nikita Green | Nii Tei | oma totem | True Vine | p1no | Trippie Hippie (US) | Patch+ | PAWSA | Peach | Shanti Celeste | phiphi | Winter Wrong | Pressure Point (US) | Berrakka | PROLETAR | Puma (US) | Purity Ring | R/V Calypso | RAJE | slugg | Rebolledo | Red Axes | Rello | Rimaye | Inbal | Roman Flügel | RUDE BOY (US) | SDRV | Sam Alfred | SATURNSARii | Suz | Sel.6 | serafitz | Seth Troxler | Shinobi | Silvie Loto | Ms. Mada | Sosa | Spice Crime | Violeta | Sunn O))) | Terence Tabeau | Tiffy Vera | Thunderpony | Tiga | Tokischa | Tricky | Uchi | Underworld | v1fro | vsyana | VTSS | Whitesquare | Will Buck | Taimur | Will Renuart | YHWH Nailgun | ZEP (NL),Mana Wynwood,Miami,United States of America,https://images.ra.co/6aa1f53c55107b226c4a2d93932f524848c0ba48.png,"Miami, United States of America",25.7741728,-80.19362,2026-08-20 00:22:51
Charlotte de Witte,Hallowfest at Fabrik with Charlotte de Witte,2026-10-31T00:00:00.000,/events/2494558,Charlotte de Witte | CESAR ALMENA | future.666 | Inox Traxx | Nastia | Nuke | Supergloss | In Verruf | Svetec | Anthony Godfather (2) | Dany Gómez | Darius Syrossian | Detlef | Joey Daniel | Seb Zito,Fabrik,Madrid,Spain,https://images.ra.co/b1a246d4686f0aed3dd400d59a81854ebd806201.png,"Madrid, Spain",40.4167047,-3.7035825,2026-08-19 00:24:10
Charlotte de Witte,Charlotte de Witte,2026-11-01T00:00:00.000,/events/2475595,Charlotte de Witte,Ironworks,London,United Kingdom,https://images.ra.co/2c7d82d95c4f7377332c128480bfc748e929a7ff.jpg,"London, United Kingdom",51.5074456,-0.1277653,2026-10-07 03:13:37
Charlotte de Witte,"Hugel, FISHER, Sven Väth - Creamfields Argentina - ALLMusicParties",2026-11-14T00:00:00.000,/events/2528105,Âme | Ana Hagen | Anfisa Letyago | Charlotte de Witte | Djs Pareja | Enrico Sangiuliano | Faithless | FISHER | Hugel | Innellea | Kevin Di Serna | Kolsch | Loïc | Luis Nieva | Lulú Matheou | Mabel | Manu Oubiña | Mar Monzon | Martin Huergo | Miguel Silver | Momo Trosman | Nic Fanciulli | Pabels | SOSA (UK) | Sven Vath | The Blessed Madonna,"TBA - Parque de la Ciudad, CABA",Buenos Aires,Argentina,https://images.ra.co/c8457fc70db1d8d29201d0ca11ef60865699d439.png,"Buenos Aires, Argentina",-34.6083696,-58.4440583,2026-09-04 02:15:44
Charlotte de Witte,Creamfields Chile 2026,2026-11-14T00:00:00.000,/events/2532239,Calvin Harris | Boris Brejcha | Charlotte de Witte | FISHER | Hardwell | Hugel | Aaron Hibell | Âme | Anfisa Letyago | Azyr | Bass Modulators | Bassjackers | The Blessed Madonna | Brennan Heart | Bruno Martini | Charlie Sparks | Clara Cuvé | Cristobal Pesce | Don Diablo | Emily Nash | Enrico Sangiuliano | Faithless | Innellea | Jonas Blue | Kolsch | LP Giobbi | Morten | Nic Fanciulli | Sosa | Yanamaste,Club Hípico de Santiago,Santiago,Chile,https://images.ra.co/7224f97837b25c11439090a65e5267bf9abb60d9.png,"Santiago, Chile",-33.4377756,-70.6504502,2026-09-11 02:01:35
Charlotte de Witte,Polaris Festival 2026,2026-11-20T00:00:00.000,/events/2542748,Armand Van Helden | Carl Craig | Charlotte de Witte | Chris Liebing | Deetron | Dixon | DJ Deep | Flo Real | Horse Meat Disco | Inox Traxx | Jayda G | Jimi Jules | Juli Lee | Khadija (DE) | Kirollus | Laolu | Lloyd Nwagboso | Mike Banks | A Guy Called Gerald | meera | Moodymann | Move D | Prosumer | Reznik | St Germain | UFO95 | Yasmin,Verbier,All,Switzerland,https://images.ra.co/2d857f66ab7c7fb7657a7b12c9234435dec68f4f.png,"Verbier, Switzerland",46.0961011,7.2286765,2026-09-24 02:10:06
Charlotte de Witte,Warehouse - Charlotte de Witte,2026-11-28T00:00:00.000,/events/2539912,Charlotte de Witte,TBA,Zurich,Switzerland,https://images.ra.co/5195af5e243c5b11517c4f3633f41cec8845e5d8.png,"Zurich, Switzerland",47.3744489,8.5410422,2026-09-19 02:28:10
Charlotte de Witte,Techniques 2026 with Charlotte de Witte,2026-12-05T00:00:00.000,/events/2554370,Charlotte de Witte,Telekom Center Athens,Athens,Greece,https://images.ra.co/134b71e0e93a83c43a050d6942a46b1478f433ac.png,"Athens, Greece",37.9755648,23.7348324,2026-10-07 03:13:37
Charlotte de Witte,Charlotte de Witte - Australia 2026,2026-12-11T00:00:00.000,/events/2552287,Charlotte de Witte,The Wool Store,Melbourne,Australia,https://images.ra.co/d4d5da1fa2a60d11a50791fab8f043757d4ca25f.png,"Melbourne, Australia",-37.8142454,144.9631732,2026-10-04 03:24:38
Charlotte de Witte,Charlotte de Witte - Australia 2026,2026-12-12T00:00:00.000,/events/2552289,Charlotte de Witte,Hordern Pavilion,Sydney,Australia,https://images.ra.co/d2ec4d657fbdc76ba0774db3c645a6d99ac175d2.png,"Sydney, Australia",-33.8698439,151.2082848,2026-10-04 03:24:38
Charlotte de Witte,EDC Thailand 2026,2026-12-18T00:00:00.000,/events/2466189,Charlotte de Witte | DJ Snake | Dom Dolla | Above & Beyond | Martin Garrix | Vintage Culture | I Hate Models | Miss Monique | &friends,TBA - Rhythm Park,All,Thailand,https://images.ra.co/486a6c410a226a9099c5d22d3a2c2c24df45c56e.png,"TBA - Rhythm Park, Thailand",14.8971921,100.83273,2026-06-15 00:56:01
Chloé Caillet,LOOP with Fatboy Slim,2026-10-10T00:00:00.000,/events/2495405,Fatboy Slim | Layo & Bushwacka! | Chloé Caillet | Patrick Topping | Alex Clap | Raul Ortiz | Hector Couto | Rafa Barrios | Carlos Chaparro,Fabrik,Madrid,Spain,https://images.ra.co/94803ef13973a4d4d69440982d8464900b6f278b.jpg,"Madrid, Spain",40.4167047,-3.7035825,2026-08-20 00:22:51
Chloé Caillet,Polifonic & SMIILE ADE 2026,2026-10-22T00:00:00.000,/events/2491520,Call Super | Katia Curie | Chloé Caillet | Roi Perez | Craig Richards | Luna Ludmila | Gizem | Jen Cardini | Aldonna | Pascal Moscheni | Ferrari | Reptant,Klaproos,Amsterdam,Netherlands,https://images.ra.co/fd58ac28a038580e0dc18b50b81778a78482e99c.png,"Amsterdam, Netherlands",52.3730796,4.8924534,2026-09-03 02:14:48
Chloé Caillet,CLUB.RECORD - The Loft [SOLD OUT],2026-10-23T00:00:00.000,/events/2466456,Chloé Caillet | D Stone | Naomi (Berlin) | Ryan Elliott,The Loft Amsterdam,Amsterdam,Netherlands,https://images.ra.co/137eff54cb0a166c4d2a494db2ad84ee6a7d4bec.png,"Amsterdam, Netherlands",52.3730796,4.8924534,2026-08-27 01:29:07
Chloé Caillet,Intercell Bajes ADE Closing,2026-10-25T00:00:00.000,/events/2473398,Chlär | Ignez | Nørbak | Temudo | Ogazón | Valody | Aldonna | Fafi Abdel Nour | BASHKKA | Chloé Caillet | D Stone,Bajes Amsterdam,Amsterdam,Netherlands,https://images.ra.co/dc4dfcafb791efe60bc7ee334119afc777d59b0e.png,"Amsterdam, Netherlands",52.3730796,4.8924534,2026-06-25 00:45:25
Chloé Caillet,Hocus Pocus 2026 ,2026-10-30T00:00:00.000,/events/2487710,ALISHA | Âme | ANNĒ | Apollonia | Arina Krondeva | ATRIP | Azzecca | Baauer | Berrakka | Bushbaby | Caleb Jackson | Cami di Marzo | camoufly | Cassian | Chase & Status | ChaseWest | Chloé Caillet | Cole Knight | Conducta | Danny Daze | Darco | DAX J | DJ BORING | DJ Seinfeld | Effy | Elad | Eli Escobar | Eric Prydz | Franky Rizardo | Chlär | Alarico | Generous B | Gorgon City | Hudson Mohawke | Inbal | Indira Paganotto | Jamie Jones | Jayda G | Jean Pierre | Jordan Brando | Joseph Capriati | Julya Karma | Kerri Chandler | Kevin Saunderson | Kiddo | Layton Giordani | Mall Grab | MALUGI | Marcel Dettmann | Marco Strous | Marte | Mary Droppinz | Matthew Dear | Meduza | Monoky (2) | Nicole Gallamini | Nora En Pure | Prospa | Purple Disco Machine | Quest | RAJE | Rooléh | RSquared | Salomé Le Chat | salute | Seth Troxler | Shir Miya | SIEGEL (2) | Sinopoli | Skream | SLAMM | slugg | Sol Ortega | Somewhen | Souls Departed | Special Request | The Chronics | Todd Edwards | Vitess | Will Renuart | William Kiss | X CLUB. | X-Coast | Yamagucci | Yanamaste,Factory Town,Miami,United States of America,https://images.ra.co/2da74af63ba8ed4198a16bf3f7c9c048b252b0bf.png,"Miami, United States of America",25.7741728,-80.19362,2026-08-07 01:25:24
Chloé Caillet,KLAV PRES. Chloé Caillet & LUKE ALESSI,2026-11-06T00:00:00.000,/events/2527627,Chloé Caillet | EllA | Bermani | Mar Monzon,Deseo BS AS,Buenos Aires,Argentina,https://images.ra.co/a4a9c5997d5be03dad9a5387a0a5453c8b667555.png,"Buenos Aires, Argentina",-34.6083696,-58.4440583,2026-09-03 02:14:48
Chloé Caillet,FuturFestival Mexico,2026-11-13T00:00:00.000,/events/2527381,AAAA | Adiel | Quest | Airrica | Yulia Niko | ANNA | Deer Jade | Cabizbajo | Carl Craig | Carlita | Chloé Caillet | Cloonee | Colossio | Damian Lazarus | Dennis Cruz | DJ Tennis | Diplo | Dixon | DJ Holographic | Echonomist | FJAAK | Francis Mercier | Mahmut Orhan | Iñigo Vontier | PAURRO | Jackson | Lilya Mandre | Kawas | KI/KI | Lilly Palmer | Maceo Plex | Tiga | Marie Montexier | Massano | Volkoder | Metrika | OMRI. | Opuntia | Paco Osuna | Rafael (IS) | Skream | Tripolism | Vintage Culture | YOUniverse | Marcel Dettmann,Parque Fundidora,Monterrey,Mexico,https://images.ra.co/e004b39105813418fdd0d4ce8b17547aef578d70.png,"Monterrey, Mexico",25.6802019,-100.315258,2026-09-03 02:14:48
Chloé Caillet,Factory Basel,2026-12-02T00:00:00.000,/events/2551502,Aline Umber | Ammo Avenue | ANNĒ | Annie Lew | Bastian Bux | Beltran | Ben Sterling | Broodoo Ramses | Cam Stockman | Carlita | ChaseWest | Chlär | Chloé Caillet | Chris Lake | Coffintexts | D.Dan | Dennis Ferrer | Dixon | DJ Holographic | DJ Minx | DJ TOOL | Eats Everything | Ferra Black | FLETCH | Franky Rizardo | GENNARO | Gordo | HAAi | HALFPINT | HoneyLuv | Jamback | Jay de Lys | Jesse Perez | Jimi Jules | Jubilee | Julian Fijma | Jyoty | Krol | Luciano | Luke Dean_ | Mai iachetti | Make A Dance | Malone | Mason Collective | Max Dean | Maxi Meraki | Miguelle | TONS | Mike Servito | Moorhaus | Omar+ | OMRI. | Paco Osuna | Palms Trax | Paula Tape | PAWSA | Pressure Point | Prospa | Rafael | Rampa | Rony Seikaly | Rossi | salute | Sedef Adasï | Seth Troxler | SHDW | Sister System | Solomun | TEED | The Martinez Brothers | Tommy Phillips | UNiiQU3 | Zack Fox,Factory Town,Miami,United States of America,https://images.ra.co/c3d316d5007712c67793ac156fb8de95bcb33ed3.jpg,"Miami, United States of America",25.7741728,-80.19362,2026-10-04 03:24:38
Chloé Caillet,WHP26 /// 20 Years of The Warehouse Project - Part 2,2026-12-19T00:00:00.000,/events/2554590,Carl Cox | CHRIS STASSY | Seth Troxler | Chloé Caillet | 2ManyDJs | Delilah | Jordan Villa | Mall Grab | Ewan McVicar | Effy (DE) | Krystal Klear | Dan Shake | Ella Knight | Gina Breeze | Dr Banana | Call Super | Ryan Elliott | Katia Curie | Papa Nugs | Eich | Spinelli | Vault | Dusky | George FitzGerald | Krysko | Greg Lord | Jasper James | Aletha,Depot Mayfield,Manchester,United Kingdom,https://images.ra.co/24c9b6e0f8b2dd455add403201d10834110b0d74.jpg,"Manchester, United Kingdom",53.4794892,-2.2451148,2026-10-07 03:13:37
Chris Stussy,CHRIS STASSY presents USS (Manchester),2026-10-09T00:00:00.000,/events/2532971,CHRIS STASSY | Melody RA+RE | Pancratio | Peach,Aviva Studios,Manchester,United Kingdom,https://images.ra.co/3f2d35104ade239d65cc3c24e69689e2cd8530cf.jpg,"Manchester, United Kingdom",53.4794892,-2.2451148,2026-09-19 02:28:10
Chris Stussy,CHRIS STASSY presents USS (Manchester),2026-10-10T00:00:00.000,/events/2481612,CHRIS STASSY | Laidlaw | Matisa | Moxie | Locklead,Aviva Studios,Manchester,United Kingdom,https://images.ra.co/efe50767d83a07720af828f49ea86aad2bd20c05.jpg,"Manchester, United Kingdom",53.4794892,-2.2451148,2026-09-19 02:28:10
Chris Stussy,Chris Stassy pres. by Bootshaus,2026-10-16T00:00:00.000,/events/2454644,CHRIS STASSY | Matisa | PERFECT TIMING | Fabrice (2) | Arado,Bootshaus,Cologne,Germany,https://images.ra.co/398297582394cb6afcdfef00d7456dc631fb7209.jpg,"Cologne, Germany",50.938361,6.959974,2026-09-29 03:15:00
Chris Stussy,Jackies Lisboa House Music Festival 2026 with Chris Stassy,2026-10-17T00:00:00.000,/events/2375157,CHRIS STASSY | DESIREE (RSA) | Dan Shake | Bridge (NY) | Piem,Pavilhão Carlos Lopes,Lisbon,Portugal,https://images.ra.co/ee097393185c7225f878f11cf555d1664070e64d.jpg,"Lisbon, Portugal",38.7077507,-9.1365919,2026-08-20 00:22:51
Chris Stussy,No Art ADE Festival 2026,2026-10-24T00:00:00.000,/events/2463250,ANOTR | CHRIS STASSY | HALFPINT | Job Jobse | Rooléh | Saoirse | Alci | Aline Umber | Brunello | Hannecart | Hunee | Mateo Dufour | Moxie,Taets Art & Event Park,Amsterdam,Netherlands,https://images.ra.co/73085d4b9c2b045734d600d5b405fff5957167c3.jpg,"Amsterdam, Netherlands",52.3730796,4.8924534,2026-08-22 00:24:03
Chris Stussy,Chris Stassy (Extended Set),2026-10-29T00:00:00.000,/events/2495970,CHRIS STASSY,The Concourse Project,Austin,United States of America,https://images.ra.co/b165a2911bede7a0e8b3975c971292704c5e38c0.png,"Austin, United States of America",30.2711286,-97.7436995,2026-08-20 00:22:51
Chris Stussy,LED presents Chris Stassy,2026-10-31T00:00:00.000,/events/2517161,CHRIS STASSY,Gallagher Square,San Diego,United States of America,https://images.ra.co/4b10a11a007b2ffcf67eb245943ea965f66f008d.jpg,"San Diego, United States of America",32.7174202,-117.162772,2026-08-20 00:22:51
Chris Stussy,Brunch Electronik Madrid x BSMT LIVE 08.11 - CHRIS STASSY,2026-11-08T00:00:00.000,/events/2549673,CHRIS STASSY | DJ Tennis | DLOU,The Lenovo Garage,Madrid,Spain,https://images.ra.co/0d5581ac31aab16564cb52b03d83dedc73f9b6ce.jpg,"Madrid, Spain",40.4167047,-3.7035825,2026-10-01 03:03:35
Chris Stussy,Open Circle invites Chris Stassy ◯ Antwerp Expo,2026-11-13T00:00:00.000,/events/2505908,CHRIS STASSY | Bibi Seck | Marsolo | Arter,Antwerp Expo,Antwerp,Belgium,https://images.ra.co/25ac7c0c3f97ef5123c36e48b160af9376a7d164.jpg,"Antwerp, Belgium",51.2211097,4.3997081,2026-09-24 02:10:06
Chris Stussy,Circus presents Chris Stassy Sun 22nd Nov Liverpool,2026-11-22T00:00:00.000,/events/2492233,CHRIS STASSY | Traumer | Jhobei | Marlie,Blackstone Street Warehouse,Liverpool,United Kingdom,https://images.ra.co/0ac807919ac6e9264d5b9ad6b135b4dff74be3c7.jpg,"Liverpool, United Kingdom",53.4071991,-2.99168,2026-08-21 00:22:24
Chris Stussy,GASHOUDER: Chris Stassy presents USS [Sold Out],2026-11-28T00:00:00.000,/events/2525055,CHRIS STASSY,GASHOUDER,Amsterdam,Netherlands,https://images.ra.co/8a4d7079310d9655116ae5a1871448d5cbb6bef1.jpg,"Amsterdam, Netherlands",52.3730796,4.8924534,2026-09-08 02:13:37
Chris Stussy,CHRIS STASSY - LONDON WEEKENDER - fabric,2026-12-05T00:00:00.000,/events/2542835,CHRIS STASSY,fabric,London,United Kingdom,https://images.ra.co/e4fcb7488c571743427e096a82f09061ff929075.jpg,"London, United Kingdom",51.5074456,-0.1277653,2026-09-29 03:15:00
Chris Stussy,[SOLD OUT] CHRIS STASSY – LONDON WEEKENDER - Phonox,2026-12-05T00:00:00.000,/events/2531168,CHRIS STASSY,Phonox,London,United Kingdom,https://images.ra.co/318ceadfe2fc39be1c123cf35e0c9a9a42ab9fa8.jpg,"London, United Kingdom",51.5074456,-0.1277653,2026-09-29 03:15:00
Chris Stussy,[SOLD OUT] CHRIS STASSY - LONDON WEEKENDER - The Cause,2026-12-06T00:00:00.000,/events/2536650,CHRIS STASSY,The Cause,London,United Kingdom,https://images.ra.co/1691c9e2c9ceee55410be8c7efc96cd803e78b4d.jpg,"London, United Kingdom",51.5074456,-0.1277653,2026-09-29 03:15:00
Chris Stussy,Chris Stassy,2026-12-18T00:00:00.000,/events/2526618,CHRIS STASSY,Kaufleuten,Zurich,Switzerland,https://images.ra.co/bf9293fa89875e441a0fb60e084688a997b1bf71.jpg,"Zurich, Switzerland",47.3744489,8.5410422,2026-09-03 02:14:48
Chris Stussy,WHP26 /// 20 Years of The Warehouse Project - Part 2,2026-12-19T00:00:00.000,/events/2554590,Carl Cox | CHRIS STASSY | Seth Troxler | Chloé Caillet | 2ManyDJs | Delilah | Jordan Villa | Mall Grab | Ewan McVicar | Effy (DE) | Krystal Klear | Dan Shake | Ella Knight | Gina Breeze | Dr Banana | Call Super | Ryan Elliott | Katia Curie | Papa Nugs | Eich | Spinelli | Vault | Dusky | George FitzGerald | Krysko | Greg Lord | Jasper James | Aletha,Depot Mayfield,Manchester,United Kingdom,https://images.ra.co/24c9b6e0f8b2dd455add403201d10834110b0d74.jpg,"Manchester, United Kingdom",53.4794892,-2.2451148,2026-10-07 03:13:37
Chris Stussy,"Chris Stassy - La Fábrica, Córdoba - ALLMusicParties",2027-01-08T00:00:00.000,/events/2529664,CHRIS STASSY,"TBA - La Fabrica, Cordoba",All,Argentina,https://images.ra.co/a550927d370067b8c9a234e942f0909ce57ae630.jpg,"TBA - La Fabrica, Cordoba, Argentina",-34.9964963,-64.9672817,2026-09-08 02:13:37
Claptone,AFTER 2049 presents: Claptone & Crusy,2026-10-09T00:00:00.000,/events/2530634,Claptone | Crusy | ANONM | Leon | Milam | Mo-Shi,Marina Bay Sands,All,Singapore,https://images.ra.co/10594edf589f4ce4177ee402261174db5bf6ac62.png,"Marina Bay Sands, Singapore",1.2836965,103.8607226,2026-09-08 02:13:37
Claptone,Claptone - HAFLE EVENTS,2026-10-09T00:00:00.000,/events/2540178,Claptone,Mi Pueblito Afroantillano,All,Panama,https://images.ra.co/2483e1930254e4b7254ec030d497b0b9e4670a6b.png,"Mi Pueblito Afroantillano, Panama",8.559559,-81.1308434,2026-09-19 02:28:10
Claptone,ELROW XXL,2026-10-10T00:00:00.000,/events/2554873,Armand Van Helden | Claptone | Chelina Manuhutu | Tini Gessler | Chinonegro | Easttown | Lee Foss | Anabel Englund | Peace Control | Soraya ☆,TBA - Lurin live,All,Peru,https://images.ra.co/0568aa6e3b7734cd9e4a922547adb9343a6805de.png,"TBA - Lurin live, Peru",-6.8699697,-75.0458515,2026-10-07 03:13:37
Claptone,"The Masquerade Closing: Claptone, Franky Wah, Crusy, Andrea Lane B2B Dario Nunez",2026-10-11T00:00:00.000,/events/2433913,Claptone | Franky Wah | Crusy,Chinois Ibiza,Ibiza,Spain,https://images.ra.co/a3aa2becf46f6f4cd43fe88632618e7a02658424.png,"Ibiza, Spain",38.974390099999994,1.4197463178515335,2026-09-27 02:32:55
Claptone,Jackies Open Air Halloween [Balla Barcelona Festival],2026-10-31T00:00:00.000,/events/2489761,Claptone | Matisa | Mr. Belt & Wezol | Paul Reynolds | Piem | Ross From Friends,Parc del Fòrum,Barcelona,Spain,https://images.ra.co/4ac58c0fd2e07c3669cdbedd35282088abf11177.png,"Barcelona, Spain",41.3828939,2.1774322,2026-09-08 02:13:37
Claptone,"Space of Sound with Claptone, Djammin",2026-11-07T00:00:00.000,/events/2525946,Claptone | Djammin,LAB theCLUB,Madrid,Spain,https://images.ra.co/007f3fcbf9b97069fb5cef4f6cec2634ae0da3df.png,"Madrid, Spain",40.4167047,-3.7035825,2026-09-19 02:28:10
Claptone,We Call it Dance Weekender,2026-11-06T00:00:00.000,/events/2444391,Sigma | Claptone | Hannah Wants | Low Steppa | Grant Nelson | Ferry Corsten | Rob Tissera | Ferreck Dawn | Ridney | Artful Dodger | Jess Bays | Carly Wilford | K-Klass,Butlin's Skegness Resort,Midlands,United Kingdom,https://images.ra.co/d578812edd2a0fb25acd92fbf7b8edff62ce7113.jpg,"Midlands, United Kingdom",52.505432,-1.9646781758425385,2026-06-17 00:52:18
Claptone,KOKO Electronic: Claptone,2026-11-14T00:00:00.000,/events/2544936,Claptone | Crusy | Will Silver,KOKO,London,United Kingdom,https://images.ra.co/b59798f45e890f9781ea22c76efcda91588d30fa.png,"London, United Kingdom",51.5074456,-0.1277653,2026-09-27 02:32:55
Claptone,Dangerous Goods XXL Festival - Perth 2027,2027-01-15T00:00:00.000,/events/2517328,Boris Brejcha | Claptone | Darude | Adam Bartas | ASLO | Nik Kastel | Paraçek | Samuel Moriero (2),Arena Joondalup,Perth,Australia,https://images.ra.co/de1521f54182cd7f862a0bf45106a8971c609482.png,"Perth, Australia",-31.9558933,115.8605855,2026-08-21 00:22:24
Claptone,Dangerous Goods XXL Festival - Sydney 2027,2027-01-16T00:00:00.000,/events/2517331,Boris Brejcha | Claptone | Darude | Adam Bartas | ASLO | EFESIAN | KAYA (AU) | Nik Kastel | Paraçek | Samuel Moriero (2),Sydney Showgrounds,Sydney,Australia,https://images.ra.co/bbc69b21ee1e8c4eb4bf0ccdde8e7cdeebb450e8.png,"Sydney, Australia",-33.8698439,151.2082848,2026-08-21 00:22:24
Claptone,Dangerous Goods XXL Festival - Brisbane 2027,2027-01-22T00:00:00.000,/events/2517336,Boris Brejcha | Claptone | Darude | Holy Priest | Adam Bartas | ASLO | Little Fritter | Nik Kastel | Paraçek | Samuel Moriero (2),Eatons Hill Hotel and Function Centre,Brisbane,Australia,https://images.ra.co/1d38e018806351bc8a24972de38e5baab8fe34ad.png,"Brisbane, Australia",-27.4689682,153.0234991,2026-08-21 00:22:24
Claptone,Dangerous Goods XXL Festival - Melbourne 2027,2027-01-23T00:00:00.000,/events/2517341,Boris Brejcha | Claptone | Darude | Holy Priest | Adam Bartas | ASLO | Nik Kastel | Paraçek | Samuel Moriero (2),Melbourne Showgrounds,Melbourne,Australia,https://images.ra.co/95981b85c6735bcdfefc5bbdd671e34e0caf8577.png,"Melbourne, Australia",-37.8142454,144.9631732,2026-08-21 00:22:24
Claptone,"SXM Festival 10TH YEAR ANNIVERSARY - MARCH 17-21, 2027",2027-03-17T00:00:00.000,/events/2419838,Bob Sinclar | Brunello | Chelina Manuhutu | Claptone | Deer Jade | Dennis Cruz | Dombresky | Franky Rizardo | Guy Gerber | Hilel Lev | Jackie Hollander | Julia Sandstorm | Linska | Malive | Matt Sassari | Max Styler | Meduza | Patrick Topping | PAUZA | Sasha | Sistek | Tini Gessler | Tom & Collins | Tony Romera,Happy Bay Beach,All,Saint Martin,https://cdn.sanity.io/images/6epsemdp/production/b7d83a32bba8e46b37bc22edd92ed71cef47b091-1920x1280.jpg?w=640&fit=clip&auto=format,"Happy Bay Beach, Saint Martin",18.0996205,-63.0722051,2026-09-24 02:10:06
Club Angel,Interplanetary Criminal presents,2026-10-10T00:00:00.000,/events/2425980,Anz | Bakey | bullet tooth | Camille Doe | Club Angel | DJ Cosworth | DJ Seinfeld | Dr Dubplate | Faster Horses | HAAi | Helena Lauwaert | Interplanetary Criminal | Joy Orbison | Jyoty | La La | Larishka | Lauren Lo Sung | Lewis Taylor | Main Phase | MALUGI | Notion | Oldboy | Osmosis Jones | Prozak (IRL) | Silva Bumpa | Skin On Skin,Depot Mayfield,Manchester,United Kingdom,https://images.ra.co/692ad66fdcdf315000394f628f7698c2219cde34.png,"Manchester, United Kingdom",53.4794892,-2.2451148,2026-04-30 00:41:18
Club Angel,EXTENDED: Bad Boombox B2B Club Angel / salute / Gerardo Niva / Maruwa,2026-10-11T00:00:00.000,/events/2494379,Bad Boombox | Club Angel | salute | Gerardo Niva | Maruwa,Mondo,Madrid,Spain,https://images.ra.co/cf7580cbe22dbeabb1d4c2978af6ba9524f264b7.jpg,"Madrid, Spain",40.4167047,-3.7035825,2026-10-07 03:13:37
Club Angel,Clock Factory presents: Club Angel,2026-10-16T00:00:00.000,/events/2458604,Club Angel,The Clock Factory,Bristol,United Kingdom,https://cdn.sanity.io/images/6epsemdp/production/b7d83a32bba8e46b37bc22edd92ed71cef47b091-1920x1280.jpg?w=640&fit=clip&auto=format,"Bristol, United Kingdom",51.4538022,-2.5972985,2026-06-03 00:53:37
Club Angel,SOAP x The Lounge presents: Club Angel & SHUFFA,2026-10-17T00:00:00.000,/events/2527966,Club Angel | SHUFFA | charlois,Centre Point,Dublin,Ireland,https://images.ra.co/06b10682d03b1d70879107397aea677c273ead4b.jpg,"Dublin, Ireland",53.3493795,-6.2605593,2026-09-04 02:15:44
Club Angel,𝑪𝑳𝑼𝑩 𝑨𝑵𝑮𝑬𝑳   Prozak 2.0,2026-10-23T00:00:00.000,/events/2546411,Club Angel | Kuriozum,Prozak 2.0,Krakow,Poland,https://images.ra.co/96eb72d2785e60bdcfc4e1293e263f87b69743a4.png,"Krakow, Poland",50.0469432,19.9971534,2026-10-01 03:03:35
Club Angel,Overbruggen Kyle Starkey Invites - ADE,2026-10-24T00:00:00.000,/events/2480602,Club Angel | Entasia | Ned Bennett | Inafekt | Sensu | Kyle Starkey | NewTone | Olive Anguz | STÜM | WOLTERS,Pllek,Amsterdam,Netherlands,https://images.ra.co/5bea9ccec5b43f911fa658bdca2967ae085b0e6f.png,"Amsterdam, Netherlands",52.3730796,4.8924534,2026-07-04 00:45:41
Club Angel,FLY Halloween - Edinburgh,2026-10-31T00:00:00.000,/events/2548367,Gaskin | Sidney Charles | Sam Alfred | Club Angel | Laidlaw | Nadia Summer | ARWEN,The Liquid Room,Edinburgh,United Kingdom,https://images.ra.co/a3eec806fc4af58eada602aa199c83d9ccc80b7b.png,"Edinburgh, United Kingdom",55.9533456,-3.1883749,2026-10-01 03:03:35
Club Angel,Hidden Valley Festival | 2026,2026-12-27T00:00:00.000,/events/2509041,Dimension | Armand Van Helden | Skin On Skin | MPH (1) | X CLUB. | Effy | Hamdi | Oppidan | Riordan | Flava D | Dean Turnley | Club Angel | Prosaisk | Scruz | Saint Ludo | DART,Matakana Country Park,Auckland,New Zealand,https://images.ra.co/a60ec44f850ead2850da81b30b9b8c4e3f9c2ee7.jpg,"Auckland, New Zealand",-36.852095,174.7631803,2026-08-11 00:30:09
Club Angel,Radar Festival Perth,2026-12-28T00:00:00.000,/events/2534055,AK SPORTS | Azyr | Bella Claxton | Boys Noize | Carla Martinez | Club Angel | DJ Seinfeld | Emma Moon | Faster Horses | Juicy Romance | Julian Fijma | Locky | Ned Bennett | Osmosis Jones | Partiboi69 | Riordan | salute | Sam Alfred | Soul Mass Transit System | southstar | Tommy Holohan,Langley Park,Perth,Australia,https://cdn.sanity.io/images/6epsemdp/production/b7d83a32bba8e46b37bc22edd92ed71cef47b091-1920x1280.jpg?w=640&fit=clip&auto=format,"Perth, Australia",-31.9558933,115.8605855,2026-09-11 02:01:35
Club Angel,Beyond The Valley,2026-12-28T00:00:00.000,/events/2499611,"Afrodisiac | After X | AKEYLAH | Anetha | Arielle Free | Armand Van Helden | bellxsxs | Benwal | BIIANCO | Boys Noize | Bryson Hill | Carla Martinez | Club Angel | DART | Dean Turnley | DJ PGZ | Eva Charley | Ewan McVicar | Faster Horses | Frost Children | Funk Tribu | Hamdi | Hannah Laing | Helena Lauwaert | Jackie Hollander | Jamback | Jayda G | Job Jobse | John Summit | Jordan Brando | Luuk van Dijk | JUPiTA | bbsanii | Kiara Friend | KI/KI | Kyle Starkey | Layton Giordani | Lex (GR) | Love, Jess | Mella Dee | Mia Koden | MPH (1) | Nia Archives | Nice Girl | nimino | Oppidan | oskar med k | Overmono | Renaessance | Riordan | Saint Ludo | salute | Skepta | Soul Mass Transit System | southstar | SPFDJ | THC | Tiff Cornish | Tommy Holohan | VANNA | WAXX OFF | WOLTERS | WVCHWY | X & Ivy",Barunah Plains,Victoria,Australia,https://images.ra.co/42ccb12d5c81c31dd033479caf74f8b29147e555.png,"Victoria, Australia",-36.5986096,144.6780052,2026-07-29 00:29:15
Club Angel,Radar Festival Brisbane,2027-01-02T00:00:00.000,/events/2534060,AK SPORTS | Bella Claxton | Boys Noize | Carla Martinez | Club Angel | DJ Seinfeld | Emma Moon | Faster Horses | Juicy Romance | Julian Fijma | Locky | Osmosis Jones | Partiboi69 | Riordan | salute | Sam Alfred | Soul Mass Transit System | southstar | Tommy Holohan,Superordinary,Brisbane,Australia,https://images.ra.co/1c6a678d844b2d149381777281d20ce6b8af6447.jpg,"Brisbane, Australia",-27.4689682,153.0234991,2026-09-11 02:01:35
DC Noises,Listen Festival 2026,2026-11-21T00:00:00.000,/events/2305608,Adi | acidheaven | Amelia Holt | Casper | cyvira | Angel D'lite | Avalon Emerson | BAVR | DC Noises | Bibi Seck | Border One | Clara D | Dillinja | DJ Rino | Eclectic Elektra | Faisal | Francesco Del Garda | Virginia | Virginia | Virginia | Gabber Eleganza | Haumea | Hysope | Joe Delon | Jorkes | Kirollus | KŌMA (3) | Kode9 | Tim Reaper | Lauravioli | Lea Occhi | Antal | Lefto Early Bird | Lolalita | Lou Nour | Introspekt | Mala | Malo Z | MCR-T | Mikamayonnaise | Miss Bashful | Mike Servito | myu:sa | Nosedrip | Otis (BE) | NMSS | Running Hot | séa (BE) | Special Guest (US) | She The DJ | EG (1) | Sixsixsixties | Fais Le Beau | Stella K | Tiga | Suze Ijó | DTM Funk | tINI | TORI ANN | UNOS | Vers | PALA10 | Vuur | Zora Jones,TBA - Brussels,Brussels,Belgium,https://images.ra.co/fc85e8559efc000cc45c3cef3e06ec081d8f82b7.jpg,"Brussels, Belgium",50.8465573,4.351697,2026-09-11 02:01:35
Denis Sulta,FLY - Denis Sulta - Glasgow,2026-11-26T00:00:00.000,/events/2549618,Denis Sulta,Sub Club,Glasgow,United Kingdom,https://images.ra.co/5cadfe89ebee65b63dbd41e75e24f5dff5c0b97c.jpg,"Glasgow, United Kingdom",55.861155,-4.2501687,2026-10-01 03:03:35
Denis Sulta,FLY - Denis Sulta - Edinburgh,2026-11-27T00:00:00.000,/events/2549619,Denis Sulta,Cabaret Voltaire,Edinburgh,United Kingdom,https://images.ra.co/625a6ed17efcd51d74dd2613c371b9ce07bb6aba.jpg,"Edinburgh, United Kingdom",55.9533456,-3.1883749,2026-10-01 03:03:35
Denis Sulta,FLY - Denis Sulta - Aberdeen,2026-11-28T00:00:00.000,/events/2549621,Denis Sulta | HALFPINT,Unit 51,Aberdeen,United Kingdom,https://images.ra.co/1dd4438c96a52ed3e9eca57d7277c4a60bbaa2e6.jpg,"Aberdeen, United Kingdom",57.1482429,-2.0928095,2026-10-01 03:03:35
Denis Sulta,Denis Sulta (All Night Long) [Opening party],2026-12-04T00:00:00.000,/events/2533300,Denis Sulta,Phonox,London,United Kingdom,https://images.ra.co/c4ac1cfdf0ab6e7d56556ca5f58943669ef31ac9.jpg,"London, United Kingdom",51.5074456,-0.1277653,2026-10-07 03:13:37
Denis Sulta,"Denis Sulta, SHEE, Special Guest ",2026-12-11T00:00:00.000,/events/2533307,Denis Sulta | SHEE,Phonox,London,United Kingdom,https://images.ra.co/afbde5c050a3b945a2c36d79e3ac2c22ebd97d48.jpg,"London, United Kingdom",51.5074456,-0.1277653,2026-10-07 03:13:37
Denis Sulta,"Denis Sulta, Skylermyler, Special Guest",2026-12-18T00:00:00.000,/events/2533308,Denis Sulta | SKYLERMYLER,Phonox,London,United Kingdom,https://images.ra.co/b274b9e3bd02cab4a92c129043d01537d149e59b.jpg,"London, United Kingdom",51.5074456,-0.1277653,2026-10-07 03:13:37
Denis Sulta,"Denis Sulta, O'Flynn (December residency closing party)",2026-12-26T00:00:00.000,/events/2533309,Denis Sulta | O'Flynn,Phonox,London,United Kingdom,https://images.ra.co/27b3ee5e0d2395e5489c24015cc4b5b3de1f7cf5.jpg,"London, United Kingdom",51.5074456,-0.1277653,2026-10-07 03:13:37
Diffrent,ZONNEWENDE x GARAGE,2026-10-09T00:00:00.000,/events/2520673,Diffrent | Girls Don't Sync | Kyle Starkey | Lisa Korver | Geheimzinnig Soundsystem | kneiz,Garage Klub,Antwerp,Belgium,https://images.ra.co/18c12a21a5361ede79548bf52c0f6ae53d8a242e.jpg,"Antwerp, Belgium",51.2211097,4.3997081,2026-08-27 01:29:07
Diffrent,Diffrent / Gerardo Niva / DJ SWISHERMAN B2B Emi Koto,2026-10-10T00:00:00.000,/events/2494375,Diffrent | Gerardo Niva | DJ SWISHERMAN | Emi Koto,Mondo,Madrid,Spain,https://images.ra.co/95898f759dd2cbba308dd9adc0fb12ad529a4593.jpg,"Madrid, Spain",40.4167047,-3.7035825,2026-09-24 02:10:06
Diffrent,De Binnenstad x TNT Records,2026-10-22T00:00:00.000,/events/2506887,Diffrent | Entasia | Freddi | OLIVIA LENSEN | Schwesta P | SHUFFA | Tarik,Ijver,Amsterdam,Netherlands,https://images.ra.co/5755bb1bfaaa43245f740c2707ffca986574a6db.png,"Amsterdam, Netherlands",52.3730796,4.8924534,2026-08-07 01:25:24
Diffrent,23 OCT - Friday Day with salute / Diffrent & Bella Claxton,2026-10-23T00:00:00.000,/events/2482113,Call Super | salute | Special Request | Diffrent | Faster Horses | LILLI & 4LOVE | Sophia Violet | OLIVIA LENSEN | Bella Claxton | Deborah Aime La Bagarre | Emma B | Mike Momburg | NewTone | Strath,Thuishaven,Amsterdam,Netherlands,https://images.ra.co/ecfbe8de6bbd59ceacd28a1b88d9dff1d46ce04c.jpg,"Amsterdam, Netherlands",52.3730796,4.8924534,2026-07-04 00:45:41
Diffrent,Overbruggen x OG - ADE 2026,2026-10-24T00:00:00.000,/events/2480629,Diffrent | RIRIA | Itz3bby | Milion | 6 SENSE,PRE-Reserved,All,Netherlands,https://images.ra.co/03d11a4b1848daf647a51a9ef36174769aa723b4.png,"PRE-Reserved, Netherlands",52.2434979,5.6343227,2026-07-04 00:45:41
Diffrent,"elrow Horroween Festival with MK, LB aka LABAT, Sarah Story",2026-10-31T00:00:00.000,/events/2475993,AAT (NL) | Arielle Free | ASLO | Danny Howard | Diffrent | Emma B | Fish56Octagon | hitty | lau.ra | LB aka LABAT | Marc Kinchen | Patrick Topping | Sarah Story | Wade | Ayce & Spirit Of House | branqueeno | Bustin' Loose | Magnolia | Caio Cenci | Poppi,DRUMSHEDS,London,United Kingdom,https://images.ra.co/5021f375f37de49be074bc75689b6b3dbc0e36d1.jpg,"London, United Kingdom",51.5074456,-0.1277653,2026-08-21 00:22:24
Diffrent,"Benwal, Diffrent, Kyle Starkey, Paige Tomlinson, STÜM, + b2b2b2b2b2b at Cermak Hall",2026-11-14T00:00:00.000,/events/2538201,Benwal | Diffrent | Kyle Starkey | Paige Tomlinson | STÜM,Radius,Chicago,United States of America,https://images.ra.co/ed055937d1c4e99d37071fec2fa0752b03cf6d78.jpg,"Chicago, United States of America",41.8755616,-87.6244212,2026-09-19 02:28:10
Diffrent,Seismic Dance Event 9.0,2026-11-13T00:00:00.000,/events/2313311,1tbsp | Above & Beyond | Adam Sellouk | Benwal | bolo | Brunello | Brutalismus 3000 | Chris Liebing | Chris Lorenzo | Cole Knight | Conrad Taylor | Diffrent | Frederic. | HNTR | horsegiirL | Joss Dean | Kamino | KI/KI | Kyle Starkey | Layton Giordani | Luke Alessi | Maddix | Marco Strous | Marie Vaunt | Max Styler | MPH (1) | Notion | ØTTA | OZA | Paige Tomlinson | Porter Robinson | Sara Landry | SG Lewis | Smokey Bubblin' B | SPFDJ | STÜM | TOCCORORO | Volkoder | VTSS,The Concourse Project,Austin,United States of America,https://images.ra.co/663b8659af4646329c83dd7670cb58f2d1e50cb2.png,"Austin, United States of America",30.2711286,-97.7436995,2026-05-24 00:44:45
Diffrent,Back To Base Fall Festival,2026-11-21T00:00:00.000,/events/2502546,DART | Diffrent | Itz3bby | S3PPA | SAIDAH | STÜM | Eva Vrijdag,TBA - Matilo Park,Rotterdam,Netherlands,https://images.ra.co/ce24aedce584616eadbd43ac778d4e140bfc2861.jpg,"Rotterdam, Netherlands",51.9244424,4.47775,2026-08-05 00:42:06
Diffrent,Polyamor,2026-12-05T00:00:00.000,/events/2375001,Diffrent | Antonym | Bitschu Batschu | Cleopard2000 | VIVI909 | SATYS FYRE | Elotrance | Plattenlieferant | Talia Dorr,OST,Berlin,Germany,https://images.ra.co/a2633ab655943342607071bc13fa5d539eb0d4f7.png,"Berlin, Germany",52.510885,13.3989367,2026-08-22 00:24:03
dj g2g,onlybeautiful by Masculina & dj g2g presents: Miss Bashful live,2026-10-23T00:00:00.000,/events/2529735,Miss Bashful | dj g2g | ELLE FIERCE | DJ Nah Care | Dj Algorythm,Den Anden Side,Copenhagen,Denmark,https://images.ra.co/45b13eb21b800991b8cfb1db52fa601ccf6fe9d4.jpg,"Copenhagen, Denmark",55.6867243,12.5700724,2026-09-11 02:01:35
dj g2g,Mira Festival 2026,2026-11-06T00:00:00.000,/events/2431595,Arca | Anthony Rother | Debit | dj g2g | Fennesz | Lillevan | Grand River | Helena Hauff | KAVARI | Machine Girl | Suicide | Max Cooper | Nicola Cruz | Nosaj Thing | Daito Manabe | R-010 | Ryoichi Kurokawa | Shygirl | Space Afrika | Tortoise | Tutu,Fira Barcelona,Barcelona,Spain,https://images.ra.co/ca3b13716bbc3e7ce8fa76c5fa3f7f11d4e4d969.png,"Barcelona, Spain",41.3828939,2.1774322,2026-08-29 00:10:44
DJ Gigola,Sonora Bordeaux,2026-10-16T00:00:00.000,/events/2552318,Afem Syko | Linds | DJ Gigola | I Hate Models | KUKO | LESSSS | Panteros666 | Part Time Killer | Vladimir Cauchemar | 2HOT2PLAY | More (3) | Alignment | Anetha | Ben Klock | Clara Cuvé | future.666 | KlangKuenstler | Nina Kraviz | PETERBLUE | Serafina,Sonora Bordeaux,Bordeaux,France,https://cdn.sanity.io/images/6epsemdp/production/b7d83a32bba8e46b37bc22edd92ed71cef47b091-1920x1280.jpg?w=640&fit=clip&auto=format,"Bordeaux, France",44.841225,-0.5800364,2026-10-04 03:24:38
DJ Gigola,SONORA BORDEAUX,2026-10-16T00:00:00.000,/events/2552448,Afem Syko | Linds | DJ Gigola | I Hate Models | KUKO | LESSSS | Panteros666 | Part Time Killer | Vladimir Cauchemar | 2HOT2PLAY | More (3) | Alignment | Anetha | Ben Klock | Clara Cuvé | future.666 | KlangKuenstler | Nina Kraviz | PETERBLUE | Serafina,Parc des Expositions de Bordeaux lac,Bordeaux,France,https://images.ra.co/3ac4657722169871acf66344bd031a4e11ab80e2.png,"Bordeaux, France",44.841225,-0.5800364,2026-10-04 03:24:38
DJ Gigola,Audio Obscura ADE x The Moment by WhoMadeWho,2026-10-24T00:00:00.000,/events/2478046,WhoMadeWho | Jimi Jules | DJ Gigola | Tiga | Gerd Janson | Trikk | Maz (BR) | Julya Karma | Benja | Franc Fala | D Stone | Daisy Weweh,RAWFACTORY,Amsterdam,Netherlands,https://images.ra.co/991c554efb010c77cbbcb8becc3142a50ee564b8.jpg,"Amsterdam, Netherlands",52.3730796,4.8924534,2026-08-13 00:30:26
DJ Gigola,Awakenings ADE - Sunday Sessions,2026-10-25T00:00:00.000,/events/2479118,Benwal | DJ Heartstring | DJ Gigola | Pegassi | Helena Lauwaert | southstar,Sugarfactory,Amsterdam,Netherlands,https://images.ra.co/a31949d7b761f063378670b56b06a30ee5d4fd1d.png,"Amsterdam, Netherlands",52.3730796,4.8924534,2026-09-19 02:28:10
DJ Gigola,KETTAMA presents Steel City Dance Discs,2026-11-06T00:00:00.000,/events/2500628,Partiboi69 | DJ Gigola | KETTAMA | Skin On Skin | Sam Alfred | Riordan | Robbie Doherty | Juicy Romance | Loods | DJ Carpenter | Ewan McVicar | DJ Heartstring | Tommy Holohan | SALOME | X CLUB. | Bella Claxton | Evian Christ | Daria Kolosova | Clouds | Minna-no-Kimochi | seretide | Vault | Didi Han | DART | Ma Sha | SAIDAH,Depot Mayfield,Manchester,United Kingdom,https://images.ra.co/0f44eb74fcb5ecc52eee5b75b236cb423f8cf23d.png,"Manchester, United Kingdom",53.4794892,-2.2451148,2026-07-31 00:42:03
DJ Gigola,Awakenings EXO - Colombia,2026-12-04T00:00:00.000,/events/2543925,Abstract Division | Adriana Lopez | Confidential Recipe | Diossa | DJ Gigola | Ellen Allien | Enrico Sangiuliano | Frederic. | Indira Paganotto | KI/KI | Len Faki | Planetary Assault Systems | southstar | ValaV,Coliseo Medplus,Bogotá,Colombia,https://images.ra.co/990bb38f475affad9c1b4ebad93d84f996277e71.png,"Bogotá, Colombia",4.711011,-74.0720917,2026-10-01 03:03:35
DJ Gigola,FCKNYE Festival 2026,2026-12-30T00:00:00.000,/events/2538434,2HOT2PLAY | A.N.I. | Alignment | Angerfist | ascendant vierge | blk. | Bou (UK) | CARAVEL | Todiefor | davyboi | DJ Gigola | ECZODIA | Hedex | Holy Priest | Yoshiko | KARAH | KLOFAMA | Kobosil | Krowdexx | LESSSS | Lil Texas | Mandragora | Neek | Nikolina | Onlynumbers | Part Time Killer | L.zwo | PRADA2000 | Restricted | Samuel Moriero (2) | Vortek's | Sköne | SLVL | Somewhen | The Dark Horror | TiTi | Trym | Ueberrest | Urumi | Vladimir Cauchemar | Vieze Asbak | William Luck | NoName,Brussels Expo,Brussels,Belgium,https://images.ra.co/1195ae1d59b35474b663d37b235d4c7f7d10605b.jpg,"Brussels, Belgium",50.8465573,4.351697,2026-09-19 02:28:10
DJ Gigola,Intercell Klokgebouw 2027,2027-01-30T00:00:00.000,/events/2554320,bebe bad | Benny Rodrigues | Benwal | Sam Alfred | Camille Doe | Gabriel Muñoz | DJ Gigola | PETERBLUE | Dr Dubplate | LAMMER | Lisa Korver | Megra | THELMA | Milion | Ned Bennett | PHIA | SAIDAH | Silva Bumpa,Klokgebouw,Eindhoven,Netherlands,https://images.ra.co/87a2cfefd3dc518a9d0df69196a5f206f59cd256.jpg,"Eindhoven, Netherlands",51.4392648,5.478633,2026-10-07 03:13:37
DJ Heartstring,Electron: EUPHORIE COLLECTIVE,2026-10-10T00:00:00.000,/events/2518583,Anetha | DJ Heartstring | Spray | Spriitzz,Palladium,Geneva,Switzerland,https://images.ra.co/a41c5ed19ab4aeb0e6486e04600d3b5feb0bb00a.jpg,"Geneva, Switzerland",46.2017559,6.1466014,2026-08-22 00:24:03
DJ Heartstring,DJ Heartstring,2026-10-17T00:00:00.000,/events/2513184,DJ Heartstring,Poolen,Copenhagen,Denmark,https://images.ra.co/6a06aa7aca528bc12adb37f20c4625b37ccab930.jpg,"Copenhagen, Denmark",55.6867243,12.5700724,2026-08-15 00:22:01
DJ Heartstring,Mystic Garden Festival ADE,2026-10-24T00:00:00.000,/events/2466154,DJ Heartstring | Partiboi69 | Helena Lauwaert | Supergloss | Fiene | DJ EZ | SYREETA | Jen Cardini | Benny Rodrigues | Rayzir | Ely Oaks | HI-LO | Space 92 | HNTR | DAX J | Yanamaste | Oscar Mulero | BLANKA | Joran van Pol,Havenpark,Amsterdam,Netherlands,https://images.ra.co/6abe492a68b2c240c7f189b4a7d1056c756c0515.jpg,"Amsterdam, Netherlands",52.3730796,4.8924534,2026-09-03 02:14:48
DJ Heartstring,Dockyard Festival ADE,2026-10-24T00:00:00.000,/events/2466156,DAX J | Yanamaste | Oscar Mulero | BLANKA | Joran van Pol | Ely Oaks | HI-LO | Space 92 | HNTR | DJ Heartstring | Partiboi69 | Helena Lauwaert | Supergloss | Fiene | DJ EZ | SYREETA | Jen Cardini | Benny Rodrigues | Rayzir,Havenpark,Amsterdam,Netherlands,https://images.ra.co/c0298f450952549d084c5e9644e4de15f2bb4909.jpg,"Amsterdam, Netherlands",52.3730796,4.8924534,2026-09-03 02:14:48
DJ Heartstring,Awakenings ADE - Sunday Sessions,2026-10-25T00:00:00.000,/events/2479118,Benwal | DJ Heartstring | DJ Gigola | Pegassi | Helena Lauwaert | southstar,Sugarfactory,Amsterdam,Netherlands,https://images.ra.co/a31949d7b761f063378670b56b06a30ee5d4fd1d.png,"Amsterdam, Netherlands",52.3730796,4.8924534,2026-09-19 02:28:10
DJ Heartstring,Freaky Deaky Texas 2026,2026-10-30T00:00:00.000,/events/2444962,Mary Droppinz | Liquid Stranger | Hannah Laing | Interplanetary Criminal | DJ Heartstring | Flava D | BLONDEX | Bonnie | Clyde (2) | Costa (FR) | Faster Horses | IDEMI | JAZZY (2) | KLOUD | Nicolas Julian | Nikolina | Restricted | SAIDAH | Swimming Paul,Travis County Exposition Center,Austin,United States of America,https://images.ra.co/2d76f16c139fe5eed5fc63b435f8b6a2ea13c575.jpg,"Austin, United States of America",30.2711286,-97.7436995,2026-08-18 00:23:39
DJ Heartstring,Escape Halloween,2026-10-30T00:00:00.000,/events/2523917,999999999 | A Little Sound | AC Slater | Adam Ten | Adventure Club | Alex Chapman | Zoe Gitter | Alok | Andruss | Anime | Avalon Emerson | Azyr | Benny Benassi | Bou (UK) | Cat (US) | Cera Khin | Champion | CHRYSALIS | Clara Cuvé | Cloonee | Coone | Cyclops | Dabin | Darren Styles | Dimitri Vegas & Like Mike | DJ Heartstring | DJ Tennis | Excision | Frontliner | Funk Assault | Galantis | Gammer | HerShe | Ian Asher | Indira Paganotto | Jamie Jones | Franky Rizardo | Joseph Capriati | SOSA (UK) | JSMN | Kill The Kid | Kana Hishiya | KLOUD | KREAM | LNY TNZ | Liquid Stranger | LUMI | Maddix | MALUGI | Mish | Morelia | Morten | Nervo | Nina Kraviz | Pixie Dust | Richie Hawtin | Sedef Adasï | Showtek | Silvie Loto | Steve Aoki | Trancemaster Krause | Trym | Yanamaste | Zedd,NOS Event Center,Los Angeles,United States of America,https://images.ra.co/5d0fc8bda2810a8f0e0cbace1cd2de54e960e00d.png,"Los Angeles, United States of America",34.0536909,-118.242766,2026-08-29 00:10:44
DJ Heartstring,Eric Prydz - Day of the Dead Block Party - CA State Capitol Building,2026-11-01T00:00:00.000,/events/2518620,Eric Prydz | DJ Heartstring,TBA - CA State Capitol Building Sacramento,Sacramento,United States of America,https://images.ra.co/26395c4fba9d69adaf698c9bfefcbb94800dc1ce.jpg,"Sacramento, United States of America",38.5810606,-121.493895,2026-08-22 00:24:03
DJ Heartstring,KETTAMA presents Steel City Dance Discs,2026-11-06T00:00:00.000,/events/2500628,Partiboi69 | DJ Gigola | KETTAMA | Skin On Skin | Sam Alfred | Riordan | Robbie Doherty | Juicy Romance | Loods | DJ Carpenter | Ewan McVicar | DJ Heartstring | Tommy Holohan | SALOME | X CLUB. | Bella Claxton | Evian Christ | Daria Kolosova | Clouds | Minna-no-Kimochi | seretide | Vault | Didi Han | DART | Ma Sha | SAIDAH,Depot Mayfield,Manchester,United Kingdom,https://images.ra.co/0f44eb74fcb5ecc52eee5b75b236cb423f8cf23d.png,"Manchester, United Kingdom",53.4794892,-2.2451148,2026-07-31 00:42:03
DJ Hyperdrive,BCCO x VLCT ATHENS with Adrián Mills,2026-10-17T00:00:00.000,/events/2517582,Adrian Mills | Até. | DJ Hyperdrive | KTK (DE) | ELISAVETA,Universe Athens,Athens,Greece,https://images.ra.co/4d0a43f85e161c52944e901ef066e92819a13f78.jpg,"Athens, Greece",37.9755648,23.7348324,2026-09-03 02:14:48
DJ Hyperdrive,EMBER ARTISTS x ADE,2026-10-21T00:00:00.000,/events/2521836,Bérou | BIIANCO | DJ Hyperdrive | DURDENHAUER | Fenrick | FJUSHA | KTK (DE) | L.zwo | VEL (MA),Yellow House,Amsterdam,Netherlands,https://images.ra.co/151a2cbf65d8c9678ac78bfb80c2837297bbe225.jpg,"Amsterdam, Netherlands",52.3730796,4.8924534,2026-08-27 01:29:07
DJ Hyperdrive,Intercell x 999999999 Invites | ADE By Night,2026-10-22T00:00:00.000,/events/2473316,999999999 | DJ Hyperdrive | Supergloss | SAMOH | Yasmin Regisford,H7 Warehouse,Amsterdam,Netherlands,https://images.ra.co/cf97c5c10f34b9a1fb43c835e08484d10fb1609d.jpg,"Amsterdam, Netherlands",52.3730796,4.8924534,2026-06-25 00:45:25
DJ Hyperdrive,"KILOMETRE25 CLOSING: HALLOWEN with THELMA, Danny Wabbit",2026-10-31T00:00:00.000,/events/2554486,THELMA | Danny Wabbit | DJ Hyperdrive | Forest (PL) | In-Tan | Cattoni,Kilomètre25,Paris,France,https://images.ra.co/6243249c67d99406bec9d0a17a7838aed9475f48.png,"Paris, France",48.8588897,2.3200410217200766,2026-10-07 03:13:37
DJ Hyperdrive,BCCO Halloween,2026-10-31T00:00:00.000,/events/2352864,future.666 | AEREA | Mac Declos | Matrixxman | Bailey Ibbs | FENIM0RE | DJ Hyperdrive | Luigi Madonna | ASEC | Luxi Villar | PAU (6) | Mython | SELESSA T. | SALIMATA | Benabou | Elnur,RSO.BERLIN,Berlin,Germany,https://images.ra.co/f5f320991c66d76a16e21e065d3f7a4a972a2b44.jpg,"Berlin, Germany",52.510885,13.3989367,2026-04-25 00:41:52
DJ Hyperdrive,"UNREAL WEEKENDER NIGHT I - KLOFAMA, In Furcht, Johannes Schuster, OMAKS, UVM",2026-11-06T00:00:00.000,/events/2554223,DJ Hyperdrive | EMILIJA | In Furcht | Johannes Schuster | KLOFAMA | Kø:lab | OMAKS | ROÜGE | The Rocketman,Bootshaus,Cologne,Germany,https://images.ra.co/3cf4fe3924c33d4a077293ea14dfdb60b954493d.jpg,"Cologne, Germany",50.938361,6.959974,2026-10-07 03:13:37
DJ Hyperdrive,FACE 2 FACE: ZURICH,2026-11-14T00:00:00.000,/events/2547084,DJ DRECKISCH | Part Time Killer | HiTMiLØW | DJ Hyperdrive | relajadita | Yasmin Gardezi | SANEM | Mattia Trani | Vagabund | HUMAN ERROR,Zinkbad Eventhalle,Zurich,Switzerland,https://images.ra.co/f05e6d3b6f88dffa008878f6fd82d4c5831e0130.jpg,"Zurich, Switzerland",47.3744489,8.5410422,2026-09-29 03:15:00
DJ Hyperdrive,BCCO x Hot Meal,2026-11-28T00:00:00.000,/events/2401774,Bad Boombox | future.666 | ÜBERKIKZ | David Löhlein | Alycia Bezgo | DJ Hyperdrive | Félicie | SAIKA | Janis Zielinski | Gusted | DJ Cringey | Pōnky | TOXIMAMI | lizaliza,MUENZE,Berlin,Germany,https://images.ra.co/0afadbb8e1a0958f2ed79074614eea5425126681.jpg,"Berlin, Germany",52.510885,13.3989367,2026-04-25 00:41:52
DJ Hyperdrive,BCCO x 240KMH,2026-12-30T00:00:00.000,/events/2393223,future.666 | AEREA | ÜBERKIKZ | BIIA | DJ Hyperdrive | Alycia Bezgo | WILDERÍCH | GIØ (1) | zwilling. | HUMAN ERROR | Klaps | DJ Cringey | SAIKA | ines isla | Simone Zino | Luxi Villar | FILTRACK | Viktoria Spielmann | SOLE DOSI | Nuke | Per Pleks | Mislaw | Sept | DJ SKIN | HALF LIFE | MAURER | Sicion | Josh Heywood | JKS | Caniche | FANK | Brtinzz | OUST | CHAPTO_LINES,MUENZE,Berlin,Germany,https://images.ra.co/b4ff27d3ac085ce5b719eca9a074b6b77246cce5.jpg,"Berlin, Germany",52.510885,13.3989367,2026-05-21 00:46:47
DJ Seinfeld,Interplanetary Criminal presents,2026-10-10T00:00:00.000,/events/2425980,Anz | Bakey | bullet tooth | Camille Doe | Club Angel | DJ Cosworth | DJ Seinfeld | Dr Dubplate | Faster Horses | HAAi | Helena Lauwaert | Interplanetary Criminal | Joy Orbison | Jyoty | La La | Larishka | Lauren Lo Sung | Lewis Taylor | Main Phase | MALUGI | Notion | Oldboy | Osmosis Jones | Prozak (IRL) | Silva Bumpa | Skin On Skin,Depot Mayfield,Manchester,United Kingdom,https://images.ra.co/692ad66fdcdf315000394f628f7698c2219cde34.png,"Manchester, United Kingdom",53.4794892,-2.2451148,2026-04-30 00:41:18
DJ Seinfeld,Dom Dolla,2026-10-16T00:00:00.000,/events/2470866,Dom Dolla | DJ Seinfeld | HAAi | Skiis | Clearcast,Cow Palace,San Francisco/Oakland,United States of America,https://images.ra.co/774c1020b1ff819ee00f28adcfa13ac1f741278a.jpg,"San Francisco/Oakland, United States of America",37.79713724477815,-122.37900765709006,2026-09-19 02:28:10
DJ Seinfeld,"Refuge Friday: DJ Seinfeld, Baltra, Physical Therapy & Kiyoshi",2026-10-23T00:00:00.000,/events/2541659,DJ Seinfeld | Baltra | Physical Therapy | Kiyoshi,Refuge,New York City,United States of America,https://images.ra.co/db3cd91534a0882211d286a9a87eadc1d690ab8e.png,"New York City, United States of America",40.7127281,-74.0060152,2026-09-24 02:10:06
DJ Seinfeld,DJ Seinfeld - Shaun J Wright - Valeria Fride,2026-10-24T00:00:00.000,/events/2532455,DJ Seinfeld | Shaun J. Wright | Valeria Fride,smartbar,Chicago,United States of America,https://images.ra.co/57935a2587e5f38f8d851e2224824e22da32783f.jpg,"Chicago, United States of America",41.8755616,-87.6244212,2026-09-11 02:01:35
DJ Seinfeld,BONEYARD HALLOWEEN feat. DJ Seinfeld,2026-10-30T00:00:00.000,/events/2532434,DJ Seinfeld,The Music Yard,Charlotte,United States of America,https://images.ra.co/9a0480d4e26ed72be3f13cf3b100018e18f7eea7.png,"Charlotte, United States of America",35.2272086,-80.8430827,2026-09-11 02:01:35
DJ Seinfeld,Hocus Pocus 2026 ,2026-10-30T00:00:00.000,/events/2487710,ALISHA | Âme | ANNĒ | Apollonia | Arina Krondeva | ATRIP | Azzecca | Baauer | Berrakka | Bushbaby | Caleb Jackson | Cami di Marzo | camoufly | Cassian | Chase & Status | ChaseWest | Chloé Caillet | Cole Knight | Conducta | Danny Daze | Darco | DAX J | DJ BORING | DJ Seinfeld | Effy | Elad | Eli Escobar | Eric Prydz | Franky Rizardo | Chlär | Alarico | Generous B | Gorgon City | Hudson Mohawke | Inbal | Indira Paganotto | Jamie Jones | Jayda G | Jean Pierre | Jordan Brando | Joseph Capriati | Julya Karma | Kerri Chandler | Kevin Saunderson | Kiddo | Layton Giordani | Mall Grab | MALUGI | Marcel Dettmann | Marco Strous | Marte | Mary Droppinz | Matthew Dear | Meduza | Monoky (2) | Nicole Gallamini | Nora En Pure | Prospa | Purple Disco Machine | Quest | RAJE | Rooléh | RSquared | Salomé Le Chat | salute | Seth Troxler | Shir Miya | SIEGEL (2) | Sinopoli | Skream | SLAMM | slugg | Sol Ortega | Somewhen | Souls Departed | Special Request | The Chronics | Todd Edwards | Vitess | Will Renuart | William Kiss | X CLUB. | X-Coast | Yamagucci | Yanamaste,Factory Town,Miami,United States of America,https://images.ra.co/2da74af63ba8ed4198a16bf3f7c9c048b252b0bf.png,"Miami, United States of America",25.7741728,-80.19362,2026-08-07 01:25:24
DJ Seinfeld,Antidoto Club: DJ Seinfeld + Vagabund,2026-11-26T00:00:00.000,/events/2527173,DJ Seinfeld | Vagabund | Yosef (ES),Club Magno,Madrid,Spain,https://images.ra.co/6da7ddddd3f00ec8f4d0259d701126937a0a0cf8.jpg,"Madrid, Spain",40.4167047,-3.7035825,2026-09-03 02:14:48
DJ Seinfeld,Mall Call ,2026-11-27T00:00:00.000,/events/2520566,Overmono | Royksopp | Antony Szmierek | DJ Seinfeld | Karen Nyame KG | Miley Serious | Molø | Mount Kimbie | Namasenda | Sofia Kourtesis | Surusinghe | Yung Singh | Yu Su,Stinsen,Stockholm,Sweden,https://images.ra.co/2ad750b60074efe9515f2f4ad0ddd3456bea8154.jpg,"Stockholm, Sweden",59.3251172,18.0710935,2026-09-03 02:14:48
DJ Seinfeld,"ATRIP, DJ BORING, DJ Seinfeld + Charlotte Ord",2026-11-28T00:00:00.000,/events/2522732,ATRIP | DJ BORING | DJ Seinfeld | Charlotte Ord,The Warehouse,Leeds,United Kingdom,https://images.ra.co/584a801ec6eff7c647d2a4ed72dc7ef94276065b.png,"Leeds, United Kingdom",53.7974185,-1.5437941,2026-08-29 00:10:44
DJ Seinfeld,Meredith 34,2026-12-11T00:00:00.000,/events/2490221,Dijon | underscores | FCUKERS | Hiatus Kaiyote | DJ Seinfeld | Suzanne Ciani | Sophia Stel | Marcellus Pittman | Yikes | Tara Clerkin Trio | Jorg Kuning,Meredith Supernatural Ampitheatre,Melbourne,Australia,https://images.ra.co/f61dda2fc1c113f3f0318bf7b075bcc11e463d5b.jpg,"Melbourne, Australia",-37.8142454,144.9631732,2026-08-13 00:30:26
DJ Seinfeld,Radar Festival Perth,2026-12-28T00:00:00.000,/events/2534055,AK SPORTS | Azyr | Bella Claxton | Boys Noize | Carla Martinez | Club Angel | DJ Seinfeld | Emma Moon | Faster Horses | Juicy Romance | Julian Fijma | Locky | Ned Bennett | Osmosis Jones | Partiboi69 | Riordan | salute | Sam Alfred | Soul Mass Transit System | southstar | Tommy Holohan,Langley Park,Perth,Australia,https://cdn.sanity.io/images/6epsemdp/production/b7d83a32bba8e46b37bc22edd92ed71cef47b091-1920x1280.jpg?w=640&fit=clip&auto=format,"Perth, Australia",-31.9558933,115.8605855,2026-09-11 02:01:35
DJ Seinfeld,New Year's At The Bowl,2026-12-31T00:00:00.000,/events/2532628,DJ Seinfeld | Flight Facilities | CC:DISCO! | Helena Hauff | Todd Terje | Yung Singh | Milo Eastwood | Adriana (1) | Surusinghe | Claire O'Brien | MzRizk,Sidney Myer Music Bowl,Melbourne,Australia,https://images.ra.co/94edbe750fd210697b9a30293edcd913154917e1.jpg,"Melbourne, Australia",-37.8142454,144.9631732,2026-09-11 02:01:35
DJ Seinfeld,Lost Paradise 2026,2026-12-28T00:00:00.000,/events/2491206,John Summit | Skepta | KI/KI | Overmono | Armand Van Helden | Nia Archives | Ewan McVicar | Sam Alfred | Rossi | Partiboi69 | Benwal | Caleb Jackson | Chaos In The CBD | dameeeela | DART | Dean Turnley | DJ Seinfeld | Drifting Clouds | Flava D | Hamdi | Harry Hayes | Helena Lauwaert | Hot Dub Time Machine | Jamback | James Pepper | Baron Von Trax | Jayda G | Job Jobse | Kirollus | Kyle Starkey | Loods | Luuk van Dijk | Mella Dee | Memphis LK | Ned Bennett | Luke Alessi | Jordan Brando | William Kiss | Osmosis Jones | Pretty Girl | Riordan | Saint Ludo | salute | Soul Mass Transit System | Stacie Fields | Supergloss | Tommy Holohan | Willo | Bella Backe | Callyy | Casual P | Couch Mechanic | DJ MACARONI | Elijah Something | GMOZ | Jacqui Cunningham | Lily FM | Mash (2) | Harley Ferris | Mimi J | PARTIGIRL | Sasha Milani | Sim Select | zacattacq,Glenworth Valley,Sydney,Australia,https://images.ra.co/7ea5261c8d409c341b715c39ed784a89a92a17db.jpg,"Sydney, Australia",-33.8698439,151.2082848,2026-07-29 00:29:15
DJ Seinfeld,Radar Festival Brisbane,2027-01-02T00:00:00.000,/events/2534060,AK SPORTS | Bella Claxton | Boys Noize | Carla Martinez | Club Angel | DJ Seinfeld | Emma Moon | Faster Horses | Juicy Romance | Julian Fijma | Locky | Osmosis Jones | Partiboi69 | Riordan | salute | Sam Alfred | Soul Mass Transit System | southstar | Tommy Holohan,Superordinary,Brisbane,Australia,https://images.ra.co/1c6a678d844b2d149381777281d20ce6b8af6447.jpg,"Brisbane, Australia",-27.4689682,153.0234991,2026-09-11 02:01:35
Eliza Rose,Ushuaïa Ibiza CLOSING PARTY,2026-10-10T00:00:00.000,/events/2512335,Vintage Culture | Loco Dice | East End Dubs | Hot Since 82 | Andrea Oliva | Patrick Topping | Nic Fanciulli | Butch (JP) | Prunk | Fleur Shore | M-High | Marlie | Eliza Rose | Olive F | Raul Rodriguez,Ushuaïa Ibiza,Ibiza,Spain,https://images.ra.co/6030f900491f06580281926ec384389a8143dc85.jpg,"Ibiza, Spain",38.974390099999994,1.4197463178515335,2026-08-14 00:31:10
Eliza Rose,La Paloma presents: Eliza Rose + Alinka + Nahoomie,2026-10-16T00:00:00.000,/events/2527211,Eliza Rose | Alinka | Nahoomie,La Paloma,Barcelona,Spain,https://images.ra.co/b10b979aa4ae70d42a7f80c67a7e6daba22aff07.jpg,"Barcelona, Spain",41.3828939,2.1774322,2026-10-01 03:03:35
Eliza Rose,Glitterbox ADE,2026-10-22T00:00:00.000,/events/2475062,Bridge (NY) | Carl Craig | Eliza Rose | Ella Knight | HoneyLuv | Horse Meat Disco | Laura Meester | Melvo Baptiste | The Shapeshifters | Tonno Disko,Thuishaven,Amsterdam,Netherlands,https://images.ra.co/2deeb4850d688a0fd1912b3ca183ea7c0d67f55a.jpg,"Amsterdam, Netherlands",52.3730796,4.8924534,2026-07-15 00:36:18
Eliza Rose,"MARATHON!: Eliza Rose, Jeremy Underground, Mayou Picchu, Cabaret Contemporain, Pierrinski",2026-10-23T00:00:00.000,/events/2532037,Eliza Rose | Jeremy Underground | Pierrinski,Cabaret Sauvage,Paris,France,https://images.ra.co/2e46ce6175415f01f61d48ef4f6b3bbf9be0c297.jpg,"Paris, France",48.8588897,2.3200410217200766,2026-09-11 02:01:35
EMILIJA,Teletech Closing Party,2026-10-08T00:00:00.000,/events/2397459,Bella Claxton | Benwal | blk. | Winson | Clara Cuvé | Kyle Starkey | Paige Tomlinson | Morgan Seatree | Faster Horses | sim0ne | SPFDJ | EMILIJA | Vieze Asbak,Amnesia Ibiza,Ibiza,Spain,https://images.ra.co/f36fa0974df13233f503cc7a95e3eea57f1f5b41.jpg,"Ibiza, Spain",38.974390099999994,1.4197463178515335,2026-08-27 01:29:07
EMILIJA,MODUL'AIR — Daytime Warehouse Show,2026-10-17T00:00:00.000,/events/2517727,CALLUSH | EMILIJA | FJUSHA | TOXIMAMI | Part Time Killer | SIKOTI | ROW1,De Flesjesfabriek,Ghent,Belgium,https://images.ra.co/948e151e64f5ef6a0f634128da4daa178ef3db3f.jpg,"Ghent, Belgium",51.0538286,3.7250121,2026-08-21 00:22:24
EMILIJA,GASHOUDER presents: I Hate Models & Nico Moreno Invite [Sold Out],2026-10-22T00:00:00.000,/events/2464117,EMILIJA | I Hate Models | Maudux | Nico Moreno,GASHOUDER,Amsterdam,Netherlands,https://images.ra.co/effa2da2afa9960546bd71e5de827626054c3a6f.jpg,"Amsterdam, Netherlands",52.3730796,4.8924534,2026-09-19 02:28:10
EMILIJA,DGTL ADE NOVAH & Friends,2026-10-24T00:00:00.000,/events/2474444,Ueberrest | EMILIJA | Faster Horses | NOVAH | fumi (DE) | ØTTA | STAFFY,NDSM Scheepsbouwloods,Amsterdam,Netherlands,https://images.ra.co/e4d0d38f1a2f4b9a90131c3acad8e4d2751eabfd.png,"Amsterdam, Netherlands",52.3730796,4.8924534,2026-06-24 00:40:48
EMILIJA,"UNREAL WEEKENDER NIGHT I - KLOFAMA, In Furcht, Johannes Schuster, OMAKS, UVM",2026-11-06T00:00:00.000,/events/2554223,DJ Hyperdrive | EMILIJA | In Furcht | Johannes Schuster | KLOFAMA | Kø:lab | OMAKS | ROÜGE | The Rocketman,Bootshaus,Cologne,Germany,https://images.ra.co/3cf4fe3924c33d4a077293ea14dfdb60b954493d.jpg,"Cologne, Germany",50.938361,6.959974,2026-10-07 03:13:37
EMILIJA,EMILIJA & Two Dots,2026-11-14T00:00:00.000,/events/2502578,EMILIJA | Two Dots (FR),KALT,Strasbourg,France,https://images.ra.co/882afb5ed699f6efb015b50f91fe79adb80a29df.jpg,"Strasbourg, France",48.584614,7.7507127,2026-08-05 00:42:06
EMILIJA,Ohm Herfstfestival,2026-11-28T00:00:00.000,/events/2507691,Cromby | Tjade | DJ Cringey | EMILIJA | Emvae | Moxes | Essy | IOSIO | Itz3bby | Lisa Korver | Mika Heggemann | Mischluft | Paige Tomlinson | S3PPA | The Flexican,Lijm & Cultuur,All,Netherlands,https://images.ra.co/26baee252485317bd5acda896524af7a2da508e1.png,"Lijm & Cultuur, Netherlands",51.99616205,4.369146234568248,2026-08-08 00:12:37
EMILIJA,UNREAL X STUTYARD,2026-12-18T00:00:00.000,/events/2355526,A.N.I. | EMILIJA | Johannes Schuster | KUKO | Nico Moreno | NOVAH | Winson Ngoh,Messe Stuttgart,Stuttgart,Germany,https://images.ra.co/9bc24ba864425fc4896e6acc0932d33b2c5c1e7d.jpg,"Stuttgart, Germany",48.7784485,9.1800132,2026-08-06 00:36:51
Eric Prydz,Eric Prydz,2026-10-10T00:00:00.000,/events/2475507,Eric Prydz,Ironworks,London,United Kingdom,https://images.ra.co/009676804363ade46dc3a9f1884046ac4dd90229.jpg,"London, United Kingdom",51.5074456,-0.1277653,2026-10-07 03:13:37
Eric Prydz,GASWRX presents ERIC PRYDZ,2026-10-16T00:00:00.000,/events/2507054,Eric Prydz,Gaswrx Birmingham,Birmingham,United Kingdom,https://images.ra.co/f0df940e03f6e13d2638e91fd80222086e3fdb26.png,"Birmingham, United Kingdom",52.4796992,-1.9026911,2026-09-19 02:28:10
Eric Prydz,WHP26 /// Eric Prydz [Concourse Only],2026-10-17T00:00:00.000,/events/2507663,Eric Prydz,Depot Mayfield,Manchester,United Kingdom,https://images.ra.co/f09bb67133f5614890d6fbec4006dd6b2266b162.png,"Manchester, United Kingdom",53.4794892,-2.2451148,2026-08-08 00:12:37
Eric Prydz,GASHOUDER presents: Eric Prydz,2026-10-22T00:00:00.000,/events/2515482,Eric Prydz,GASHOUDER,Amsterdam,Netherlands,https://images.ra.co/0efef521863045f9a87fce4e30ffb5c5cadab40e.jpg,"Amsterdam, Netherlands",52.3730796,4.8924534,2026-08-21 00:22:24
Eric Prydz,Gravity presents: Eric Prydz - Copenhagen,2026-10-23T00:00:00.000,/events/2501920,Eric Prydz,Tap1,Copenhagen,Denmark,https://images.ra.co/1fc061fc3a895c295544b8dc016ce6e8c965d120.png,"Copenhagen, Denmark",55.6867243,12.5700724,2026-07-31 00:42:03
Eric Prydz,Eric Prydz,2026-10-31T00:00:00.000,/events/2512728,Eric Prydz | Tiga | Kelly Lee Owens,Pier 48's Shed A,San Francisco/Oakland,United States of America,https://images.ra.co/057610ecd901fbfbc04f9c5e84c24f3975a85402.jpg,"San Francisco/Oakland, United States of America",37.79713724477815,-122.37900765709006,2026-08-14 00:31:10
Eric Prydz,Hocus Pocus 2026 ,2026-10-30T00:00:00.000,/events/2487710,ALISHA | Âme | ANNĒ | Apollonia | Arina Krondeva | ATRIP | Azzecca | Baauer | Berrakka | Bushbaby | Caleb Jackson | Cami di Marzo | camoufly | Cassian | Chase & Status | ChaseWest | Chloé Caillet | Cole Knight | Conducta | Danny Daze | Darco | DAX J | DJ BORING | DJ Seinfeld | Effy | Elad | Eli Escobar | Eric Prydz | Franky Rizardo | Chlär | Alarico | Generous B | Gorgon City | Hudson Mohawke | Inbal | Indira Paganotto | Jamie Jones | Jayda G | Jean Pierre | Jordan Brando | Joseph Capriati | Julya Karma | Kerri Chandler | Kevin Saunderson | Kiddo | Layton Giordani | Mall Grab | MALUGI | Marcel Dettmann | Marco Strous | Marte | Mary Droppinz | Matthew Dear | Meduza | Monoky (2) | Nicole Gallamini | Nora En Pure | Prospa | Purple Disco Machine | Quest | RAJE | Rooléh | RSquared | Salomé Le Chat | salute | Seth Troxler | Shir Miya | SIEGEL (2) | Sinopoli | Skream | SLAMM | slugg | Sol Ortega | Somewhen | Souls Departed | Special Request | The Chronics | Todd Edwards | Vitess | Will Renuart | William Kiss | X CLUB. | X-Coast | Yamagucci | Yanamaste,Factory Town,Miami,United States of America,https://images.ra.co/2da74af63ba8ed4198a16bf3f7c9c048b252b0bf.png,"Miami, United States of America",25.7741728,-80.19362,2026-08-07 01:25:24
Eric Prydz,Eric Prydz - Day of the Dead Block Party - CA State Capitol Building,2026-11-01T00:00:00.000,/events/2518620,Eric Prydz | DJ Heartstring,TBA - CA State Capitol Building Sacramento,Sacramento,United States of America,https://images.ra.co/26395c4fba9d69adaf698c9bfefcbb94800dc1ce.jpg,"Sacramento, United States of America",38.5810606,-121.493895,2026-08-22 00:24:03
Eric Prydz,"Eric Prydz w/ Cristoph, Glusko",2026-11-20T00:00:00.000,/events/2512727,Eric Prydz | Cristoph | Glusko,Echostage,Washington DC,United States of America,https://images.ra.co/45a937d58aa4bffca7ebfedddd813e985fe953ee.png,"Washington DC, United States of America",38.8950368,-77.0365427,2026-10-01 03:03:35
Eric Prydz,Eric Prydz,2026-11-21T00:00:00.000,/events/2512644,Eric Prydz | Cristoph,The Concourse Project,Austin,United States of America,https://images.ra.co/bb0b70e2c164ac35049b6bf8ded87717790c0b10.png,"Austin, United States of America",30.2711286,-97.7436995,2026-08-14 00:31:10
Eric Prydz,Eric Prydz,2026-12-05T00:00:00.000,/events/2512783,Eric Prydz,Radius,Chicago,United States of America,https://images.ra.co/cae145141630da6f81b02e1695724cf3984574d7.jpg,"Chicago, United States of America",41.8755616,-87.6244212,2026-08-14 00:31:10
Eric Prydz,SIGNAL FESTIVAL with Eric Prydz [PYRAMIDE TAKEOVER],2026-12-11T00:00:00.000,/events/2525388,Eric Prydz,Eventpyramide Vösendorf,All,Austria,https://images.ra.co/32aa5ffb07197232cd64e2ed483ef262af5b2ff6.jpg,"Eventpyramide Vösendorf, Austria",47.59397,14.12456,2026-09-03 02:14:48
Eris Drew,Head Trip Festival 2026,2026-10-10T00:00:00.000,/events/2391434,Calvin Harris | Swedish House Mafia | Skrillex | FISHER | Chris Lake | Peggy Gou | Four Tet | Dom Dolla | KETTAMA | Seth Troxler | Ben Sterling | The Blessed Madonna | DJ Harvey | Avalon Emerson | Ben UFO | Eris Drew | Octo Octa | Floating Points | Mad Professor | Theo Parrish,Empire Polo Club,Palm Springs,United States of America,https://images.ra.co/075dac9bef7577f44db5880a5ccf7e390b212b3f.png,"Palm Springs, United States of America",33.8246269,-116.540303,2026-09-27 02:32:55
Eris Drew,Mixmag Lab London with Eris Drew & Octo Octa as Alchemical Sisters,2026-10-15T00:00:00.000,/events/2550859,Eris Drew | Octo Octa,NUMBER 90 LONDON,London,United Kingdom,https://images.ra.co/7614ebb9d082bbdaf2909a9ed5d041ea13223ad8.jpg,"London, United Kingdom",51.5074456,-0.1277653,2026-10-04 03:24:38
Eris Drew,Eólica,2026-10-16T00:00:00.000,/events/2494318,WhoMadeWho | Sama' Abdulhadi | Jayda G | Eris Drew | Octo Octa | TSHA | Danilo Plessow | vandàla | Rainer Trüby | PAURRO | Mostany | IRTAP_ | Dee Diggs | Horse Meat Disco | Gus Gus | Fernanda Arrau | Javier Carballo | Victor Ruiz,Iter Tenerife,Canary Islands,Spain,https://images.ra.co/adfdfa29655a77526bef16bcf79f04248e9a7921.jpg,"Canary Islands, Spain",28.2863989,-16.7960118,2026-07-23 00:41:14
Eris Drew,ZeeZout ADE - Friday Daytime,2026-10-23T00:00:00.000,/events/2495393,CARISTA | DjRUM | Eris Drew | Octo Octa | Identified Patient | Ineffekt | Jyoty | Laura Meester | RIRIA | Sam Alfred | Two Shell,Het Rijk van de Keizer,Amsterdam,Netherlands,https://images.ra.co/ac7d68280f2d45e264f1ad1853ffb71f77a9e2c7.png,"Amsterdam, Netherlands",52.3730796,4.8924534,2026-07-23 00:41:14
Eris Drew,Intercell x Eris Drew & Octo Octa | ADE By Day,2026-10-24T00:00:00.000,/events/2473373,Eris Drew | Octo Octa | Lola Edo | Mx. Blaire,Bajes Amsterdam,Amsterdam,Netherlands,https://images.ra.co/c150db1c05a286caad0dec0680e3c89a66504678.jpg,"Amsterdam, Netherlands",52.3730796,4.8924534,2026-06-25 00:45:25
Eris Drew,FSTM ADE Take Over,2026-10-25T00:00:00.000,/events/2520399,Blasha & Allatt | Call Super | Ryan Elliott | DJ Masda | Eris Drew | Hannecart | Helena Hauff | Quest (CA) | mad miran | Rey Colino,Skatecafe,Amsterdam,Netherlands,https://images.ra.co/8a8ae295b53ca53cdf43276c9f36a37e4bd9db26.png,"Amsterdam, Netherlands",52.3730796,4.8924534,2026-08-27 01:29:07
Eris Drew,SAMHAIN XXVI WEEKEND,2026-10-30T00:00:00.000,/events/2474825,Daniel Bell | Eris Drew | Octo Octa | Tama Sumo | Lakuti | Afra | Serge | Tammy Lakkis | Hodge | Erika | BMG | Neel | Mike Servito | Mozhgan,Tangent Gallery,Detroit,United States of America,https://images.ra.co/e96941f0757ea363de57c543fbc9cb2868f32be4.jpg,"Detroit, United States of America",42.3315509,-83.0466403,2026-06-25 00:45:25
Eris Drew,SAMHAIN XXVI,2026-10-31T00:00:00.000,/events/2474836,Eris Drew | Octo Octa | Lakuti | Tama Sumo | Afra | Serge | Tammy Lakkis | Hodge | Erika | BMG | Neel | Mike Servito | Mozhgan,Tangent Gallery,Detroit,United States of America,https://images.ra.co/f282e85c6fbd2c9ed7faa9a9f75a1a6be3572a7a.jpg,"Detroit, United States of America",42.3315509,-83.0466403,2026-06-25 00:45:25
Eris Drew,Positive Education 2026,2026-11-06T00:00:00.000,/events/2486660,A Guy Called Gerald | Aawadh | Andy Stott | Biocym | Decoder | DjSport | Emilia Grima | Hajj | ILAYRUNI | K Wata | Machine Girl | Manuka Honey | Microplastics | Mike Servito | ABADIR | Eris Drew | Octo Octa | Philip Kylberg | Prieste5s | Renoiterrible | Sindh | So-Fi | Suutoo | Vlada | Zaltan | Aksamit | DJ Storm | Jane Fitz | 69DB | Neska | seiva | Small Crab (2) | Softi | Tammo Hesselink | Varuna Agosti | YUTA | gyrofield | CWTCH | Hewan Aman | Jan Loup | Lechuga Zafiro | Proc Fiskal | Ship Sket | Quelza | Surgeon,Cité du Design Saint Etienne,Central,France,https://images.ra.co/cae078f030e90a5bbe1a7e82268cbf7d6fc79233.png,"Cité du Design Saint Etienne, France",45.4515362,4.3863151,2026-07-18 00:36:06
Eris Drew,WAS. x Le Guess Who? // Eris Drew b2b Octo Octa • Hervé • jannah,2026-11-07T00:00:00.000,/events/2519765,Eris Drew | Octo Octa | Hervé | jannah,WAS.,Utrecht,Netherlands,https://images.ra.co/7ec9c217eece77524a4309410f4e82e0e3639ba9.jpg,"Utrecht, Netherlands",52.0907006,5.1215634,2026-08-27 01:29:07
Eris Drew,Le Guess Who? 2026,2026-11-05T00:00:00.000,/events/2442143,Aba Shanti-I | Azu Tiwaline | CARISTA | Chinnamasta | Introspekt | Kelman Duran | Mad Professor | ojoo | The Scientist | Seekersinternational | Tash LC | The Bug | Georgia Anne Muldrow | Shabaka | Tshegue | Los Thuthanaka | Gigi Masin | Goat (JP) | Mark Fell | Aho Ssan | Carmen Villain | Elvin Brandhi | KMRU | NEXCYIA | Ouri | more eaze | Sign Libra | Teatre | YPY | Ambu Bambu | Ana Roxanne | Arsenal Mikebe | Valentina Magaletti | Aunty Rayzor | BBBBBBB | Craven Faults | Dj Danifox | DJ Lycox | Devon Rexi | DJK | DJ Plead | JUDGITZU | Eris Drew | Octo Octa | Galecta (2) | Grouper | Heith | Hervé | jannah | Kelsey Lu | Loraine James | Mai Mai Mai | Ryoichi Kurokawa | Tony Njoku | Tortoise,TivoliVredenburg,Utrecht,Netherlands,https://images.ra.co/b9d19a3e55729e6922a516784f72aaee9ad03a51.jpg,"Utrecht, Netherlands",52.0907006,5.1215634,2026-09-03 02:14:48
Eris Drew,ketia curates (bday bash): day party ,2026-11-08T00:00:00.000,/events/2543903,Aldonna | Eris Drew | ketia | Peach,CLUB RAUM,Amsterdam,Netherlands,https://images.ra.co/3560a2a0fd41b4f7caf034c2502f0b56e477046b.png,"Amsterdam, Netherlands",52.3730796,4.8924534,2026-09-27 02:32:55
Eris Drew,"Hungry4 with Eris Drew b2b Octo Octa, Ogazón & More",2026-11-14T00:00:00.000,/events/2536831,Eris Drew | Octo Octa | Ogazón | Miguel Nery | Yen Sung | Nicolle Velcro | Octa Push,Lx Factory,Lisbon,Portugal,https://images.ra.co/cf8a12754117881159479cc5c014a62510459d1f.jpg,"Lisbon, Portugal",38.7077507,-9.1365919,2026-09-19 02:28:10
Eva Vrijdag,"FIGHT CLUB: snoritz, GIO, DVAID, KHØNG, Eva Vrijdag",2026-10-23T00:00:00.000,/events/2528326,snoritz | DVAID | Eva Vrijdag | GIØ (1),Kilomètre25,Paris,France,https://images.ra.co/c71930a00255725e4fbc7f51cb98e73344014599.png,"Paris, France",48.8588897,2.3200410217200766,2026-09-04 02:15:44
Eva Vrijdag,De Binnenstad x SUPERSTRINGS Invites,2026-10-24T00:00:00.000,/events/2506898,SUPERSTRINGS | Eva Vrijdag | DJ IP | Angie (FR) | FlowState | TJ Lawton | CIS (3),Ijver,Amsterdam,Netherlands,https://images.ra.co/d7435a0361882c0711a69eaf5be932bff63f1648.png,"Amsterdam, Netherlands",52.3730796,4.8924534,2026-09-25 02:24:57
Eva Vrijdag,Boiler Room: Amsterdam | Saturday,2026-11-14T00:00:00.000,/events/2506990,Alba Franch | Eva Vrijdag | Ignez | Juicy Romance | Kara Okay | Locus Error | Milion | Planetary Assault Systems | Rene Wise | Stef Mendesidis | ÜBERKIKZ | Valody,TBA,Amsterdam,Netherlands,https://images.ra.co/0f4c8685c9ad1b90620a3ce2e92e042d457670b5.jpg,"Amsterdam, Netherlands",52.3730796,4.8924534,2026-10-04 03:24:38
Eva Vrijdag,15 NOV - Thuishaven with Cynthia Spiering / Sam Hofman / 2HOT2PLAY,2026-11-15T00:00:00.000,/events/2543168,2HOT2PLAY | Cynthia Spiering | Eva Vrijdag | Hurts | THISO | Sam Hofman,Thuishaven,Amsterdam,Netherlands,https://images.ra.co/99a71ec583b373c5131c16d0024d3741655d321d.jpg,"Amsterdam, Netherlands",52.3730796,4.8924534,2026-09-24 02:10:06
Eva Vrijdag,Back To Base Fall Festival,2026-11-21T00:00:00.000,/events/2502546,DART | Diffrent | Itz3bby | S3PPA | SAIDAH | STÜM | Eva Vrijdag,TBA - Matilo Park,Rotterdam,Netherlands,https://images.ra.co/ce24aedce584616eadbd43ac778d4e140bfc2861.jpg,"Rotterdam, Netherlands",51.9244424,4.47775,2026-08-05 00:42:06
Faster Horses,Teletech Closing Party,2026-10-08T00:00:00.000,/events/2397459,Bella Claxton | Benwal | blk. | Winson | Clara Cuvé | Kyle Starkey | Paige Tomlinson | Morgan Seatree | Faster Horses | sim0ne | SPFDJ | EMILIJA | Vieze Asbak,Amnesia Ibiza,Ibiza,Spain,https://images.ra.co/f36fa0974df13233f503cc7a95e3eea57f1f5b41.jpg,"Ibiza, Spain",38.974390099999994,1.4197463178515335,2026-08-27 01:29:07
Faster Horses,Faster Horses (Extended Set),2026-10-09T00:00:00.000,/events/2465002,Faster Horses | Vivace (UK) | Lola So,Village Underground,London,United Kingdom,https://images.ra.co/46f8be7199413e5b3af8281af2baf726ee7c4e51.jpg,"London, United Kingdom",51.5074456,-0.1277653,2026-07-11 00:36:41
Faster Horses,Interplanetary Criminal presents,2026-10-10T00:00:00.000,/events/2425980,Anz | Bakey | bullet tooth | Camille Doe | Club Angel | DJ Cosworth | DJ Seinfeld | Dr Dubplate | Faster Horses | HAAi | Helena Lauwaert | Interplanetary Criminal | Joy Orbison | Jyoty | La La | Larishka | Lauren Lo Sung | Lewis Taylor | Main Phase | MALUGI | Notion | Oldboy | Osmosis Jones | Prozak (IRL) | Silva Bumpa | Skin On Skin,Depot Mayfield,Manchester,United Kingdom,https://images.ra.co/692ad66fdcdf315000394f628f7698c2219cde34.png,"Manchester, United Kingdom",53.4794892,-2.2451148,2026-04-30 00:41:18
Faster Horses,Skin On Skin,2026-10-17T00:00:00.000,/events/2480742,Skin On Skin | Bella Claxton | Faster Horses | Ben Prophet,NX Newcastle,Newcastle,United Kingdom,https://images.ra.co/4235e54c28270fa9debc5e31a57b7a1c9dc783a0.jpg,"Newcastle, United Kingdom",54.9738474,-1.6131572,2026-07-04 00:45:41
Faster Horses,Intercell x Mika Heggemann Invites | ADE By Day,2026-10-23T00:00:00.000,/events/2473364,Alycia Bezgo | Cleopard2000 | Azzurro | Faster Horses | Mika Heggemann | Olive Anguz,H7 Warehouse,Amsterdam,Netherlands,https://images.ra.co/d79212d0dc7a455fcf8e70f0ff884444b17ab7cc.jpg,"Amsterdam, Netherlands",52.3730796,4.8924534,2026-06-25 00:45:25
Faster Horses,23 OCT - Friday Day with salute / Diffrent & Bella Claxton,2026-10-23T00:00:00.000,/events/2482113,Call Super | salute | Special Request | Diffrent | Faster Horses | LILLI & 4LOVE | Sophia Violet | OLIVIA LENSEN | Bella Claxton | Deborah Aime La Bagarre | Emma B | Mike Momburg | NewTone | Strath,Thuishaven,Amsterdam,Netherlands,https://images.ra.co/ecfbe8de6bbd59ceacd28a1b88d9dff1d46ce04c.jpg,"Amsterdam, Netherlands",52.3730796,4.8924534,2026-08-15 00:22:01
Faster Horses,DGTL ADE NOVAH & Friends,2026-10-24T00:00:00.000,/events/2474444,Ueberrest | EMILIJA | Faster Horses | NOVAH | fumi (DE) | ØTTA | STAFFY,NDSM Scheepsbouwloods,Amsterdam,Netherlands,https://images.ra.co/e4d0d38f1a2f4b9a90131c3acad8e4d2751eabfd.png,"Amsterdam, Netherlands",52.3730796,4.8924534,2026-06-24 00:40:48
Faster Horses,Freaky Deaky Texas 2026,2026-10-30T00:00:00.000,/events/2444962,Mary Droppinz | Liquid Stranger | Hannah Laing | Interplanetary Criminal | DJ Heartstring | Flava D | BLONDEX | Bonnie | Clyde (2) | Costa (FR) | Faster Horses | IDEMI | JAZZY (2) | KLOUD | Nicolas Julian | Nikolina | Restricted | SAIDAH | Swimming Paul,Travis County Exposition Center,Austin,United States of America,https://images.ra.co/2d76f16c139fe5eed5fc63b435f8b6a2ea13c575.jpg,"Austin, United States of America",30.2711286,-97.7436995,2026-08-18 00:23:39
Faster Horses,Halloweek: Faster Horses + Kyle Starkey,2026-10-31T00:00:00.000,/events/2537928,Faster Horses | Kyle Starkey | Winter Wrong | Deep Cleansing,Floyd,Miami,United States of America,https://images.ra.co/f64f4ae34172992fdb871b21acb909a30f8bb85b.jpg,"Miami, United States of America",25.7741728,-80.19362,2026-09-19 02:28:10
Faster Horses,RINSE: Y U QT B2B Faster Horses,2026-11-20T00:00:00.000,/events/2542932,Y U QT | Faster Horses,Lakota,Bristol,United Kingdom,https://images.ra.co/3b5de62c34fe2d29e790981b0b0ab454487d9cc2.jpg,"Bristol, United Kingdom",51.4538022,-2.5972985,2026-09-24 02:10:06
Faster Horses,Soenda Indoor Werkspoorkathedraal 2026,2026-11-21T00:00:00.000,/events/2474210,Benwal | Faster Horses | LAMMER | MALUGI | Olympe4000 | THELMA | SAIDAH | Schwesta P,Werkspoorkathedraal,All,Netherlands,https://images.ra.co/3687bfa05d96f212a0179ee896b06828f0e3f718.png,"Werkspoorkathedraal, Netherlands",52.1051377,5.0796795,2026-06-24 00:40:48
Faster Horses,"WHP presents: XXL, Manchester",2026-11-28T00:00:00.000,/events/2521666,2FEL | 4000 Hz | Alex Farell | MXGN | Anetha | Azyr | Bella Claxton | Kyle Starkey | Darren Styles | DJ Bax | DJ SWISHERMAN | ENFAN | Faster Horses | HANAA | IceLipzz | KimberlaID | KIRSTY | KUKO | Laze | KIRARA | Lolalita | MCR-T | Nanna Makina | MC Tazo | Nyra | Paul Seul | Krampf | Pegassi | Restricted | Samuel Moriero (2) | Stinny Stone | Trym | Vieze Asbak | Onlynumbers | Vladimir Dubyshkin | Winson | Yanamaste | Yasmin Regisford,Depot Mayfield,Manchester,United Kingdom,https://images.ra.co/97d76cf6248b90d81d1496e3475d57364ea2fcb9.png,"Manchester, United Kingdom",53.4794892,-2.2451148,2026-09-03 02:14:48
Faster Horses,DALMA Festival 2026,2026-12-04T00:00:00.000,/events/2466306,Adrian Mills | Anetha | Chlär | Freddy K | chouhal | Clara Cuvé | Dasha Rush | DVS1 | Faster Horses | Georg MT | Human Safari | I Hate Models | Jeff Mills | Kyle Cortis | NEUX | NOVAH | ØTTA | Partiboi69 | Rødhåd | ROW1 | Scythe | OKSY | ÜBERKIKZ | Vagabund | Yanamaste,MFCC Arena,All,Malta,https://images.ra.co/87c6ed7b9da7b5804a0777caf68357e36733f1cf.jpg,"MFCC Arena, Malta",35.9311442,14.3951627,2026-06-15 00:56:01
Faster Horses,SHINE x INDEX -- Interplanetary Criminal,2026-12-05T00:00:00.000,/events/2543181,Interplanetary Criminal | Faster Horses | DIEBYVEG,The Telegraph Building,Belfast,United Kingdom,https://images.ra.co/b1bbb28b32edefd536605079375371776e48bc14.jpg,"Belfast, United Kingdom",54.596391,-5.9301829,2026-09-24 02:10:06
Faster Horses,Teletech London,2026-12-19T00:00:00.000,/events/2551802,Adrian Mills | Alex Farell | MXGN | Anetha | Benwal | Faster Horses | Clouds | HANAA | KIRSTY | Kobosil | Lolalita | MarcelDune | MCR-T | SPFDJ | NOVAH | Paul Seul | Laze | seretide | SLVL | Trym | Vivace (UK) | Yoshiko,DRUMSHEDS,London,United Kingdom,https://images.ra.co/74de7d65b1b255c9d556765900c78947772cd36c.png,"London, United Kingdom",51.5074456,-0.1277653,2026-10-07 03:13:37
Faster Horses,Radar Festival Perth,2026-12-28T00:00:00.000,/events/2534055,AK SPORTS | Azyr | Bella Claxton | Boys Noize | Carla Martinez | Club Angel | DJ Seinfeld | Emma Moon | Faster Horses | Juicy Romance | Julian Fijma | Locky | Ned Bennett | Osmosis Jones | Partiboi69 | Riordan | salute | Sam Alfred | Soul Mass Transit System | southstar | Tommy Holohan,Langley Park,Perth,Australia,https://cdn.sanity.io/images/6epsemdp/production/b7d83a32bba8e46b37bc22edd92ed71cef47b091-1920x1280.jpg?w=640&fit=clip&auto=format,"Perth, Australia",-31.9558933,115.8605855,2026-09-11 02:01:35
Faster Horses,Beyond The Valley,2026-12-28T00:00:00.000,/events/2499611,"Afrodisiac | After X | AKEYLAH | Anetha | Arielle Free | Armand Van Helden | bellxsxs | Benwal | BIIANCO | Boys Noize | Bryson Hill | Carla Martinez | Club Angel | DART | Dean Turnley | DJ PGZ | Eva Charley | Ewan McVicar | Faster Horses | Frost Children | Funk Tribu | Hamdi | Hannah Laing | Helena Lauwaert | Jackie Hollander | Jamback | Jayda G | Job Jobse | John Summit | Jordan Brando | Luuk van Dijk | JUPiTA | bbsanii | Kiara Friend | KI/KI | Kyle Starkey | Layton Giordani | Lex (GR) | Love, Jess | Mella Dee | Mia Koden | MPH (1) | Nia Archives | Nice Girl | nimino | Oppidan | oskar med k | Overmono | Renaessance | Riordan | Saint Ludo | salute | Skepta | Soul Mass Transit System | southstar | SPFDJ | THC | Tiff Cornish | Tommy Holohan | VANNA | WAXX OFF | WOLTERS | WVCHWY | X & Ivy",Barunah Plains,Victoria,Australia,https://images.ra.co/42ccb12d5c81c31dd033479caf74f8b29147e555.png,"Victoria, Australia",-36.5986096,144.6780052,2026-07-29 00:29:15
Faster Horses,Radar Festival Brisbane,2027-01-02T00:00:00.000,/events/2534060,AK SPORTS | Bella Claxton | Boys Noize | Carla Martinez | Club Angel | DJ Seinfeld | Emma Moon | Faster Horses | Juicy Romance | Julian Fijma | Locky | Osmosis Jones | Partiboi69 | Riordan | salute | Sam Alfred | Soul Mass Transit System | southstar | Tommy Holohan,Superordinary,Brisbane,Australia,https://images.ra.co/1c6a678d844b2d149381777281d20ce6b8af6447.jpg,"Brisbane, Australia",-27.4689682,153.0234991,2026-09-11 02:01:35
Fenrick,Fuse presents: Fenrick (all night long) & Riana Holley (all night long),2026-10-09T00:00:00.000,/events/2522823,Fenrick | Riana Holley,Fuse,Brussels,Belgium,https://images.ra.co/9b9845728d5644c86e3682552bea108954391cbd.jpg,"Brussels, Belgium",50.8465573,4.351697,2026-08-29 00:10:44
Fenrick,EMBER ARTISTS x ADE,2026-10-21T00:00:00.000,/events/2521836,Bérou | BIIANCO | DJ Hyperdrive | DURDENHAUER | Fenrick | FJUSHA | KTK (DE) | L.zwo | VEL (MA),Yellow House,Amsterdam,Netherlands,https://images.ra.co/151a2cbf65d8c9678ac78bfb80c2837297bbe225.jpg,"Amsterdam, Netherlands",52.3730796,4.8924534,2026-08-27 01:29:07
Fenrick,Intercell x SPFDJ Invites - ADE By Night,2026-10-24T00:00:00.000,/events/2473386,Fenrick | Lisa Korver | Megra | PETERBLUE | Slim Soledad | SPFDJ,H7 Warehouse,Amsterdam,Netherlands,https://images.ra.co/a7fc5b985e0d8da1e02c29b51d3cb234e8d9247c.jpg,"Amsterdam, Netherlands",52.3730796,4.8924534,2026-06-25 00:45:25
Fenrick,BASIS/ Fenrick/ HOESEPHINE/ NORO$T/ Trias Kinetica,2026-11-21T00:00:00.000,/events/2548546,Fenrick | HOESEPHINE | NORO$T | Trias Kinetica,BASIS,Utrecht,Netherlands,https://images.ra.co/025f55c6c46579ff9a6094692d4c984e170f8537.png,"Utrecht, Netherlands",52.0907006,5.1215634,2026-10-01 03:03:35
Fenrick,"KROM:  MATRAKK, KTK, Fenrick ",2026-12-31T00:00:00.000,/events/2518454,MATRAKK | Fenrick | KTK (DE) | STU (FR),KALT,Strasbourg,France,https://cdn.sanity.io/images/6epsemdp/production/b7d83a32bba8e46b37bc22edd92ed71cef47b091-1920x1280.jpg?w=640&fit=clip&auto=format,"Strasbourg, France",48.584614,7.7507127,2026-10-04 03:24:38
Folamour,NX LOVES and Fever 105 PRESENTS - Folamour,2026-10-23T00:00:00.000,/events/2532118,Folamour | MiNNA | Young Pulse,NX Newcastle,Newcastle,United Kingdom,https://images.ra.co/6c58143d2c6a6f891f9a2d5e6b149f228a7c7837.jpg,"Newcastle, United Kingdom",54.9738474,-1.6131572,2026-09-11 02:01:35
Folamour,DGTL ADE Folamour All Day Long,2026-10-25T00:00:00.000,/events/2474448,Folamour,De Kromhouthal,Amsterdam,Netherlands,https://images.ra.co/ad7fd67eccc44b7ed97afd84db99e28fb634dfc4.png,"Amsterdam, Netherlands",52.3730796,4.8924534,2026-06-24 00:40:48
Folamour,House Arena,2026-11-07T00:00:00.000,/events/2531237,Folamour | Dan Shake | Demi Riquisimo,Roig Arena,Valencia,Spain,https://images.ra.co/8b893d871cdca9c7cf34b866f0d8472476a20f64.jpg,"Valencia, Spain",39.4697065,-0.3763353,2026-09-08 02:13:37
Folamour,"La Discothèque with Folamour, Dan Shake, Ron Trent, Jayda D",2026-11-13T00:00:00.000,/events/2496919,Purple Disco Machine | Folamour | Masters At Work | Louie Vega | Kenny Dope | Dan Shake | Jenna G | SIGGY | Ron Trent | Jayda G | Jennifer Loveless | Tarzsa | Dombresky | DJ Paulette | Heléna Star | Daisybelle,DRUMSHEDS,London,United Kingdom,https://images.ra.co/2e10c5c80695a5eb85fc3233d36aa977f7bfc5e9.png,"London, United Kingdom",51.5074456,-0.1277653,2026-07-31 00:42:03
Four Tet,Head Trip Festival 2026,2026-10-10T00:00:00.000,/events/2391434,Calvin Harris | Swedish House Mafia | Skrillex | FISHER | Chris Lake | Peggy Gou | Four Tet | Dom Dolla | KETTAMA | Seth Troxler | Ben Sterling | The Blessed Madonna | DJ Harvey | Avalon Emerson | Ben UFO | Eris Drew | Octo Octa | Floating Points | Mad Professor | Theo Parrish,Empire Polo Club,Palm Springs,United States of America,https://images.ra.co/075dac9bef7577f44db5880a5ccf7e390b212b3f.png,"Palm Springs, United States of America",33.8246269,-116.540303,2026-03-12 00:27:26
Four Tet,III Points 2026,2026-10-16T00:00:00.000,/events/2428241,619! | 999999999 | AABEL | SIEGEL (2) | Adam Port | OMRI. | Ale Acosta | HAZÓN | ALEJO (US) | Alexx in Chainss | Aphex Twink | FORESEER | Artime | Mystic Bill | Ashley Venom | Souls Departed | B0YG1RL | Baby Jesus | CHAOS! | Bakke | Bassvictim | Beltran | Ben Sterling | Bill Patrick | Bort | Blood Orange | Bonita Applebumz | bozito | Gabo Escalona | Bricolage | DAY/DEM | Brunello | Rafael | Cami di Marzo | Charlotte de Witte | ChaseWest | Cloonee | Coffintexts | DJ Fuckoff | Cole Knight | Connan Mockasin | DJ D.Luxe | Daizy | Danny Brown | Danny Daze | DJ Godfather | Daphni | David Vunk | Dean Turnley | Deep Cleansing | DIFFER | DJ Harvey | DJ Ray (2) | EZ Dee | DJ SABI | GRUE5OME | DJ Three | Sister System | DomnRob | Dr. Rubinstein | Ultrathem | Duality (US) | gumthewrapper | Dude Skywalker | Eli Escobar | Jubilee | Elias Garcia | Mila Gama | eveava | JOVIGIBS | Extra Andrew | Mutant Pete | feph | Mr. Tron | Fiin | FiNE | FIUZA (MX) | Madison Kay | Floating Points | Flying Lotus | Four Tet | Generous B | Gio Elia | Meghan Lee | Grace Arribas | Marte | grant sabadash | Shir Miya | HAAi | Hamdi (UK) | Heidi Lawden | Honey Dijon | horsegiirL | Idriss D | Danyelino | Interplanetary Criminal | INVT | Ivy Lab | Jacques Greene | Jane Remover | Jason Rault | JBZ | Jeremy Ismael | Jinks | Romulo Del Castillo | Joanna Kuchta | Robyn Sin Love | Joss Dean | ¥ØU$UK€ ¥UK1MAT$U | Jump Source | Katie Ox | Nat Siriani | Kelela | KETTAMA | KI/KI | KinAhau | KUJO (US) | RARA (US) | Kumi | La BB | Lady Narcisse | Racci | Lotusoph | Julia Saturno | Loukeman | Lousy Lover | Lupreme | SANTO | Pezlo MD | Machine Girl | Maher Daniel | Malone | Mango | Marco Carola | Franky Rizardo | Marie Qrie | Viva Vidal | Marsolo | Mary Droppinz | Max Dean | Luke Dean_ | Max Styler | Vintage Culture | MEGUSTA | Miguel Clark | Naim Zarzour | Saraga | x3butterfly | Milo Ziro | Xilla | Monoky (2) | Moscoman | MPH (1) | Mr. Bitch | Natalia Roth | Max Stern | Nicholas G. Padilla | Nick León | Safety Trance | Nicole Gallamini | Nikita Green | Nii Tei | oma totem | True Vine | p1no | Trippie Hippie (US) | Patch+ | PAWSA | Peach | Shanti Celeste | phiphi | Winter Wrong | Pressure Point (US) | Berrakka | PROLETAR | Puma (US) | Purity Ring | R/V Calypso | RAJE | slugg | Rebolledo | Red Axes | Rello | Rimaye | Inbal | Roman Flügel | RUDE BOY (US) | SDRV | Sam Alfred | SATURNSARii | Suz | Sel.6 | serafitz | Seth Troxler | Shinobi | Silvie Loto | Ms. Mada | Sosa | Spice Crime | Violeta | Sunn O))) | Terence Tabeau | Tiffy Vera | Thunderpony | Tiga | Tokischa | Tricky | Uchi | Underworld | v1fro | vsyana | VTSS | Whitesquare | Will Buck | Taimur | Will Renuart | YHWH Nailgun | ZEP (NL),Mana Wynwood,Miami,United States of America,https://images.ra.co/6aa1f53c55107b226c4a2d93932f524848c0ba48.png,"Miami, United States of America",25.7741728,-80.19362,2026-04-30 00:41:18
Four Tet,"Satellite: Disco Lines, Four Tet B2B Floating Points B2B Daphni, horsegiirL, KETTAMA + MORE",2026-10-17T00:00:00.000,/events/2547943,Four Tet | Floating Points | Daphni | horsegiirL | KETTAMA | Marte | MPH (1) | VTSS,Club Space Miami,Miami,United States of America,https://images.ra.co/5bc4035b845de9d62d4ab17c37dc9687e2f3c013.jpg,"Miami, United States of America",25.7741728,-80.19362,2026-09-29 03:15:00
Four Tet,Four Tet (Extended Set),2026-10-31T00:00:00.000,/events/2485882,Four Tet,The Concourse Project,Austin,United States of America,https://images.ra.co/422f8afe40a4c7f9dd0cc5ea74966d580d1b543c.png,"Austin, United States of America",30.2711286,-97.7436995,2026-07-09 00:51:37
Four Tet,WHP26 presents: Eat Your Own Ears,2026-11-21T00:00:00.000,/events/2521681,Peggy Gou | MPH (1) | Four Tet | Ben UFO | Hamdi | 4am Kru | Kaitlyn Aurelia Smith | Zuri | Brodinski | Slikback | Oppidan | DJ BORING | HAAi | The Avalanches | Chaos In The CBD | STRAWBRY | Larimae | Saint Ludo | p-rallel | ATRIP | RHR | Baalti | Flava D | Aletha | Chloé Robinson | Mount Kimbie | Josi Devil | IceMorph | Hekt | Anish Kumar | Hagop Tchaparian,Depot Mayfield,Manchester,United Kingdom,https://images.ra.co/f0bff53f7f32457e6c340a5e56e534ed4cfc7d9f.png,"Manchester, United Kingdom",53.4794892,-2.2451148,2026-09-03 02:14:48
Franky Rizardo,No Art Lisbon 2026,2026-10-10T00:00:00.000,/events/2511495,ANOTR | Franky Rizardo | Mau P | Jennifer Loveless | Klin Klop | SG Lewis,"TBA - Passeio Marítimo de Algés, Portugal",Lisbon,Portugal,https://images.ra.co/13e974a8c244eb677b1bb218de62a67ec1132f19.jpg,"Lisbon, Portugal",38.7077507,-9.1365919,2026-08-13 00:30:26
Franky Rizardo,"Music On: Marco Carola, Franky Rizardo, Mason Collective",2026-10-16T00:00:00.000,/events/2544573,Marco Carola | Franky Rizardo | Mason Collective,Pacha New York,New York City,United States of America,https://images.ra.co/d1b711d848561232aa6624ebbeae207a06b76e50.jpg,"New York City, United States of America",40.7127281,-74.0060152,2026-09-24 02:10:06
Franky Rizardo,III Points 2026,2026-10-16T00:00:00.000,/events/2428241,619! | 999999999 | AABEL | SIEGEL (2) | Adam Port | OMRI. | Ale Acosta | HAZÓN | ALEJO (US) | Alexx in Chainss | Aphex Twink | FORESEER | Artime | Mystic Bill | Ashley Venom | Souls Departed | B0YG1RL | Baby Jesus | CHAOS! | Bakke | Bassvictim | Beltran | Ben Sterling | Bill Patrick | Bort | Blood Orange | Bonita Applebumz | bozito | Gabo Escalona | Bricolage | DAY/DEM | Brunello | Rafael | Cami di Marzo | Charlotte de Witte | ChaseWest | Cloonee | Coffintexts | DJ Fuckoff | Cole Knight | Connan Mockasin | DJ D.Luxe | Daizy | Danny Brown | Danny Daze | DJ Godfather | Daphni | David Vunk | Dean Turnley | Deep Cleansing | DIFFER | DJ Harvey | DJ Ray (2) | EZ Dee | DJ SABI | GRUE5OME | DJ Three | Sister System | DomnRob | Dr. Rubinstein | Ultrathem | Duality (US) | gumthewrapper | Dude Skywalker | Eli Escobar | Jubilee | Elias Garcia | Mila Gama | eveava | JOVIGIBS | Extra Andrew | Mutant Pete | feph | Mr. Tron | Fiin | FiNE | FIUZA (MX) | Madison Kay | Floating Points | Flying Lotus | Four Tet | Generous B | Gio Elia | Meghan Lee | Grace Arribas | Marte | grant sabadash | Shir Miya | HAAi | Hamdi (UK) | Heidi Lawden | Honey Dijon | horsegiirL | Idriss D | Danyelino | Interplanetary Criminal | INVT | Ivy Lab | Jacques Greene | Jane Remover | Jason Rault | JBZ | Jeremy Ismael | Jinks | Romulo Del Castillo | Joanna Kuchta | Robyn Sin Love | Joss Dean | ¥ØU$UK€ ¥UK1MAT$U | Jump Source | Katie Ox | Nat Siriani | Kelela | KETTAMA | KI/KI | KinAhau | KUJO (US) | RARA (US) | Kumi | La BB | Lady Narcisse | Racci | Lotusoph | Julia Saturno | Loukeman | Lousy Lover | Lupreme | SANTO | Pezlo MD | Machine Girl | Maher Daniel | Malone | Mango | Marco Carola | Franky Rizardo | Marie Qrie | Viva Vidal | Marsolo | Mary Droppinz | Max Dean | Luke Dean_ | Max Styler | Vintage Culture | MEGUSTA | Miguel Clark | Naim Zarzour | Saraga | x3butterfly | Milo Ziro | Xilla | Monoky (2) | Moscoman | MPH (1) | Mr. Bitch | Natalia Roth | Max Stern | Nicholas G. Padilla | Nick León | Safety Trance | Nicole Gallamini | Nikita Green | Nii Tei | oma totem | True Vine | p1no | Trippie Hippie (US) | Patch+ | PAWSA | Peach | Shanti Celeste | phiphi | Winter Wrong | Pressure Point (US) | Berrakka | PROLETAR | Puma (US) | Purity Ring | R/V Calypso | RAJE | slugg | Rebolledo | Red Axes | Rello | Rimaye | Inbal | Roman Flügel | RUDE BOY (US) | SDRV | Sam Alfred | SATURNSARii | Suz | Sel.6 | serafitz | Seth Troxler | Shinobi | Silvie Loto | Ms. Mada | Sosa | Spice Crime | Violeta | Sunn O))) | Terence Tabeau | Tiffy Vera | Thunderpony | Tiga | Tokischa | Tricky | Uchi | Underworld | v1fro | vsyana | VTSS | Whitesquare | Will Buck | Taimur | Will Renuart | YHWH Nailgun | ZEP (NL),Mana Wynwood,Miami,United States of America,https://images.ra.co/6aa1f53c55107b226c4a2d93932f524848c0ba48.png,"Miami, United States of America",25.7741728,-80.19362,2026-08-20 00:22:51
Franky Rizardo,GASHOUDER presents: Flow by Franky Rizardo [Sold Out],2026-10-24T00:00:00.000,/events/2447959,Franky Rizardo | AAT (NL) | Cloonee | Easttown | Grace Arribas | Mason Collective,GASHOUDER,Amsterdam,Netherlands,https://images.ra.co/673131d5bee591b12a5adea2ad23786bdc5fb090.jpg,"Amsterdam, Netherlands",52.3730796,4.8924534,2026-06-18 00:52:48
Franky Rizardo,A'DAM Toren ADE 2026,2026-10-21T00:00:00.000,/events/2403606,Ajuma | Aline Rocha | Anil Aras | bullet tooth | Carl Craig | CHEWCHEW | Cinthie | Dan Shake | David Penn | Demi Riquisimo | DJ Holographic | DJ Tennis | Dusky | Easttown | Ella Knight | Elliot Schooling | Emma 2000 | Ferreck Dawn | Franky Rizardo | Hot Since 82 | Hunee | Ian Pooley | Idriss D | Isaac Carter | Jamie Fielding | Job de Jong | Joëlla Jackson | Julian Anthony | Kamma | Kevin Saunderson | Kitty Amor | Kyle Hall | Laidlaw | Liam Palmer | Locklead | Low Steppa | Marsolo | Masalo | Mason Collective | Matthew Dear | Mousse T. | Obskur | Omar+ | Retromigration | ROOG | Ryan Elliott | Sedef Adasï | Stella Zekri | Suze Ijó | Truly Madly,A'DAM Toren,Amsterdam,Netherlands,https://images.ra.co/0f73a7606779c31605ca99ea4083fb9483510ec6.jpg,"Amsterdam, Netherlands",52.3730796,4.8924534,2026-07-26 00:41:26
Franky Rizardo,Factory 93: Halloween Weekender (10/30 + 10/31) at Gold Bar Hangar,2026-10-30T00:00:00.000,/events/2494924,999999999 | Adra | Boys Noize | SALOME | Indira Paganotto | Richie Hawtin | Yanamaste | Franky Rizardo | Jamie Jones | Papa Lu | Silvie Loto | SOSA (UK),Gold Bar Hangar,California,United States of America,https://images.ra.co/0b9cb664f0dc896497073346c06558ebb50090c5.png,"California, United States of America",36.7014631,-118.755997,2026-07-23 00:41:14
Franky Rizardo,Escape Halloween,2026-10-30T00:00:00.000,/events/2523917,999999999 | A Little Sound | AC Slater | Adam Ten | Adventure Club | Alex Chapman | Zoe Gitter | Alok | Andruss | Anime | Avalon Emerson | Azyr | Benny Benassi | Bou (UK) | Cat (US) | Cera Khin | Champion | CHRYSALIS | Clara Cuvé | Cloonee | Coone | Cyclops | Dabin | Darren Styles | Dimitri Vegas & Like Mike | DJ Heartstring | DJ Tennis | Excision | Frontliner | Funk Assault | Galantis | Gammer | HerShe | Ian Asher | Indira Paganotto | Jamie Jones | Franky Rizardo | Joseph Capriati | SOSA (UK) | JSMN | Kill The Kid | Kana Hishiya | KLOUD | KREAM | LNY TNZ | Liquid Stranger | LUMI | Maddix | MALUGI | Mish | Morelia | Morten | Nervo | Nina Kraviz | Pixie Dust | Richie Hawtin | Sedef Adasï | Showtek | Silvie Loto | Steve Aoki | Trancemaster Krause | Trym | Yanamaste | Zedd,NOS Event Center,Los Angeles,United States of America,https://images.ra.co/5d0fc8bda2810a8f0e0cbace1cd2de54e960e00d.png,"Los Angeles, United States of America",34.0536909,-118.242766,2026-08-29 00:10:44
Franky Rizardo,Hocus Pocus 2026 ,2026-10-30T00:00:00.000,/events/2487710,ALISHA | Âme | ANNĒ | Apollonia | Arina Krondeva | ATRIP | Azzecca | Baauer | Berrakka | Bushbaby | Caleb Jackson | Cami di Marzo | camoufly | Cassian | Chase & Status | ChaseWest | Chloé Caillet | Cole Knight | Conducta | Danny Daze | Darco | DAX J | DJ BORING | DJ Seinfeld | Effy | Elad | Eli Escobar | Eric Prydz | Franky Rizardo | Chlär | Alarico | Generous B | Gorgon City | Hudson Mohawke | Inbal | Indira Paganotto | Jamie Jones | Jayda G | Jean Pierre | Jordan Brando | Joseph Capriati | Julya Karma | Kerri Chandler | Kevin Saunderson | Kiddo | Layton Giordani | Mall Grab | MALUGI | Marcel Dettmann | Marco Strous | Marte | Mary Droppinz | Matthew Dear | Meduza | Monoky (2) | Nicole Gallamini | Nora En Pure | Prospa | Purple Disco Machine | Quest | RAJE | Rooléh | RSquared | Salomé Le Chat | salute | Seth Troxler | Shir Miya | SIEGEL (2) | Sinopoli | Skream | SLAMM | slugg | Sol Ortega | Somewhen | Souls Departed | Special Request | The Chronics | Todd Edwards | Vitess | Will Renuart | William Kiss | X CLUB. | X-Coast | Yamagucci | Yanamaste,Factory Town,Miami,United States of America,https://images.ra.co/2da74af63ba8ed4198a16bf3f7c9c048b252b0bf.png,"Miami, United States of America",25.7741728,-80.19362,2026-08-07 01:25:24
Franky Rizardo,EDC Orlando,2026-11-06T00:00:00.000,/events/2523916,Alesso | Bou (UK) | Adventure Club | Prospa | Josh Baker | Brunello | Azzecca | Matthias (1) | bullet tooth | MALUGI | RAJE | ALVES (PT) | Max Dean | Dennis Cruz | Franky Rizardo | Miguelle | KinAhau | Mai iachetti | Monoky (2) | I Hate Models | Ian Asher | Esse | Deorro | Of The Trees | San Holo | KlangKuenstler | KI/KI | Boys Noize | Marlon Hoffstadt | Ultrathem,Tinker Field,Orlando,United States of America,https://images.ra.co/3c8ed75a450470b50e65ccdd8d3dcddde040a526.png,"Orlando, United States of America",28.5421218,-81.379045,2026-08-29 00:10:44
Franky Rizardo,LOOP x Rebels with Franky Rizardo,2026-11-13T00:00:00.000,/events/2537375,Franky Rizardo,Pandora Sevilla,South,Spain,https://images.ra.co/8cafc1524993f1139282ac5bb5979def338383ea.png,"Pandora Sevilla, Spain",37.3914132,-5.9953027,2026-09-19 02:28:10
Franky Rizardo,Time Warp Mexico 2026,2026-11-20T00:00:00.000,/events/2376196,Alarico | Ben Klock | Andy Martin | Anfisa Letyago | The Blessed Madonna | Chlär | DAX J | DJ Stingray 313 | Helena Hauff | DVS1 | Maceo Plex | Ogazón | Sven Vath | Zombies In Miami | Beltran | Clara Cuvé | SPFDJ | Cristobal Pesce | David Löhlein | La Bad Curly | DESIREE (RSA) | DJ Tennis | Seth Troxler | Ede | Franky Rizardo | Indira Paganotto | NOVAH | PARAMIDA | Reinier Zonneveld,Expo Santa Fe,Mexico City,Mexico,https://images.ra.co/a6ba147944a815481fb5b1077d850c326dfd5103.png,"Mexico City, Mexico",19.4326296,-99.1331785,2026-09-19 02:28:10
Franky Rizardo,Time Warp NYC 2026,2026-11-20T00:00:00.000,/events/2518700,Adiel | Âme | Anetha | Annie Lew | Brunello | ChaseWest | Chlär | DJ Tennis | Red Axes | DVS1 | Franky Rizardo | Indira Paganotto | Julya Karma | Kilopatrah Jones | KlangKuenstler | KYRUH | NOVAH | Rose Kourts | Silvie Loto | Sven Vath | VTSS,Duggal Greenhouse,New York City,United States of America,https://images.ra.co/df8c33b0060b42680c3daf6bbff5c2d1c684fba2.jpg,"New York City, United States of America",40.7127281,-74.0060152,2026-08-22 00:24:03
Franky Rizardo,Franky Rizardo presents FLOW (Extended Set) - Austin,2026-12-03T00:00:00.000,/events/2526537,Franky Rizardo,The Concourse Project,Austin,United States of America,https://images.ra.co/10cb9c284a3baea6e4fb0c8cf447bfa51e167335.png,"Austin, United States of America",30.2711286,-97.7436995,2026-09-03 02:14:48
Franky Rizardo,Factory Basel,2026-12-02T00:00:00.000,/events/2551502,Aline Umber | Ammo Avenue | ANNĒ | Annie Lew | Bastian Bux | Beltran | Ben Sterling | Broodoo Ramses | Cam Stockman | Carlita | ChaseWest | Chlär | Chloé Caillet | Chris Lake | Coffintexts | D.Dan | Dennis Ferrer | Dixon | DJ Holographic | DJ Minx | DJ TOOL | Eats Everything | Ferra Black | FLETCH | Franky Rizardo | GENNARO | Gordo | HAAi | HALFPINT | HoneyLuv | Jamback | Jay de Lys | Jesse Perez | Jimi Jules | Jubilee | Julian Fijma | Jyoty | Krol | Luciano | Luke Dean_ | Mai iachetti | Make A Dance | Malone | Mason Collective | Max Dean | Maxi Meraki | Miguelle | TONS | Mike Servito | Moorhaus | Omar+ | OMRI. | Paco Osuna | Palms Trax | Paula Tape | PAWSA | Pressure Point | Prospa | Rafael | Rampa | Rony Seikaly | Rossi | salute | Sedef Adasï | Seth Troxler | SHDW | Sister System | Solomun | TEED | The Martinez Brothers | Tommy Phillips | UNiiQU3 | Zack Fox,Factory Town,Miami,United States of America,https://images.ra.co/c3d316d5007712c67793ac156fb8de95bcb33ed3.jpg,"Miami, United States of America",25.7741728,-80.19362,2026-10-04 03:24:38
Franky Rizardo,"Franky Rizardo & MORE ARTISTS - by LA FABRICA, CORDOBA",2026-12-07T00:00:00.000,/events/2443715,Franky Rizardo,"TBA - La Fabrica, Cordoba",All,Argentina,https://images.ra.co/94021c5fe592dcb2be964f6ce11e0bb999a80a0a.png,"TBA - La Fabrica, Cordoba, Argentina",-34.9964963,-64.9672817,2026-06-06 00:45:38
Franky Rizardo,Franky Rizardo,2027-02-20T00:00:00.000,/events/2539483,Franky Rizardo,Savaya Bali,Bali,Indonesia,https://images.ra.co/82e1516ddae2afa9b0445c052f127aea6e42fddd.jpg,"Bali, Indonesia",-8.2271303,115.1919203,2026-09-19 02:28:10
Franky Rizardo,"SXM Festival 10TH YEAR ANNIVERSARY - MARCH 17-21, 2027",2027-03-17T00:00:00.000,/events/2419838,Bob Sinclar | Brunello | Chelina Manuhutu | Claptone | Deer Jade | Dennis Cruz | Dombresky | Franky Rizardo | Guy Gerber | Hilel Lev | Jackie Hollander | Julia Sandstorm | Linska | Malive | Matt Sassari | Max Styler | Meduza | Patrick Topping | PAUZA | Sasha | Sistek | Tini Gessler | Tom & Collins | Tony Romera,Happy Bay Beach,All,Saint Martin,https://cdn.sanity.io/images/6epsemdp/production/b7d83a32bba8e46b37bc22edd92ed71cef47b091-1920x1280.jpg?w=640&fit=clip&auto=format,"Happy Bay Beach, Saint Martin",18.0996205,-63.0722051,2026-09-24 02:10:06
Funk Tribu,Armin van Buuren presents The Orb,2026-10-10T00:00:00.000,/events/2511805,Armin van Buuren | Funk Tribu,Factory Town,Miami,United States of America,https://images.ra.co/afe850e38e0267f97df0ccca232cb48c1feb92b4.png,"Miami, United States of America",25.7741728,-80.19362,2026-08-13 00:30:26
Funk Tribu,EDC Colombia,2026-10-10T00:00:00.000,/events/2525343,Beyond | Afrojack | Green Velvet | AISHA | Alesso | Alok | ANNA | Armand Van Helden | Armin van Buuren | Artbat | Astrix | Beltran | Billy Gillies | BLOND:ISH | bolo | Boris Brejcha | CamelPhat | Carlita | Cato Anaya | Chase & Status | Cole Knight | Confidential Recipe | Coone | Cosmic Gate | Dagga | Deadmau5 | Deorro | Diossa | DJ Holographic | Dombresky | Felipe Gordon | Marcellus Pittman | Francis Mercier | Funk Tribu | Hannah Laing | Hardt Antoine | HoneyLuv | Infected Mushroom | ISAbella | Jamie Jones | Kaskade | KhoMha | Korolova | Laurie | Loumie | LP Giobbi | LUCH (MEX) | Maceo Plex | Matta | Gabo Forero | Memek | Julio Garcés | MËSTIZA | Mischluft | Miss Monique | Nico Moreno | Noise Mafia | PETERBLUE | Pablo Romero | Pachanga Boys | Restricted | Richie Hawtin | SeBAss | Showtek | Shubostar | Steve Dekay | Taylor Torrence | Varju | Vintage Culture,Unidad Deportiva Atanasio Girardot,Medellin,Colombia,https://images.ra.co/55a6f28e351602e20cf84b142485fad3ea90957c.png,"Medellin, Colombia",6.269732449999999,-75.60255965090315,2026-09-03 02:14:48
Funk Tribu,Funk Tribu,2026-10-15T00:00:00.000,/events/2478686,Funk Tribu,The Concourse Project,Austin,United States of America,https://images.ra.co/ee7149c636fbeee746c50afae62ceac363b1e6b0.png,"Austin, United States of America",30.2711286,-97.7436995,2026-06-30 00:36:28
Funk Tribu,RUSH presents - Funk Tribu: Day & Night,2026-10-17T00:00:00.000,/events/2467347,Afem Syko | Funk Tribu | Ksenyeah | LOVEFOXY | Supergloss | x3butterfly,Knockdown Center,New York City,United States of America,https://images.ra.co/8165a9d3ed82a7a042f0ebc5f2bf9680802a2419.jpg,"New York City, United States of America",40.7127281,-74.0060152,2026-06-27 00:44:23
Funk Tribu,"TRIBE CLUB SERIES with Funk Tribu, Supergloss, Linds, Tom Carroll & KARISH",2026-11-06T00:00:00.000,/events/2496527,Funk Tribu | Supergloss | Linds | KARISH,RSO.BERLIN,Berlin,Germany,https://images.ra.co/eee2689f4ba2f24b5ecb296c5eb2bea6e7dfda0c.jpg,"Berlin, Germany",52.510885,13.3989367,2026-07-24 00:42:43
Funk Tribu,Funk Tribu,2026-11-13T00:00:00.000,/events/2483110,Funk Tribu | RESA UTOPICA | GLADJEE,Gate Milano,Milan,Italy,https://images.ra.co/75fc795e31a4be232ea2aec38e97e62b23f25105.png,"Milan, Italy",45.4641943,9.1896346,2026-07-07 00:30:37
Funk Tribu,A State Of Trance with Armin van Buuren,2026-11-14T00:00:00.000,/events/2454795,Amber Broos | Arielle | Ben Hemsley | Cosmic Gate | Ferry Corsten | Funk Tribu | GIA | Jordan Tilstone | Olive Anguz | Pegassi | River (1) | Ruben de Ronde | The Rocketman | Thick As Thieves,DRUMSHEDS,London,United Kingdom,https://images.ra.co/0910f4754db231a98e6a532f913861b9cadbdab9.jpg,"London, United Kingdom",51.5074456,-0.1277653,2026-08-08 00:12:37
Funk Tribu,Funk Tribu PRES. TRIBE PARIS,2026-11-20T00:00:00.000,/events/2465348,Funk Tribu,TBA - Paris,Paris,France,https://images.ra.co/0fd89b823097fc5b03ffc388848abd0d8b2f0fa1.png,"Paris, France",48.8588897,2.3200410217200766,2026-06-15 00:56:01
Funk Tribu,Time Warp Los Angeles 2026,2026-11-27T00:00:00.000,/events/2512911,Ben Klock | Blawan | Elli Acula | Chlär | Cloudy | Colored Craig | D.Dan | Freddy K | Dennis Ferrer | Skream | DESIREE (RSA) | East End Dubs | fun2bjane | Funk Tribu | Gerd Janson | Julya Karma | HAAi | Heidi Lawden | Masha Mar | Helena Hauff | Juliana Huxtable | INVT | John Bryars | Loco Dice | Luuk van Dijk | The Martinez Brothers | NOVAH | ONYVAA | Ønyx | ØTTA | Quest (IT) | Ryan Elliott | Richie Hawtin | Rødhåd | SOSA (UK) | southstar | SPFDJ | TOCCORORO | Tiga,Ace*Mission Studios,Los Angeles,United States of America,https://images.ra.co/dd687e1f42da407b708fc69763e4ef20da1280da.png,"Los Angeles, United States of America",34.0536909,-118.242766,2026-10-01 03:03:35
Funk Tribu,Wildlands Festival - Brisbane,2026-12-31T00:00:00.000,/events/2498640,Anetha | SPFDJ | Benwal | Kyle Starkey | Dean Turnley | Ewan McVicar | Frost Children | Funk Tribu | Hamdi | Hannah Laing | John Summit | KI/KI | Layton Giordani | Lens (2) | MPH (1) | Nia Archives | Oppidan | Overmono | Saint Ludo | Skepta | Yikes,Brisbane Showgrounds,Brisbane,Australia,https://images.ra.co/dd28e1fac02e3f60a136163ba8e21b09a57cced7.png,"Brisbane, Australia",-27.4689682,153.0234991,2026-07-31 00:42:03
Funk Tribu,Beyond The Valley,2026-12-28T00:00:00.000,/events/2499611,"Afrodisiac | After X | AKEYLAH | Anetha | Arielle Free | Armand Van Helden | bellxsxs | Benwal | BIIANCO | Boys Noize | Bryson Hill | Carla Martinez | Club Angel | DART | Dean Turnley | DJ PGZ | Eva Charley | Ewan McVicar | Faster Horses | Frost Children | Funk Tribu | Hamdi | Hannah Laing | Helena Lauwaert | Jackie Hollander | Jamback | Jayda G | Job Jobse | John Summit | Jordan Brando | Luuk van Dijk | JUPiTA | bbsanii | Kiara Friend | KI/KI | Kyle Starkey | Layton Giordani | Lex (GR) | Love, Jess | Mella Dee | Mia Koden | MPH (1) | Nia Archives | Nice Girl | nimino | Oppidan | oskar med k | Overmono | Renaessance | Riordan | Saint Ludo | salute | Skepta | Soul Mass Transit System | southstar | SPFDJ | THC | Tiff Cornish | Tommy Holohan | VANNA | WAXX OFF | WOLTERS | WVCHWY | X & Ivy",Barunah Plains,Victoria,Australia,https://images.ra.co/42ccb12d5c81c31dd033479caf74f8b29147e555.png,"Victoria, Australia",-36.5986096,144.6780052,2026-07-29 00:29:15
Funk Tribu,Wildlands Festival - Perth,2027-01-02T00:00:00.000,/events/2498641,Anetha | SPFDJ | Benwal | Kyle Starkey | Dean Turnley | Ewan McVicar | Frost Children | Funk Tribu | Hamdi | Hannah Laing | John Summit | KI/KI | KT | Layton Giordani | Lens (2) | MPH (1) | Nia Archives | Oppidan | Overmono | Saint Ludo | Skepta | Yikes,Arena Joondalup,Perth,Australia,https://images.ra.co/a79c4b8061eaa4fecd59299a0c5b764e3c36c879.png,"Perth, Australia",-31.9558933,115.8605855,2026-07-31 00:42:03
Gerd Janson,20 YEARS OF PERMANENT VACATION,2026-10-17T00:00:00.000,/events/2544864,Gerd Janson | Benjamin Fröhlich,Charlie,Munich,Germany,https://images.ra.co/4b2b488b93b192a96f8ea9b610f90021791577bd.jpg,"Munich, Germany",48.1371079,11.5753822,2026-09-25 02:24:57
Gerd Janson,DJ-Kicks ADE,2026-10-22T00:00:00.000,/events/2458430,BELLA (NL) | Danilo Plessow | Motor City Drum Ensemble | DJ BORING | D Stone | Dam Swindle | Gerd Janson | Pelanoir | Sofia Kourtesis,WestWeelde,Amsterdam,Netherlands,https://images.ra.co/21d111a2e3c33ba1f7afb0cf502219e059e30fd3.jpg,"Amsterdam, Netherlands",52.3730796,4.8924534,2026-08-15 00:22:01
Gerd Janson,Audio Obscura ADE x The Moment by WhoMadeWho,2026-10-24T00:00:00.000,/events/2478046,WhoMadeWho | Jimi Jules | DJ Gigola | Tiga | Gerd Janson | Trikk | Maz (BR) | Julya Karma | Benja | Franc Fala | D Stone | Daisy Weweh,RAWFACTORY,Amsterdam,Netherlands,https://images.ra.co/991c554efb010c77cbbcb8becc3142a50ee564b8.jpg,"Amsterdam, Netherlands",52.3730796,4.8924534,2026-08-13 00:30:26
Gerd Janson,Gerd Janson,2026-10-25T00:00:00.000,/events/2541194,Gerd Janson,Fidelity Studio,Dublin,Ireland,https://images.ra.co/3ae4021272287ab5f11759e3f265751207632e5c.jpg,"Dublin, Ireland",53.3493795,-6.2605593,2026-09-20 02:31:44
Gerd Janson,"Wintergarden Halloween with Ben Klock, Beste Hira, Gerd Janson a.m",2026-10-31T00:00:00.000,/events/2536441,Ben Klock | Beste Hira | Gerd Janson | Greta Perola | ACCUL | FELI,Dockland,Münster,Germany,https://images.ra.co/b7fe13dc2850ffc33722d719fdfdeb2df1d879c6.png,"Münster, Germany",51.9625101,7.6251879,2026-09-19 02:28:10
Gerd Janson,Klubnacht,2026-10-31T00:00:00.000,/events/2524805,Tobias. | Altinbas | Aurora Halal | GiGi FM | Jelena | MARRØN | Nørbak | Verraco | Alex Kassian | André Galluzzi | Gerd Janson | Lea Occhi | Perel | Roman Flügel | Snad,Berghain | Panorama Bar | Säule,Berlin,Germany,https://images.ra.co/8cd7b3f894c099b20dd8af66f72bf3b02714e1b1.png,"Berlin, Germany",52.510885,13.3989367,2026-09-11 02:01:35
Gerd Janson,"WHP presents: La Discotheque, Manchester",2026-11-07T00:00:00.000,/events/2499049,Basement Jaxx | Groove Armada | Annie Mac | DJ Paulette | Carly Foxx | Gerd Janson | Krystal Klear | Hunee | Luke Una | Cassius | CC:DISCO! | Mix-Stress | Bridge (NY) | Crazy P | Krysko | Gina Breeze | Fleetmac Wood | Daisybelle | Vault | Danuka | James Glover | Meme Gold | Kirsten at the Disco,Depot Mayfield,Manchester,United Kingdom,https://images.ra.co/88cb35780c7f0a5b4496647bac02645a10632fda.png,"Manchester, United Kingdom",53.4794892,-2.2451148,2026-07-28 00:42:11
Gerd Janson,Marcel Dettmann & Gerd Janson [GER],2026-11-20T00:00:00.000,/events/2509997,Marcel Dettmann | Gerd Janson,Oxford Art Factory,Sydney,Australia,https://images.ra.co/7dbe773184b62ecae8591088791d8a85f99b608b.png,"Sydney, Australia",-33.8698439,151.2082848,2026-08-12 00:35:51
Gerd Janson,smalltown with Gerd Janson B2B Marcel Dettmann (5hrs),2026-11-21T00:00:00.000,/events/2495178,Marcel Dettmann | Gerd Janson | Lex,TBA,Melbourne,Australia,https://images.ra.co/7ee4932ae3e90e447107ce046f4b723b2a644891.jpg,"Melbourne, Australia",-37.8142454,144.9631732,2026-07-23 00:41:14
Gerd Janson,Spend The Night presents: Gerd Janson,2026-11-25T00:00:00.000,/events/2544121,Gerd Janson | Groshong,Process PDX,Portland,United States of America,https://images.ra.co/ea0eb0f504f2fb2eeb4e9bddb198d9cf028e1c97.jpg,"Portland, United States of America",45.5202471,-122.674194,2026-09-24 02:10:06
Gerd Janson,Time Warp Los Angeles 2026,2026-11-27T00:00:00.000,/events/2512911,Ben Klock | Blawan | Elli Acula | Chlär | Cloudy | Colored Craig | D.Dan | Freddy K | Dennis Ferrer | Skream | DESIREE (RSA) | East End Dubs | fun2bjane | Funk Tribu | Gerd Janson | Julya Karma | HAAi | Heidi Lawden | Masha Mar | Helena Hauff | Juliana Huxtable | INVT | John Bryars | Loco Dice | Luuk van Dijk | The Martinez Brothers | NOVAH | ONYVAA | Ønyx | ØTTA | Quest (IT) | Ryan Elliott | Richie Hawtin | Rødhåd | SOSA (UK) | southstar | SPFDJ | TOCCORORO | Tiga,Ace*Mission Studios,Los Angeles,United States of America,https://images.ra.co/dd687e1f42da407b708fc69763e4ef20da1280da.png,"Los Angeles, United States of America",34.0536909,-118.242766,2026-10-01 03:03:35
Gerd Janson,"Resistance with Paul Kalkbrenner, Miss Monique, Kölsch and many more ",2026-12-05T00:00:00.000,/events/2535065,Paul Kalkbrenner | Miss Monique | Deer Jade | ANNA | Qrion | Roman Flügel | Gerd Janson | Dana Ruh,DRUMSHEDS,London,United Kingdom,https://images.ra.co/35ecdb2ab6fb56b5079048cfe35877aeee30154a.png,"London, United Kingdom",51.5074456,-0.1277653,2026-09-12 02:05:18
Gerd Janson,Wonderfruit 2026,2026-12-03T00:00:00.000,/events/2493153,Chalo | CHIDA | DJ Masda | JakoJako | Jane Fitz | Jesse You | justfin | LYDO | Nicolas Lutz | Orphx | Sweely | Bins | Bouffant Bouffant | DAR DISKU | DOTT | DJ Jinwook | Felix Dickinson | FFAN | Hamdi Ryder | Joe Delon | Gerd Janson | Loyboy | OMOLOKO | Nightmares on Wax | YOKOSUN | Solar | Alex Albrecht | Jason Kendig | Markie | Pam Anantr | ZIG ZACH | Payu | JAKRIN | Eli Keszler | Tangerine Dream | Nubya Garcia | GODTET,The Fields at Siam Country Club,All,Thailand,https://images.ra.co/ac8b53c6cd817bb32b4f05179852dddc50a149d6.jpg,"The Fields at Siam Country Club, Thailand",14.8971921,100.83273,2026-07-28 00:42:11
Gerd Janson,LOVEDANCIN' Vienna,2026-12-18T00:00:00.000,/events/2533523,Gerd Janson | Tom Kutsche,Funkhaus,Vienna,Austria,https://cdn.sanity.io/images/6epsemdp/production/b7d83a32bba8e46b37bc22edd92ed71cef47b091-1920x1280.jpg?w=640&fit=clip&auto=format,"Vienna, Austria",48.2083537,16.3725042,2026-09-11 02:01:35
Gerd Janson,Lifesaver Sunday / Gerd Janson / Thomas Hammann - all night long,2026-12-19T00:00:00.000,/events/2504649,Gerd Janson | Thomas Hammann,Robert Johnson,Hesse,Germany,https://images.ra.co/2709f3129fdbab1f165c811ead3fb4fa2570ed5f.jpg,"Hesse, Germany",50.6080651,9.0284647,2026-08-05 00:42:06
Hannah Laing,EDC Colombia,2026-10-10T00:00:00.000,/events/2525343,Beyond | Afrojack | Green Velvet | AISHA | Alesso | Alok | ANNA | Armand Van Helden | Armin van Buuren | Artbat | Astrix | Beltran | Billy Gillies | BLOND:ISH | bolo | Boris Brejcha | CamelPhat | Carlita | Cato Anaya | Chase & Status | Cole Knight | Confidential Recipe | Coone | Cosmic Gate | Dagga | Deadmau5 | Deorro | Diossa | DJ Holographic | Dombresky | Felipe Gordon | Marcellus Pittman | Francis Mercier | Funk Tribu | Hannah Laing | Hardt Antoine | HoneyLuv | Infected Mushroom | ISAbella | Jamie Jones | Kaskade | KhoMha | Korolova | Laurie | Loumie | LP Giobbi | LUCH (MEX) | Maceo Plex | Matta | Gabo Forero | Memek | Julio Garcés | MËSTIZA | Mischluft | Miss Monique | Nico Moreno | Noise Mafia | PETERBLUE | Pablo Romero | Pachanga Boys | Restricted | Richie Hawtin | SeBAss | Showtek | Shubostar | Steve Dekay | Taylor Torrence | Varju | Vintage Culture,Unidad Deportiva Atanasio Girardot,Medellin,Colombia,https://images.ra.co/55a6f28e351602e20cf84b142485fad3ea90957c.png,"Medellin, Colombia",6.269732449999999,-75.60255965090315,2026-09-03 02:14:48
Hannah Laing,WHP + Teletech presents DOOF - Hannah Laing,2026-10-16T00:00:00.000,/events/2404289,Hannah Laing,Depot Mayfield,Manchester,United Kingdom,https://images.ra.co/b6a4776f885bb0cf8a776958ba8004e3c0b388c4.png,"Manchester, United Kingdom",53.4794892,-2.2451148,2026-03-28 00:28:34
Hannah Laing,Freaky Deaky Texas 2026,2026-10-30T00:00:00.000,/events/2444962,Mary Droppinz | Liquid Stranger | Hannah Laing | Interplanetary Criminal | DJ Heartstring | Flava D | BLONDEX | Bonnie | Clyde (2) | Costa (FR) | Faster Horses | IDEMI | JAZZY (2) | KLOUD | Nicolas Julian | Nikolina | Restricted | SAIDAH | Swimming Paul,Travis County Exposition Center,Austin,United States of America,https://images.ra.co/2d76f16c139fe5eed5fc63b435f8b6a2ea13c575.jpg,"Austin, United States of America",30.2711286,-97.7436995,2026-08-18 00:23:39
Hannah Laing,Boo Halloween Seattle,2026-10-30T00:00:00.000,/events/2523941,A Little Sound | Azyr | Casey Club | Champion | Clara Cuvé | Cloonee | DJ Heather | Elderbrook | Fraze | Gramatik | Gravagerz | Hannah Laing | HerShe | James Hype (UK) | Joshwa | Junkie Kid | Kayzo | Morgan Seatree | Sara Landry | Taylor Torrence | TroyBoi | Walker & Royce,Wamu Theatre,Seattle,United States of America,https://images.ra.co/351df46a4a97fe545c9305cd96c7678da2bdf9f2.png,"Seattle, United States of America",47.6038321,-122.330062,2026-08-29 00:10:44
Hannah Laing,Dreamstate SoCal,2026-11-20T00:00:00.000,/events/2523946,A.N.I. | Aaron Hibell | Above & Beyond | Allen Watts | Talla 2XLC | Aly & Fila | Billy Gillies | Andy Moor | Animato | Artbat | Astrix | BK | BT | Matt Fax | Sean Tyas | Dash Berlin | David Rust | Eddie Halliwell | Judge Jules | Enrico Sangiuliano | Ferry Corsten | Marsh | Frankyeffe | Giorgia Angiuli | Hannah Laing | Marie Vaunt | Infected Mushroom | JOA (IT) | John Askew | Simon Patterson | KARMÅ | Kaufmann | Lee Ann Roberts | Marco V | Mauro Picotto | Nu Aspect | Panteros666 | Pegassi | Perfect Stranger | Schrotthagen | Sequence Six | Shay De Castro | Solarstone | Steve Dekay | Terra | TH;EN | The Rocketman | VisionV,The Queen Mary,Los Angeles,United States of America,https://images.ra.co/ac4ff8c0020596eba2154b7bca8fc6c827412ea5.png,"Los Angeles, United States of America",34.0536909,-118.242766,2026-08-29 00:10:44
Hannah Laing,Wildlands Festival - Brisbane,2026-12-31T00:00:00.000,/events/2498640,Anetha | SPFDJ | Benwal | Kyle Starkey | Dean Turnley | Ewan McVicar | Frost Children | Funk Tribu | Hamdi | Hannah Laing | John Summit | KI/KI | Layton Giordani | Lens (2) | MPH (1) | Nia Archives | Oppidan | Overmono | Saint Ludo | Skepta | Yikes,Brisbane Showgrounds,Brisbane,Australia,https://images.ra.co/dd28e1fac02e3f60a136163ba8e21b09a57cced7.png,"Brisbane, Australia",-27.4689682,153.0234991,2026-07-31 00:42:03
Hannah Laing,Beyond The Valley,2026-12-28T00:00:00.000,/events/2499611,"Afrodisiac | After X | AKEYLAH | Anetha | Arielle Free | Armand Van Helden | bellxsxs | Benwal | BIIANCO | Boys Noize | Bryson Hill | Carla Martinez | Club Angel | DART | Dean Turnley | DJ PGZ | Eva Charley | Ewan McVicar | Faster Horses | Frost Children | Funk Tribu | Hamdi | Hannah Laing | Helena Lauwaert | Jackie Hollander | Jamback | Jayda G | Job Jobse | John Summit | Jordan Brando | Luuk van Dijk | JUPiTA | bbsanii | Kiara Friend | KI/KI | Kyle Starkey | Layton Giordani | Lex (GR) | Love, Jess | Mella Dee | Mia Koden | MPH (1) | Nia Archives | Nice Girl | nimino | Oppidan | oskar med k | Overmono | Renaessance | Riordan | Saint Ludo | salute | Skepta | Soul Mass Transit System | southstar | SPFDJ | THC | Tiff Cornish | Tommy Holohan | VANNA | WAXX OFF | WOLTERS | WVCHWY | X & Ivy",Barunah Plains,Victoria,Australia,https://images.ra.co/42ccb12d5c81c31dd033479caf74f8b29147e555.png,"Victoria, Australia",-36.5986096,144.6780052,2026-07-29 00:29:15
Hannah Laing,Wildlands Festival - Perth,2027-01-02T00:00:00.000,/events/2498641,Anetha | SPFDJ | Benwal | Kyle Starkey | Dean Turnley | Ewan McVicar | Frost Children | Funk Tribu | Hamdi | Hannah Laing | John Summit | KI/KI | KT | Layton Giordani | Lens (2) | MPH (1) | Nia Archives | Oppidan | Overmono | Saint Ludo | Skepta | Yikes,Arena Joondalup,Perth,Australia,https://images.ra.co/a79c4b8061eaa4fecd59299a0c5b764e3c36c879.png,"Perth, Australia",-31.9558933,115.8605855,2026-07-31 00:42:03
Hannah Laing,doof in the park 2027,2027-07-03T00:00:00.000,/events/2537357,Hannah Laing,Camperdown Country Park,Dundee,United Kingdom,https://images.ra.co/59d40f3592bf93e84551d0d2d4cd4505cdb07405.jpg,"Dundee, United Kingdom",56.4605938,-2.97019,2026-09-19 02:28:10
Helena Lauwaert,Interplanetary Criminal presents,2026-10-10T00:00:00.000,/events/2425980,Anz | Bakey | bullet tooth | Camille Doe | Club Angel | DJ Cosworth | DJ Seinfeld | Dr Dubplate | Faster Horses | HAAi | Helena Lauwaert | Interplanetary Criminal | Joy Orbison | Jyoty | La La | Larishka | Lauren Lo Sung | Lewis Taylor | Main Phase | MALUGI | Notion | Oldboy | Osmosis Jones | Prozak (IRL) | Silva Bumpa | Skin On Skin,Depot Mayfield,Manchester,United Kingdom,https://images.ra.co/692ad66fdcdf315000394f628f7698c2219cde34.png,"Manchester, United Kingdom",53.4794892,-2.2451148,2026-04-30 00:41:18
Helena Lauwaert,Benwal b2b Helena Lauwaert (All Day Long),2026-10-16T00:00:00.000,/events/2514421,Benwal | Helena Lauwaert,De Flesjesfabriek,Ghent,Belgium,https://images.ra.co/7b151fa8bf032a7c6c2623656f49a7bfd22c40a7.jpg,"Ghent, Belgium",51.0538286,3.7250121,2026-08-18 00:23:39
Helena Lauwaert,DGTL ADE Thursday,2026-10-22T00:00:00.000,/events/2474403,Benwal | DJ EZ | Dr Dubplate | Locky | Helena Lauwaert | LAMMER | Paige Tomlinson | MPH (1) | Olive Anguz,NDSM Scheepsbouwloods,Amsterdam,Netherlands,https://images.ra.co/d835b937efa2fd40ff8e110dc32e874087f2c2e1.png,"Amsterdam, Netherlands",52.3730796,4.8924534,2026-06-24 00:40:48
Helena Lauwaert,Terminal V London,2026-10-23T00:00:00.000,/events/2481375,Holy Priest | I Hate Models | 999999999 | Charlie Sparks | Cara Elizabeth | DJ Cringey | Onlynumbers | Nikolina | KLOUD | Lola Cerise | MARIEEEA | Laure Croft | Pablo Bozzi | Juicy Romance | Helena Lauwaert | 6 SENSE | LAUZ,DRUMSHEDS,London,United Kingdom,https://images.ra.co/54e2a4df4076b404de35ce5f5d5ae9d199d0871d.png,"London, United Kingdom",51.5074456,-0.1277653,2026-07-04 00:45:41
Helena Lauwaert,Mystic Garden Festival ADE,2026-10-24T00:00:00.000,/events/2466154,DJ Heartstring | Partiboi69 | Helena Lauwaert | Supergloss | Fiene | DJ EZ | SYREETA | Jen Cardini | Benny Rodrigues | Rayzir | Ely Oaks | HI-LO | Space 92 | HNTR | DAX J | Yanamaste | Oscar Mulero | BLANKA | Joran van Pol,Havenpark,Amsterdam,Netherlands,https://images.ra.co/6abe492a68b2c240c7f189b4a7d1056c756c0515.jpg,"Amsterdam, Netherlands",52.3730796,4.8924534,2026-09-03 02:14:48
Helena Lauwaert,Dockyard Festival ADE,2026-10-24T00:00:00.000,/events/2466156,DAX J | Yanamaste | Oscar Mulero | BLANKA | Joran van Pol | Ely Oaks | HI-LO | Space 92 | HNTR | DJ Heartstring | Partiboi69 | Helena Lauwaert | Supergloss | Fiene | DJ EZ | SYREETA | Jen Cardini | Benny Rodrigues | Rayzir,Havenpark,Amsterdam,Netherlands,https://images.ra.co/c0298f450952549d084c5e9644e4de15f2bb4909.jpg,"Amsterdam, Netherlands",52.3730796,4.8924534,2026-09-03 02:14:48
Helena Lauwaert,Awakenings ADE - Sunday Sessions,2026-10-25T00:00:00.000,/events/2479118,Benwal | DJ Heartstring | DJ Gigola | Pegassi | Helena Lauwaert | southstar,Sugarfactory,Amsterdam,Netherlands,https://images.ra.co/a31949d7b761f063378670b56b06a30ee5d4fd1d.png,"Amsterdam, Netherlands",52.3730796,4.8924534,2026-09-19 02:28:10
Helena Lauwaert,Shelter presents: OG Records,2026-11-13T00:00:00.000,/events/2539627,Helena Lauwaert | Milion | Tommy Holohan | TBA | lizz.e | Nathan Homan,Shelter Amsterdam,Amsterdam,Netherlands,https://images.ra.co/d15aaf949c1dd88ef64d24b463c7679761a0ab4a.jpg,"Amsterdam, Netherlands",52.3730796,4.8924534,2026-09-19 02:28:10
Helena Lauwaert,BASIS/ Helena Lauwaert/ Kalou/ Mirage/ S3PPA,2026-11-27T00:00:00.000,/events/2539590,Helena Lauwaert | Kalou | S3PPA,BASIS,Utrecht,Netherlands,https://images.ra.co/71e85b0514b6dc9adeae114218708ad66e7cf3fe.png,"Utrecht, Netherlands",52.0907006,5.1215634,2026-09-19 02:28:10
Helena Lauwaert,Lost Paradise 2026,2026-12-28T00:00:00.000,/events/2491206,John Summit | Skepta | KI/KI | Overmono | Armand Van Helden | Nia Archives | Ewan McVicar | Sam Alfred | Rossi | Partiboi69 | Benwal | Caleb Jackson | Chaos In The CBD | dameeeela | DART | Dean Turnley | DJ Seinfeld | Drifting Clouds | Flava D | Hamdi | Harry Hayes | Helena Lauwaert | Hot Dub Time Machine | Jamback | James Pepper | Baron Von Trax | Jayda G | Job Jobse | Kirollus | Kyle Starkey | Loods | Luuk van Dijk | Mella Dee | Memphis LK | Ned Bennett | Luke Alessi | Jordan Brando | William Kiss | Osmosis Jones | Pretty Girl | Riordan | Saint Ludo | salute | Soul Mass Transit System | Stacie Fields | Supergloss | Tommy Holohan | Willo | Bella Backe | Callyy | Casual P | Couch Mechanic | DJ MACARONI | Elijah Something | GMOZ | Jacqui Cunningham | Lily FM | Mash (2) | Harley Ferris | Mimi J | PARTIGIRL | Sasha Milani | Sim Select | zacattacq,Glenworth Valley,Sydney,Australia,https://images.ra.co/7ea5261c8d409c341b715c39ed784a89a92a17db.jpg,"Sydney, Australia",-33.8698439,151.2082848,2026-07-29 00:29:15
Helena Lauwaert,Beyond The Valley,2026-12-28T00:00:00.000,/events/2499611,"Afrodisiac | After X | AKEYLAH | Anetha | Arielle Free | Armand Van Helden | bellxsxs | Benwal | BIIANCO | Boys Noize | Bryson Hill | Carla Martinez | Club Angel | DART | Dean Turnley | DJ PGZ | Eva Charley | Ewan McVicar | Faster Horses | Frost Children | Funk Tribu | Hamdi | Hannah Laing | Helena Lauwaert | Jackie Hollander | Jamback | Jayda G | Job Jobse | John Summit | Jordan Brando | Luuk van Dijk | JUPiTA | bbsanii | Kiara Friend | KI/KI | Kyle Starkey | Layton Giordani | Lex (GR) | Love, Jess | Mella Dee | Mia Koden | MPH (1) | Nia Archives | Nice Girl | nimino | Oppidan | oskar med k | Overmono | Renaessance | Riordan | Saint Ludo | salute | Skepta | Soul Mass Transit System | southstar | SPFDJ | THC | Tiff Cornish | Tommy Holohan | VANNA | WAXX OFF | WOLTERS | WVCHWY | X & Ivy",Barunah Plains,Victoria,Australia,https://images.ra.co/42ccb12d5c81c31dd033479caf74f8b29147e555.png,"Victoria, Australia",-36.5986096,144.6780052,2026-07-29 00:29:15
I Hate Models,Indira Paganotto presents ArtCore,2026-10-08T00:00:00.000,/events/2390405,Azyr | Anna Unusyan | I Hate Models | Indira Paganotto | Kobosil,[UNVRS],Ibiza,Spain,https://images.ra.co/7a85af67535a6c0ab94770add14ec6b37178ba69.png,"Ibiza, Spain",38.974390099999994,1.4197463178515335,2026-07-08 00:38:20
I Hate Models,Sonora Bordeaux,2026-10-16T00:00:00.000,/events/2552318,Afem Syko | Linds | DJ Gigola | I Hate Models | KUKO | LESSSS | Panteros666 | Part Time Killer | Vladimir Cauchemar | 2HOT2PLAY | More (3) | Alignment | Anetha | Ben Klock | Clara Cuvé | future.666 | KlangKuenstler | Nina Kraviz | PETERBLUE | Serafina,Sonora Bordeaux,Bordeaux,France,https://cdn.sanity.io/images/6epsemdp/production/b7d83a32bba8e46b37bc22edd92ed71cef47b091-1920x1280.jpg?w=640&fit=clip&auto=format,"Bordeaux, France",44.841225,-0.5800364,2026-10-04 03:24:38
I Hate Models,SONORA BORDEAUX,2026-10-16T00:00:00.000,/events/2552448,Afem Syko | Linds | DJ Gigola | I Hate Models | KUKO | LESSSS | Panteros666 | Part Time Killer | Vladimir Cauchemar | 2HOT2PLAY | More (3) | Alignment | Anetha | Ben Klock | Clara Cuvé | future.666 | KlangKuenstler | Nina Kraviz | PETERBLUE | Serafina,Parc des Expositions de Bordeaux lac,Bordeaux,France,https://images.ra.co/3ac4657722169871acf66344bd031a4e11ab80e2.png,"Bordeaux, France",44.841225,-0.5800364,2026-10-04 03:24:38
I Hate Models,GASHOUDER presents: I Hate Models & Nico Moreno Invite [Sold Out],2026-10-22T00:00:00.000,/events/2464117,EMILIJA | I Hate Models | Maudux | Nico Moreno,GASHOUDER,Amsterdam,Netherlands,https://images.ra.co/effa2da2afa9960546bd71e5de827626054c3a6f.jpg,"Amsterdam, Netherlands",52.3730796,4.8924534,2026-08-08 00:12:37
I Hate Models,Terminal V London,2026-10-23T00:00:00.000,/events/2481375,Holy Priest | I Hate Models | 999999999 | Charlie Sparks | Cara Elizabeth | DJ Cringey | Onlynumbers | Nikolina | KLOUD | Lola Cerise | MARIEEEA | Laure Croft | Pablo Bozzi | Juicy Romance | Helena Lauwaert | 6 SENSE | LAUZ,DRUMSHEDS,London,United Kingdom,https://images.ra.co/54e2a4df4076b404de35ce5f5d5ae9d199d0871d.png,"London, United Kingdom",51.5074456,-0.1277653,2026-08-11 00:30:09
I Hate Models,"I Hate Models + YellowHeads x La Estación, Lago San Roque, Córdoba",2026-10-31T00:00:00.000,/events/2509906,I Hate Models | YellowHeads,"TBA - La Estacion, Cordoba",All,Argentina,https://images.ra.co/74096cf7b093f486664c1af5fbc1e2413ccdefb8.jpg,"TBA - La Estacion, Cordoba, Argentina",-34.9964963,-64.9672817,2026-08-12 00:35:51
I Hate Models,EDC Orlando,2026-11-06T00:00:00.000,/events/2523916,Alesso | Bou (UK) | Adventure Club | Prospa | Josh Baker | Brunello | Azzecca | Matthias (1) | bullet tooth | MALUGI | RAJE | ALVES (PT) | Max Dean | Dennis Cruz | Franky Rizardo | Miguelle | KinAhau | Mai iachetti | Monoky (2) | I Hate Models | Ian Asher | Esse | Deorro | Of The Trees | San Holo | KlangKuenstler | KI/KI | Boys Noize | Marlon Hoffstadt | Ultrathem,Tinker Field,Orlando,United States of America,https://images.ra.co/3c8ed75a450470b50e65ccdd8d3dcddde040a526.png,"Orlando, United States of America",28.5421218,-81.379045,2026-08-29 00:10:44
I Hate Models,Insomniac presents I Hate Models,2026-11-07T00:00:00.000,/events/2549421,I Hate Models,City Market,Los Angeles,United States of America,https://images.ra.co/6816639c44050bf3d0bdf668a1b6fc0e06f48a0f.jpg,"Los Angeles, United States of America",34.0536909,-118.242766,2026-10-01 03:03:35
I Hate Models,Combine: I Hate Models ,2026-11-13T00:00:00.000,/events/2459520,I Hate Models | BUYMEFLOVVERS,TBA - New location,Toronto,Canada,https://images.ra.co/eb814c26c0a98461e8f73bb0055819fb0c41a710.jpg,"Toronto, Canada",43.6534817,-79.3839347,2026-07-26 00:41:26
I Hate Models,"RAVE3000 / I Hate Models, Cloudy, KUKO, Serafina, Kessler, THD+N",2026-11-20T00:00:00.000,/events/2504252,I Hate Models | Cloudy | KUKO | Serafina | Kessler | THD+N,Native Beach Club,Buenos Aires,Argentina,https://images.ra.co/eab597b8cd1784618102beb83cce818591d12501.jpg,"Buenos Aires, Argentina",-34.6083696,-58.4440583,2026-08-05 00:42:06
I Hate Models,Respira Primavera,2026-11-21T00:00:00.000,/events/2517698,I Hate Models | 6EJOU | 999999999 | ALT8 | Angerfist | Cloudy | Cleopard2000 | ECZODIA | KRUELTY | Leo Force | NIKOLINA_ | Pegassi | Reinier Zonneveld | Restricted | Serafina | Svetec | Vieze Asbak,Espacio Riesco Expo Centre,Santiago,Chile,https://images.ra.co/4bdc55f517a8737f98aa381d1b8bd8536cb9d75d.jpg,"Santiago, Chile",-33.4377756,-70.6504502,2026-08-21 00:22:24
I Hate Models,"I Hate Models x Endless Sound, Quinta Las Rosas Mendoza",2026-11-22T00:00:00.000,/events/2505630,I Hate Models | Descoqueo,"TBA - Quinta Las Rosas, Mendoza",All,Argentina,https://images.ra.co/17285190d54aa5f2943d1996bfc55f042f6d8b8d.png,"TBA - Quinta Las Rosas, Mendoza, Argentina",-34.9964963,-64.9672817,2026-08-06 00:36:51
I Hate Models,I Hate Models at Kompass (4HOUR SET),2026-11-28T00:00:00.000,/events/2542070,I Hate Models | SOYA | Swarobski | myu:sa,Kompass Klub,Ghent,Belgium,https://images.ra.co/4dfe919686c261062abce113bfcdb9919318757e.jpg,"Ghent, Belgium",51.0538286,3.7250121,2026-09-24 02:10:06
I Hate Models,Gravity Techno: I Hate Models - Copenhagen,2026-12-04T00:00:00.000,/events/2515411,I Hate Models,Tap1,Copenhagen,Denmark,https://images.ra.co/879226d236456b6c1dbdc6c5256fe88880258fe7.png,"Copenhagen, Denmark",55.6867243,12.5700724,2026-08-19 00:24:10
I Hate Models,DALMA Festival 2026,2026-12-04T00:00:00.000,/events/2466306,Adrian Mills | Anetha | Chlär | Freddy K | chouhal | Clara Cuvé | Dasha Rush | DVS1 | Faster Horses | Georg MT | Human Safari | I Hate Models | Jeff Mills | Kyle Cortis | NEUX | NOVAH | ØTTA | Partiboi69 | Rødhåd | ROW1 | Scythe | OKSY | ÜBERKIKZ | Vagabund | Yanamaste,MFCC Arena,All,Malta,https://images.ra.co/87c6ed7b9da7b5804a0777caf68357e36733f1cf.jpg,"MFCC Arena, Malta",35.9311442,14.3951627,2026-07-21 00:38:23
I Hate Models,Contact Festival,2026-12-05T00:00:00.000,/events/2533320,2HOT2PLAY | A.N.I. | Alarico | Yanamaste | Ben Techy | Charlie Sparks | Daria Kolosova | DJ DRECKISCH | elMefti | I Hate Models | In Verruf | Ornella | Johannes Schuster | KUKO | NEGITIV | Nikolina | Noise Mafia | NOVAH | Onlynumbers | Restricted | SAIKA | SHDW | Ueberrest | Vendex | Luciid | PRADA2000 | Nicolas Julian | SLVL,Zenith - Die Kulturhalle,Munich,Germany,https://images.ra.co/42a5072ed9cf1c5b0f1cf0b7c666a5cbf741c47f.png,"Munich, Germany",48.1371079,11.5753822,2026-09-11 02:01:35
I Hate Models,EDC Thailand 2026,2026-12-18T00:00:00.000,/events/2466189,Charlotte de Witte | DJ Snake | Dom Dolla | Above & Beyond | Martin Garrix | Vintage Culture | I Hate Models | Miss Monique | &friends,TBA - Rhythm Park,All,Thailand,https://images.ra.co/486a6c410a226a9099c5d22d3a2c2c24df45c56e.png,"TBA - Rhythm Park, Thailand",14.8971921,100.83273,2026-07-21 00:38:23
I Hate Models,Lights All Night Festival 2026,2026-12-30T00:00:00.000,/events/2490698,Azyr | Chris Lake | Conrad Taylor | DJ MANDY | Gryffin | HerShe | hhunter | I Hate Models | Ian Asher | Josh Baker | KETTAMA | MADGRRL | Marie Vaunt | Mindset | Ninajirachi | Side Quest,Fair Park,Dallas/Fort Worth,United States of America,https://images.ra.co/9091f5fc2b4b6153095283b90026f29ac3657621.jpg,"Dallas/Fort Worth, United States of America",32.89651945,-97.0465220537124,2026-07-27 00:25:49
I Hate Models,Lights All Night 2026 - Promo Code 'RAVEFAM',2026-12-30T00:00:00.000,/events/2487631,Azyr | Chris Lake | Conrad Taylor | DJ MANDY | Gryffin | HerShe | hhunter | I Hate Models | Ian Asher | Josh Baker | KETTAMA | MADGRRL | Marie Vaunt | Mindset | Ninajirachi | Side Quest | WTCHCRFT,Fair Park,Dallas/Fort Worth,United States of America,https://images.ra.co/6e32ab0ed1f5a26842b22f7722e1fcf6f643fd8d.jpg,"Dallas/Fort Worth, United States of America",32.89651945,-97.0465220537124,2026-07-28 00:42:11
I Hate Models,Proper NYE 26/27,2026-12-31T00:00:00.000,/events/2526737,Beltran | Ben Sterling | canary yellow | Cassian | Chris Lorenzo | Cloonee | DJ MANDY | Eli Brown | Green Velvet | I Hate Models | INVT | Jackie Hollander | Josh Baker | Kamino | KETTAMA | KlangKuenstler | Lane 8 | Massane | Max Dean | Luke Dean_ | Nico Moreno | MYRNE | Omar+ | PARIS (AU) | Player Dave | Qrion | Robby East | Sara Landry | Sosa | Tommy Phillips | umru | ¥ØU$UK€ ¥UK1MAT$U,Petco Park,San Diego,United States of America,https://images.ra.co/1b79939ce91bb6c59c5f3c05e294c44dfecbe5f0.jpg,"San Diego, United States of America",32.7174202,-117.162772,2026-09-03 02:14:48
I Hate Models,electronic pool session,2027-08-28T00:00:00.000,/events/2471994,BENNETT | Clara Cuvé | DJ DRECKISCH | I Hate Models | Kalte Liebe | Anuuk | Charleen Herzig | DETOXX | DonChoppa | Katy Rough | Lisek | NIKKI030,Sommerbad Neuköln,Berlin,Germany,https://images.ra.co/a6c76da1f8301c82206cc571aa872f35655251cd.jpg,"Berlin, Germany",52.510885,13.3989367,2026-09-19 02:28:10
Indira Paganotto,Indira Paganotto presents ArtCore,2026-10-08T00:00:00.000,/events/2390405,Azyr | Anna Unusyan | I Hate Models | Indira Paganotto | Kobosil,[UNVRS],Ibiza,Spain,https://images.ra.co/7a85af67535a6c0ab94770add14ec6b37178ba69.png,"Ibiza, Spain",38.974390099999994,1.4197463178515335,2026-06-24 00:40:48
Indira Paganotto,STARLIGHT FESTIVAL,2026-10-09T00:00:00.000,/events/2514960,Adriatique | Charlotte de Witte | Michael Bibi | Enrico Sangiuliano | Indira Paganotto | Pete Tong | Vintage Culture | WhoMadeWho | AWEN | Baset | BIIA | Charlie Sparks | Coco & Breezy,The Great Pyramids OF Giza,All,Egypt,https://images.ra.co/ad8f17573717ac697aaab094ed5b47c50eaa2fe8.jpg,"The Great Pyramids OF Giza, Egypt",26.2540493,29.2675469,2026-08-18 00:23:39
Indira Paganotto,"Indira Paganotto, Marhu, SANEM => Ninja warriors",2026-10-16T00:00:00.000,/events/2515383,Indira Paganotto | Marhu | SANEM,D! Club,Lausanne,Switzerland,https://images.ra.co/1f900b8f589ea32fe121441ee01ad4697bf14a67.jpg,"Lausanne, Switzerland",46.5218269,6.6327025,2026-08-19 00:24:10
Indira Paganotto,"Indira Paganotto, Lee Ann Roberts, Estella Boersma | The Cause Daytime Open-air",2026-10-17T00:00:00.000,/events/2480264,Indira Paganotto | Lee Ann Roberts | Estella Boersma | Antonio De Angelis,The Cause,London,United Kingdom,https://images.ra.co/9fbd0c6a07f29bafc999e357f6df9f6d4b1209ef.jpg,"London, United Kingdom",51.5074456,-0.1277653,2026-10-07 03:13:37
Indira Paganotto,Factory 93: Halloween Weekender (10/30 + 10/31) at Gold Bar Hangar,2026-10-30T00:00:00.000,/events/2494924,999999999 | Adra | Boys Noize | SALOME | Indira Paganotto | Richie Hawtin | Yanamaste | Franky Rizardo | Jamie Jones | Papa Lu | Silvie Loto | SOSA (UK),Gold Bar Hangar,California,United States of America,https://images.ra.co/0b9cb664f0dc896497073346c06558ebb50090c5.png,"California, United States of America",36.7014631,-118.755997,2026-07-23 00:41:14
Indira Paganotto,Escape Halloween,2026-10-30T00:00:00.000,/events/2523917,999999999 | A Little Sound | AC Slater | Adam Ten | Adventure Club | Alex Chapman | Zoe Gitter | Alok | Andruss | Anime | Avalon Emerson | Azyr | Benny Benassi | Bou (UK) | Cat (US) | Cera Khin | Champion | CHRYSALIS | Clara Cuvé | Cloonee | Coone | Cyclops | Dabin | Darren Styles | Dimitri Vegas & Like Mike | DJ Heartstring | DJ Tennis | Excision | Frontliner | Funk Assault | Galantis | Gammer | HerShe | Ian Asher | Indira Paganotto | Jamie Jones | Franky Rizardo | Joseph Capriati | SOSA (UK) | JSMN | Kill The Kid | Kana Hishiya | KLOUD | KREAM | LNY TNZ | Liquid Stranger | LUMI | Maddix | MALUGI | Mish | Morelia | Morten | Nervo | Nina Kraviz | Pixie Dust | Richie Hawtin | Sedef Adasï | Showtek | Silvie Loto | Steve Aoki | Trancemaster Krause | Trym | Yanamaste | Zedd,NOS Event Center,Los Angeles,United States of America,https://images.ra.co/5d0fc8bda2810a8f0e0cbace1cd2de54e960e00d.png,"Los Angeles, United States of America",34.0536909,-118.242766,2026-08-29 00:10:44
Indira Paganotto,Hocus Pocus 2026 ,2026-10-30T00:00:00.000,/events/2487710,ALISHA | Âme | ANNĒ | Apollonia | Arina Krondeva | ATRIP | Azzecca | Baauer | Berrakka | Bushbaby | Caleb Jackson | Cami di Marzo | camoufly | Cassian | Chase & Status | ChaseWest | Chloé Caillet | Cole Knight | Conducta | Danny Daze | Darco | DAX J | DJ BORING | DJ Seinfeld | Effy | Elad | Eli Escobar | Eric Prydz | Franky Rizardo | Chlär | Alarico | Generous B | Gorgon City | Hudson Mohawke | Inbal | Indira Paganotto | Jamie Jones | Jayda G | Jean Pierre | Jordan Brando | Joseph Capriati | Julya Karma | Kerri Chandler | Kevin Saunderson | Kiddo | Layton Giordani | Mall Grab | MALUGI | Marcel Dettmann | Marco Strous | Marte | Mary Droppinz | Matthew Dear | Meduza | Monoky (2) | Nicole Gallamini | Nora En Pure | Prospa | Purple Disco Machine | Quest | RAJE | Rooléh | RSquared | Salomé Le Chat | salute | Seth Troxler | Shir Miya | SIEGEL (2) | Sinopoli | Skream | SLAMM | slugg | Sol Ortega | Somewhen | Souls Departed | Special Request | The Chronics | Todd Edwards | Vitess | Will Renuart | William Kiss | X CLUB. | X-Coast | Yamagucci | Yanamaste,Factory Town,Miami,United States of America,https://images.ra.co/2da74af63ba8ed4198a16bf3f7c9c048b252b0bf.png,"Miami, United States of America",25.7741728,-80.19362,2026-08-07 01:25:24
Indira Paganotto,"Indira Paganotto & MORE ARTISTS [WEEKEND TECHNO] - by LA FABRICA, CORDOBA",2026-11-06T00:00:00.000,/events/2489803,Indira Paganotto | Pampa,"TBA - La Fabrica, Cordoba",All,Argentina,https://images.ra.co/a26d98828f1fdf71c469b235c7711f75ceaee0e7.jpg,"TBA - La Fabrica, Cordoba, Argentina",-34.9964963,-64.9672817,2026-07-15 00:36:18
Indira Paganotto,Time Warp Mexico 2026,2026-11-20T00:00:00.000,/events/2376196,Alarico | Ben Klock | Andy Martin | Anfisa Letyago | The Blessed Madonna | Chlär | DAX J | DJ Stingray 313 | Helena Hauff | DVS1 | Maceo Plex | Ogazón | Sven Vath | Zombies In Miami | Beltran | Clara Cuvé | SPFDJ | Cristobal Pesce | David Löhlein | La Bad Curly | DESIREE (RSA) | DJ Tennis | Seth Troxler | Ede | Franky Rizardo | Indira Paganotto | NOVAH | PARAMIDA | Reinier Zonneveld,Expo Santa Fe,Mexico City,Mexico,https://images.ra.co/a6ba147944a815481fb5b1077d850c326dfd5103.png,"Mexico City, Mexico",19.4326296,-99.1331785,2026-09-19 02:28:10
Indira Paganotto,Time Warp NYC 2026,2026-11-20T00:00:00.000,/events/2518700,Adiel | Âme | Anetha | Annie Lew | Brunello | ChaseWest | Chlär | DJ Tennis | Red Axes | DVS1 | Franky Rizardo | Indira Paganotto | Julya Karma | Kilopatrah Jones | KlangKuenstler | KYRUH | NOVAH | Rose Kourts | Silvie Loto | Sven Vath | VTSS,Duggal Greenhouse,New York City,United States of America,https://images.ra.co/df8c33b0060b42680c3daf6bbff5c2d1c684fba2.jpg,"New York City, United States of America",40.7127281,-74.0060152,2026-08-22 00:24:03
Indira Paganotto,FAIRGROUND Festival 2026,2026-11-28T00:00:00.000,/events/2489336,Boris Brejcha | Alfred Heinrichs | KLOFAMA | Fantasm | TNT (2) | Mish (Aus) | Somewhen | Ueberrest | Anna Reusch | Dr. Motte | Trancemaster Krause | Kyanu | Kevin de Vries | A.N.I. | Da Tweekaz | Clara Cuvé | Deborah De Luca | Indira Paganotto | Armin van Buuren | NIKOLINA_ | MALUGI,Messegelände Hannover,Hannover,Germany,https://images.ra.co/d154ecb071bf92b77d672b854707abbecf0e12f0.png,"Hannover, Germany",52.3744779,9.7385532,2026-09-08 02:13:37
Indira Paganotto,Awakenings EXO - Colombia,2026-12-04T00:00:00.000,/events/2543925,Abstract Division | Adriana Lopez | Confidential Recipe | Diossa | DJ Gigola | Ellen Allien | Enrico Sangiuliano | Frederic. | Indira Paganotto | KI/KI | Len Faki | Planetary Assault Systems | southstar | ValaV,Coliseo Medplus,Bogotá,Colombia,https://images.ra.co/990bb38f475affad9c1b4ebad93d84f996277e71.png,"Bogotá, Colombia",4.711011,-74.0720917,2026-10-01 03:03:35
Interplanetary Criminal,Mode Festival,2026-10-04T00:00:00.000,/events/2552651,Barry Can't Swim | Interplanetary Criminal | Richie Hawtin | +1 (AU) | Alilia | anusha | Ash Lauryn | Avalon Emerson | Bella Claxton | Ben UFO | Call Super | D.Dan | Freddy K | fuchsia | GiGi FM | Harry Hayes | Hasvat Informant | Jun Wan | KSMBA | Memphis LK | Mikalah Watego | Ned Bennett | Obeido | Ogazón | Ron Trent | Storm Mollison | swim | TWIENA,Cockatoo Island,Sydney,Australia,https://cdn.sanity.io/images/6epsemdp/production/b7d83a32bba8e46b37bc22edd92ed71cef47b091-1920x1280.jpg?w=640&fit=clip&auto=format,"Sydney, Australia",-33.8698439,151.2082848,2026-10-07 03:13:37
Interplanetary Criminal,Interplanetary Criminal presents,2026-10-10T00:00:00.000,/events/2425980,Anz | Bakey | bullet tooth | Camille Doe | Club Angel | DJ Cosworth | DJ Seinfeld | Dr Dubplate | Faster Horses | HAAi | Helena Lauwaert | Interplanetary Criminal | Joy Orbison | Jyoty | La La | Larishka | Lauren Lo Sung | Lewis Taylor | Main Phase | MALUGI | Notion | Oldboy | Osmosis Jones | Prozak (IRL) | Silva Bumpa | Skin On Skin,Depot Mayfield,Manchester,United Kingdom,https://images.ra.co/692ad66fdcdf315000394f628f7698c2219cde34.png,"Manchester, United Kingdom",53.4794892,-2.2451148,2026-04-30 00:41:18
Interplanetary Criminal,III Points 2026,2026-10-16T00:00:00.000,/events/2428241,619! | 999999999 | AABEL | SIEGEL (2) | Adam Port | OMRI. | Ale Acosta | HAZÓN | ALEJO (US) | Alexx in Chainss | Aphex Twink | FORESEER | Artime | Mystic Bill | Ashley Venom | Souls Departed | B0YG1RL | Baby Jesus | CHAOS! | Bakke | Bassvictim | Beltran | Ben Sterling | Bill Patrick | Bort | Blood Orange | Bonita Applebumz | bozito | Gabo Escalona | Bricolage | DAY/DEM | Brunello | Rafael | Cami di Marzo | Charlotte de Witte | ChaseWest | Cloonee | Coffintexts | DJ Fuckoff | Cole Knight | Connan Mockasin | DJ D.Luxe | Daizy | Danny Brown | Danny Daze | DJ Godfather | Daphni | David Vunk | Dean Turnley | Deep Cleansing | DIFFER | DJ Harvey | DJ Ray (2) | EZ Dee | DJ SABI | GRUE5OME | DJ Three | Sister System | DomnRob | Dr. Rubinstein | Ultrathem | Duality (US) | gumthewrapper | Dude Skywalker | Eli Escobar | Jubilee | Elias Garcia | Mila Gama | eveava | JOVIGIBS | Extra Andrew | Mutant Pete | feph | Mr. Tron | Fiin | FiNE | FIUZA (MX) | Madison Kay | Floating Points | Flying Lotus | Four Tet | Generous B | Gio Elia | Meghan Lee | Grace Arribas | Marte | grant sabadash | Shir Miya | HAAi | Hamdi (UK) | Heidi Lawden | Honey Dijon | horsegiirL | Idriss D | Danyelino | Interplanetary Criminal | INVT | Ivy Lab | Jacques Greene | Jane Remover | Jason Rault | JBZ | Jeremy Ismael | Jinks | Romulo Del Castillo | Joanna Kuchta | Robyn Sin Love | Joss Dean | ¥ØU$UK€ ¥UK1MAT$U | Jump Source | Katie Ox | Nat Siriani | Kelela | KETTAMA | KI/KI | KinAhau | KUJO (US) | RARA (US) | Kumi | La BB | Lady Narcisse | Racci | Lotusoph | Julia Saturno | Loukeman | Lousy Lover | Lupreme | SANTO | Pezlo MD | Machine Girl | Maher Daniel | Malone | Mango | Marco Carola | Franky Rizardo | Marie Qrie | Viva Vidal | Marsolo | Mary Droppinz | Max Dean | Luke Dean_ | Max Styler | Vintage Culture | MEGUSTA | Miguel Clark | Naim Zarzour | Saraga | x3butterfly | Milo Ziro | Xilla | Monoky (2) | Moscoman | MPH (1) | Mr. Bitch | Natalia Roth | Max Stern | Nicholas G. Padilla | Nick León | Safety Trance | Nicole Gallamini | Nikita Green | Nii Tei | oma totem | True Vine | p1no | Trippie Hippie (US) | Patch+ | PAWSA | Peach | Shanti Celeste | phiphi | Winter Wrong | Pressure Point (US) | Berrakka | PROLETAR | Puma (US) | Purity Ring | R/V Calypso | RAJE | slugg | Rebolledo | Red Axes | Rello | Rimaye | Inbal | Roman Flügel | RUDE BOY (US) | SDRV | Sam Alfred | SATURNSARii | Suz | Sel.6 | serafitz | Seth Troxler | Shinobi | Silvie Loto | Ms. Mada | Sosa | Spice Crime | Violeta | Sunn O))) | Terence Tabeau | Tiffy Vera | Thunderpony | Tiga | Tokischa | Tricky | Uchi | Underworld | v1fro | vsyana | VTSS | Whitesquare | Will Buck | Taimur | Will Renuart | YHWH Nailgun | ZEP (NL),Mana Wynwood,Miami,United States of America,https://images.ra.co/6aa1f53c55107b226c4a2d93932f524848c0ba48.png,"Miami, United States of America",25.7741728,-80.19362,2026-08-20 00:22:51
Interplanetary Criminal,III Points Satellite Party: ZEYZEY - Under the Banyan Tree,2026-10-18T00:00:00.000,/events/2548961,Interplanetary Criminal | Sam Alfred | Jubilee | Carozilla | DB Cooper,ZeyZey,Miami,United States of America,https://images.ra.co/189b02267d900e96b92c179c4c61602967a1170a.jpg,"Miami, United States of America",25.7741728,-80.19362,2026-10-01 03:03:35
Interplanetary Criminal,"ENRG 10th Birthday - IPC, MALUGI, Notion, Girls Don't Sync + more",2026-10-24T00:00:00.000,/events/2497315,Interplanetary Criminal | MALUGI | Notion | Girls Don't Sync | ESC (5) | DAISY,Blackstone Street Warehouse,Liverpool,United Kingdom,https://images.ra.co/21effcd68fdd2176dadced9869c791c67ce5a480.jpg,"Liverpool, United Kingdom",53.4071991,-2.99168,2026-07-26 00:41:26
Interplanetary Criminal,Interplanetary Criminal,2026-10-24T00:00:00.000,/events/2485884,Interplanetary Criminal,The Music Yard,Charlotte,United States of America,https://cdn.sanity.io/images/6epsemdp/production/b7d83a32bba8e46b37bc22edd92ed71cef47b091-1920x1280.jpg?w=640&fit=clip&auto=format,"Charlotte, United States of America",35.2272086,-80.8430827,2026-07-09 00:51:37
Interplanetary Criminal,Interplanetary Criminal ADE at Bajes,2026-10-25T00:00:00.000,/events/2500675,Interplanetary Criminal,Bajes Amsterdam,Amsterdam,Netherlands,https://images.ra.co/c18fbd109469f6c9e58e720bc9826d71278aa3ed.png,"Amsterdam, Netherlands",52.3730796,4.8924534,2026-07-31 00:42:03
Interplanetary Criminal,FNGRS CRSSD presents Palms Beach Club with Interplanetary Criminal + Madam X,2026-10-30T00:00:00.000,/events/2551350,Interplanetary Criminal | Madam X,Beach House San Diego,San Diego,United States of America,https://images.ra.co/e425633ce3cc048d68034298d002ccb1d101d4c7.jpg,"San Diego, United States of America",32.7174202,-117.162772,2026-10-04 03:24:38
Interplanetary Criminal,Freaky Deaky Texas 2026,2026-10-30T00:00:00.000,/events/2444962,Mary Droppinz | Liquid Stranger | Hannah Laing | Interplanetary Criminal | DJ Heartstring | Flava D | BLONDEX | Bonnie | Clyde (2) | Costa (FR) | Faster Horses | IDEMI | JAZZY (2) | KLOUD | Nicolas Julian | Nikolina | Restricted | SAIDAH | Swimming Paul,Travis County Exposition Center,Austin,United States of America,https://images.ra.co/2d76f16c139fe5eed5fc63b435f8b6a2ea13c575.jpg,"Austin, United States of America",30.2711286,-97.7436995,2026-08-18 00:23:39
Interplanetary Criminal,"Interplanetary Criminal, bullet tooth, Cobrastrk",2026-11-07T00:00:00.000,/events/2534636,Interplanetary Criminal | bullet tooth | Cobrastrk,BERHTA,Washington DC,United States of America,https://images.ra.co/491e3ce2340a6a886a9a74b97f453531caa884c3.jpg,"Washington DC, United States of America",38.8950368,-77.0365427,2026-09-11 02:01:35
Interplanetary Criminal,Modular Maassilo 2026,2026-11-14T00:00:00.000,/events/2479896,Dj Babatr | Gyatso | Interplanetary Criminal | LAMMER | Lisa Korver | LORI (NL) | M-High | Miguel De Bois | Milion | SAIDAH | Mischluft | OLIVIA LENSEN | Paige Tomlinson | Sunnysoposted,Maassilo,Rotterdam,Netherlands,https://images.ra.co/4407a8416cfd7fa02c0b374b8bb79208713d5a93.jpg,"Rotterdam, Netherlands",51.9244424,4.47775,2026-07-04 00:45:41
Interplanetary Criminal,Interplanetary Criminal,2026-11-21T00:00:00.000,/events/2512883,Interplanetary Criminal | Lauren Lo Sung | Milion | La La,NX Newcastle,Newcastle,United Kingdom,https://images.ra.co/8884788d8bce42a3045210f379343aceb3a87e0b.jpg,"Newcastle, United Kingdom",54.9738474,-1.6131572,2026-08-14 00:31:10
Interplanetary Criminal,ATW pres. Interplanetary Criminal + Guests,2026-11-28T00:00:00.000,/events/2500660,Interplanetary Criminal | Main Phase | Anz | Dr Dubplate | RIRIA | SUFI | La La | Axle | Fonzo (UK) | Azumei | Camille Doe | Fliss Mayo | Lolli | Smokey Bubblin' B,The Prospect Building,Bristol,United Kingdom,https://images.ra.co/36ffde9be91a2e7b356423295d6f7f7eb3656744.jpg,"Bristol, United Kingdom",51.4538022,-2.5972985,2026-07-31 00:42:03
Interplanetary Criminal,SHINE x INDEX -- Interplanetary Criminal,2026-12-05T00:00:00.000,/events/2543181,Interplanetary Criminal | Faster Horses | DIEBYVEG,The Telegraph Building,Belfast,United Kingdom,https://images.ra.co/b1bbb28b32edefd536605079375371776e48bc14.jpg,"Belfast, United Kingdom",54.596391,-5.9301829,2026-09-24 02:10:06
Janis Zielinski,"AOS X TOKONOMA W/ Freddy K, Blasha & Allatt, DJ AYA & MANY MORE",2026-10-16T00:00:00.000,/events/2514140,Blasha & Allatt | Freddy K | DJ AYA | Penglord | Janis Zielinski | Speckman | Talia Dorr | ZSZS | Cosmic Cherry | guuc20459 | EliaHaze,Tokonoma Club,Frankfurt,Germany,https://images.ra.co/6c585b8f50aa8ca751fe92237651cf5893458490.jpg,"Frankfurt, Germany",50.1106444,8.6820917,2026-09-08 02:13:37
Janis Zielinski,ADE - Hot Meal [sold out],2026-10-22T00:00:00.000,/events/2470633,Bad Boombox | Gusted | Dr. G | Janis Zielinski | Jessie Dols | lizaliza | Mija | MRD (NO) | Mischluft | Ollie Lishman,Lofi,Amsterdam,Netherlands,https://images.ra.co/27f92b79522fb5643b432c76c77b842ba11d9ee5.png,"Amsterdam, Netherlands",52.3730796,4.8924534,2026-10-07 03:13:37
Janis Zielinski,KLANG 909 with Janis Zielenski,2026-10-23T00:00:00.000,/events/2550172,Janis Zielinski,PRST,Vienna,Austria,https://images.ra.co/560d4c2bd82ff713acdaa5ba4eb4ba31756c9bdc.jpg,"Vienna, Austria",48.2083537,16.3725042,2026-10-01 03:03:35
Janis Zielinski,"Hot Meal : Bad Boombox, Mischluft, Mija & More",2026-11-21T00:00:00.000,/events/2538895,Bad Boombox | Mischluft | Mija | Janis Zielinski | lizaliza,Mia Mao,Paris,France,https://images.ra.co/c8f89ec367651fa4685be09bb5065a8528c92305.png,"Paris, France",48.8588897,2.3200410217200766,2026-09-19 02:28:10
Janis Zielinski,BCCO x Hot Meal,2026-11-28T00:00:00.000,/events/2401774,Bad Boombox | future.666 | ÜBERKIKZ | David Löhlein | Alycia Bezgo | DJ Hyperdrive | Félicie | SAIKA | Janis Zielinski | Gusted | DJ Cringey | Pōnky | TOXIMAMI | lizaliza,MUENZE,Berlin,Germany,https://images.ra.co/0afadbb8e1a0958f2ed79074614eea5425126681.jpg,"Berlin, Germany",52.510885,13.3989367,2026-08-27 01:29:07
Jayda G,Eólica,2026-10-16T00:00:00.000,/events/2494318,WhoMadeWho | Sama' Abdulhadi | Jayda G | Eris Drew | Octo Octa | TSHA | Danilo Plessow | vandàla | Rainer Trüby | PAURRO | Mostany | IRTAP_ | Dee Diggs | Horse Meat Disco | Gus Gus | Fernanda Arrau | Javier Carballo | Victor Ruiz,Iter Tenerife,Canary Islands,Spain,https://images.ra.co/adfdfa29655a77526bef16bcf79f04248e9a7921.jpg,"Canary Islands, Spain",28.2863989,-16.7960118,2026-07-23 00:41:14
Jayda G,PURGATORY: Friday Night with Jayda G + Suze Ijó,2026-10-30T00:00:00.000,/events/2545601,Jayda G | Suze Ijó,Refuge,New York City,United States of America,https://images.ra.co/eb06fff48fc1f144925b6a9ecf3de7cc998d2dea.png,"New York City, United States of America",40.7127281,-74.0060152,2026-09-27 02:32:55
Jayda G,Flesh & Fangs: Jayda G - Tomoki Tamura,2026-10-31T00:00:00.000,/events/2521842,Jayda G | Rich Thomas | Aaron Sparks | Tomoki Tamura | G.E.N.E. | DJ Soul (US),Flash,Washington DC,United States of America,https://images.ra.co/2d97fb725984e11a7ff1d69434123c89148c7b1f.jpg,"Washington DC, United States of America",38.8950368,-77.0365427,2026-08-27 01:29:07
Jayda G,Hocus Pocus 2026 ,2026-10-30T00:00:00.000,/events/2487710,ALISHA | Âme | ANNĒ | Apollonia | Arina Krondeva | ATRIP | Azzecca | Baauer | Berrakka | Bushbaby | Caleb Jackson | Cami di Marzo | camoufly | Cassian | Chase & Status | ChaseWest | Chloé Caillet | Cole Knight | Conducta | Danny Daze | Darco | DAX J | DJ BORING | DJ Seinfeld | Effy | Elad | Eli Escobar | Eric Prydz | Franky Rizardo | Chlär | Alarico | Generous B | Gorgon City | Hudson Mohawke | Inbal | Indira Paganotto | Jamie Jones | Jayda G | Jean Pierre | Jordan Brando | Joseph Capriati | Julya Karma | Kerri Chandler | Kevin Saunderson | Kiddo | Layton Giordani | Mall Grab | MALUGI | Marcel Dettmann | Marco Strous | Marte | Mary Droppinz | Matthew Dear | Meduza | Monoky (2) | Nicole Gallamini | Nora En Pure | Prospa | Purple Disco Machine | Quest | RAJE | Rooléh | RSquared | Salomé Le Chat | salute | Seth Troxler | Shir Miya | SIEGEL (2) | Sinopoli | Skream | SLAMM | slugg | Sol Ortega | Somewhen | Souls Departed | Special Request | The Chronics | Todd Edwards | Vitess | Will Renuart | William Kiss | X CLUB. | X-Coast | Yamagucci | Yanamaste,Factory Town,Miami,United States of America,https://images.ra.co/2da74af63ba8ed4198a16bf3f7c9c048b252b0bf.png,"Miami, United States of America",25.7741728,-80.19362,2026-08-07 01:25:24
Jayda G,"La Discothèque with Folamour, Dan Shake, Ron Trent, Jayda D",2026-11-13T00:00:00.000,/events/2496919,Purple Disco Machine | Folamour | Masters At Work | Louie Vega | Kenny Dope | Dan Shake | Jenna G | SIGGY | Ron Trent | Jayda G | Jennifer Loveless | Tarzsa | Dombresky | DJ Paulette | Heléna Star | Daisybelle,DRUMSHEDS,London,United Kingdom,https://images.ra.co/2e10c5c80695a5eb85fc3233d36aa977f7bfc5e9.png,"London, United Kingdom",51.5074456,-0.1277653,2026-07-31 00:42:03
Jayda G,Polaris Festival 2026,2026-11-20T00:00:00.000,/events/2542748,Armand Van Helden | Carl Craig | Charlotte de Witte | Chris Liebing | Deetron | Dixon | DJ Deep | Flo Real | Horse Meat Disco | Inox Traxx | Jayda G | Jimi Jules | Juli Lee | Khadija (DE) | Kirollus | Laolu | Lloyd Nwagboso | Mike Banks | A Guy Called Gerald | meera | Moodymann | Move D | Prosumer | Reznik | St Germain | UFO95 | Yasmin,Verbier,All,Switzerland,https://images.ra.co/2d857f66ab7c7fb7657a7b12c9234435dec68f4f.png,"Verbier, Switzerland",46.0961011,7.2286765,2026-09-24 02:10:06
Jayda G,Super Discount Festival,2026-12-18T00:00:00.000,/events/2481537,Etienne De Crecy | Felix Da Housecat | Tiga | Kenny Dope | Jayda G | Uffie | Perel,104 CENTQUATRE,Paris,France,https://images.ra.co/226143b51ca4423e2eb2afc175cf84580c7fbbe9.jpg,"Paris, France",48.8588897,2.3200410217200766,2026-07-04 00:45:41
Jayda G,"THE WORKS [NYE] feat. Armand Van Helden, Ewan McVicar, Jayda G + salute",2026-12-31T00:00:00.000,/events/2531677,Armand Van Helden | Ewan McVicar | Jayda G | salute,Carriageworks,Sydney,Australia,https://images.ra.co/50aaa829160435f0c4414cf6d826d93818449a91.png,"Sydney, Australia",-33.8698439,151.2082848,2026-09-11 02:01:35
Jayda G,Lost Paradise 2026,2026-12-28T00:00:00.000,/events/2491206,John Summit | Skepta | KI/KI | Overmono | Armand Van Helden | Nia Archives | Ewan McVicar | Sam Alfred | Rossi | Partiboi69 | Benwal | Caleb Jackson | Chaos In The CBD | dameeeela | DART | Dean Turnley | DJ Seinfeld | Drifting Clouds | Flava D | Hamdi | Harry Hayes | Helena Lauwaert | Hot Dub Time Machine | Jamback | James Pepper | Baron Von Trax | Jayda G | Job Jobse | Kirollus | Kyle Starkey | Loods | Luuk van Dijk | Mella Dee | Memphis LK | Ned Bennett | Luke Alessi | Jordan Brando | William Kiss | Osmosis Jones | Pretty Girl | Riordan | Saint Ludo | salute | Soul Mass Transit System | Stacie Fields | Supergloss | Tommy Holohan | Willo | Bella Backe | Callyy | Casual P | Couch Mechanic | DJ MACARONI | Elijah Something | GMOZ | Jacqui Cunningham | Lily FM | Mash (2) | Harley Ferris | Mimi J | PARTIGIRL | Sasha Milani | Sim Select | zacattacq,Glenworth Valley,Sydney,Australia,https://images.ra.co/7ea5261c8d409c341b715c39ed784a89a92a17db.jpg,"Sydney, Australia",-33.8698439,151.2082848,2026-07-29 00:29:15
Jayda G,Beyond The Valley,2026-12-28T00:00:00.000,/events/2499611,"Afrodisiac | After X | AKEYLAH | Anetha | Arielle Free | Armand Van Helden | bellxsxs | Benwal | BIIANCO | Boys Noize | Bryson Hill | Carla Martinez | Club Angel | DART | Dean Turnley | DJ PGZ | Eva Charley | Ewan McVicar | Faster Horses | Frost Children | Funk Tribu | Hamdi | Hannah Laing | Helena Lauwaert | Jackie Hollander | Jamback | Jayda G | Job Jobse | John Summit | Jordan Brando | Luuk van Dijk | JUPiTA | bbsanii | Kiara Friend | KI/KI | Kyle Starkey | Layton Giordani | Lex (GR) | Love, Jess | Mella Dee | Mia Koden | MPH (1) | Nia Archives | Nice Girl | nimino | Oppidan | oskar med k | Overmono | Renaessance | Riordan | Saint Ludo | salute | Skepta | Soul Mass Transit System | southstar | SPFDJ | THC | Tiff Cornish | Tommy Holohan | VANNA | WAXX OFF | WOLTERS | WVCHWY | X & Ivy",Barunah Plains,Victoria,Australia,https://images.ra.co/42ccb12d5c81c31dd033479caf74f8b29147e555.png,"Victoria, Australia",-36.5986096,144.6780052,2026-07-29 00:29:15
Job Jobse,GASHOUDER presents: Job Jobse [Sold Out],2026-10-23T00:00:00.000,/events/2442640,Job Jobse | BASHKKA | Ryan Elliott,GASHOUDER,Amsterdam,Netherlands,https://images.ra.co/b16e12084adee493bf374681f50754b3f871fa9d.jpg,"Amsterdam, Netherlands",52.3730796,4.8924534,2026-06-18 00:52:48
Job Jobse,No Art ADE Festival 2026,2026-10-24T00:00:00.000,/events/2463250,ANOTR | CHRIS STASSY | HALFPINT | Job Jobse | Rooléh | Saoirse | Alci | Aline Umber | Brunello | Hannecart | Hunee | Mateo Dufour | Moxie,Taets Art & Event Park,Amsterdam,Netherlands,https://images.ra.co/73085d4b9c2b045734d600d5b405fff5957167c3.jpg,"Amsterdam, Netherlands",52.3730796,4.8924534,2026-08-22 00:24:03
Job Jobse,Lost Paradise 2026,2026-12-28T00:00:00.000,/events/2491206,John Summit | Skepta | KI/KI | Overmono | Armand Van Helden | Nia Archives | Ewan McVicar | Sam Alfred | Rossi | Partiboi69 | Benwal | Caleb Jackson | Chaos In The CBD | dameeeela | DART | Dean Turnley | DJ Seinfeld | Drifting Clouds | Flava D | Hamdi | Harry Hayes | Helena Lauwaert | Hot Dub Time Machine | Jamback | James Pepper | Baron Von Trax | Jayda G | Job Jobse | Kirollus | Kyle Starkey | Loods | Luuk van Dijk | Mella Dee | Memphis LK | Ned Bennett | Luke Alessi | Jordan Brando | William Kiss | Osmosis Jones | Pretty Girl | Riordan | Saint Ludo | salute | Soul Mass Transit System | Stacie Fields | Supergloss | Tommy Holohan | Willo | Bella Backe | Callyy | Casual P | Couch Mechanic | DJ MACARONI | Elijah Something | GMOZ | Jacqui Cunningham | Lily FM | Mash (2) | Harley Ferris | Mimi J | PARTIGIRL | Sasha Milani | Sim Select | zacattacq,Glenworth Valley,Sydney,Australia,https://images.ra.co/7ea5261c8d409c341b715c39ed784a89a92a17db.jpg,"Sydney, Australia",-33.8698439,151.2082848,2026-07-29 00:29:15
Job Jobse,Beyond The Valley,2026-12-28T00:00:00.000,/events/2499611,"Afrodisiac | After X | AKEYLAH | Anetha | Arielle Free | Armand Van Helden | bellxsxs | Benwal | BIIANCO | Boys Noize | Bryson Hill | Carla Martinez | Club Angel | DART | Dean Turnley | DJ PGZ | Eva Charley | Ewan McVicar | Faster Horses | Frost Children | Funk Tribu | Hamdi | Hannah Laing | Helena Lauwaert | Jackie Hollander | Jamback | Jayda G | Job Jobse | John Summit | Jordan Brando | Luuk van Dijk | JUPiTA | bbsanii | Kiara Friend | KI/KI | Kyle Starkey | Layton Giordani | Lex (GR) | Love, Jess | Mella Dee | Mia Koden | MPH (1) | Nia Archives | Nice Girl | nimino | Oppidan | oskar med k | Overmono | Renaessance | Riordan | Saint Ludo | salute | Skepta | Soul Mass Transit System | southstar | SPFDJ | THC | Tiff Cornish | Tommy Holohan | VANNA | WAXX OFF | WOLTERS | WVCHWY | X & Ivy",Barunah Plains,Victoria,Australia,https://images.ra.co/42ccb12d5c81c31dd033479caf74f8b29147e555.png,"Victoria, Australia",-36.5986096,144.6780052,2026-07-29 00:29:15
Job Jobse,THE WORKS [JAN 7] feat. Sam Alfred b2b Job Jobse,2027-01-07T00:00:00.000,/events/2531685,Sam Alfred | Job Jobse,Carriageworks,Sydney,Australia,https://images.ra.co/a8f7f75ff654d2129ccef5ea1bda81d5f8c60838.png,"Sydney, Australia",-33.8698439,151.2082848,2026-09-11 02:01:35
Job Jobse,Sam Alfred b2b Job Jobse - Melbourne,2027-01-08T00:00:00.000,/events/2550471,Sam Alfred | Job Jobse,The Wool Store,Melbourne,Australia,https://images.ra.co/de07ae62095d856afca630eaacdb9dab3b6addf2.png,"Melbourne, Australia",-37.8142454,144.9631732,2026-10-01 03:03:35
Josh Baker,Brunch Electronik Malaga WEEKENDER 10/11OCTUBRE 2026,2026-10-10T00:00:00.000,/events/2513573,Adam Beyer | Alex Now | Alycia Bezgo | sim0ne | Boys Noize | De La Swing | Denis Horvat | Fhiga | PÜCH | Francisco Allendes | fumi (DE) | SHDW | GIØ (1) | GNRØ | Héctor Oaks | INTERVALO | Locati | Joseph Capriati | Josh Baker | Karretero | Kobosil | Loco Dice | LSDXOXO | Manda Moor | Marco Faraone | Miguel Payda | Patrick Mason | SALOME | SANTØS | SKALA | Tham | VICTORIA WHYNOT,Auditorio Málaga Cortijo de Torres,South,Spain,https://images.ra.co/50b56bb177152f083820aee94342151ad55e6925.png,"Auditorio Málaga Cortijo de Torres, Spain",36.7213028,-4.4216366,2026-08-20 00:22:51
Josh Baker,Josh Baker,2026-10-16T00:00:00.000,/events/2472908,Josh Baker,"Phantom, Paris",Paris,France,https://images.ra.co/4f8c5513cb16d934b7b7b20d1cd526f9df786157.png,"Paris, France",48.8588897,2.3200410217200766,2026-06-24 00:40:48
Josh Baker,GASHOUDER presents: Josh Baker [Sold Out],2026-10-25T00:00:00.000,/events/2452022,Alexandria | Marie Montexier | Marsolo | Josh Baker,GASHOUDER,Amsterdam,Netherlands,https://images.ra.co/664e95e8a1ede0a6915f028ba17aa60045b5f084.jpg,"Amsterdam, Netherlands",52.3730796,4.8924534,2026-08-29 00:10:44
Josh Baker,EDC Orlando,2026-11-06T00:00:00.000,/events/2523916,Alesso | Bou (UK) | Adventure Club | Prospa | Josh Baker | Brunello | Azzecca | Matthias (1) | bullet tooth | MALUGI | RAJE | ALVES (PT) | Max Dean | Dennis Cruz | Franky Rizardo | Miguelle | KinAhau | Mai iachetti | Monoky (2) | I Hate Models | Ian Asher | Esse | Deorro | Of The Trees | San Holo | KlangKuenstler | KI/KI | Boys Noize | Marlon Hoffstadt | Ultrathem,Tinker Field,Orlando,United States of America,https://images.ra.co/3c8ed75a450470b50e65ccdd8d3dcddde040a526.png,"Orlando, United States of America",28.5421218,-81.379045,2026-08-29 00:10:44
Josh Baker,Josh Baker,2026-11-19T00:00:00.000,/events/2521037,Josh Baker,Substation,Seattle,United States of America,https://images.ra.co/6dcc611f04a6300ca417bdd8580fbc831873438d.jpg,"Seattle, United States of America",47.6038321,-122.330062,2026-08-27 01:29:07
Josh Baker,FNGRS CRSSD presents Palms Beach Club with Josh Baker,2026-11-22T00:00:00.000,/events/2522129,Josh Baker | Sebs,Beach House San Diego,San Diego,United States of America,https://images.ra.co/83e8047d2edac0b8c923aec1412cdb860e8c2bbf.jpg,"San Diego, United States of America",32.7174202,-117.162772,2026-08-27 01:29:07
Josh Baker,Josh Baker,2026-11-27T00:00:00.000,/events/2521920,Josh Baker,Radius,Chicago,United States of America,https://images.ra.co/2296781d2e6e563133e6248441d97c70c5a163fa.jpg,"Chicago, United States of America",41.8755616,-87.6244212,2026-08-27 01:29:07
Josh Baker,Lights All Night Festival 2026,2026-12-30T00:00:00.000,/events/2490698,Azyr | Chris Lake | Conrad Taylor | DJ MANDY | Gryffin | HerShe | hhunter | I Hate Models | Ian Asher | Josh Baker | KETTAMA | MADGRRL | Marie Vaunt | Mindset | Ninajirachi | Side Quest,Fair Park,Dallas/Fort Worth,United States of America,https://images.ra.co/9091f5fc2b4b6153095283b90026f29ac3657621.jpg,"Dallas/Fort Worth, United States of America",32.89651945,-97.0465220537124,2026-07-17 00:41:31
Josh Baker,Lights All Night 2026 - Promo Code 'RAVEFAM',2026-12-30T00:00:00.000,/events/2487631,Azyr | Chris Lake | Conrad Taylor | DJ MANDY | Gryffin | HerShe | hhunter | I Hate Models | Ian Asher | Josh Baker | KETTAMA | MADGRRL | Marie Vaunt | Mindset | Ninajirachi | Side Quest | WTCHCRFT,Fair Park,Dallas/Fort Worth,United States of America,https://images.ra.co/6e32ab0ed1f5a26842b22f7722e1fcf6f643fd8d.jpg,"Dallas/Fort Worth, United States of America",32.89651945,-97.0465220537124,2026-07-11 00:36:41
Josh Baker,Proper NYE 26/27,2026-12-31T00:00:00.000,/events/2526737,Beltran | Ben Sterling | canary yellow | Cassian | Chris Lorenzo | Cloonee | DJ MANDY | Eli Brown | Green Velvet | I Hate Models | INVT | Jackie Hollander | Josh Baker | Kamino | KETTAMA | KlangKuenstler | Lane 8 | Massane | Max Dean | Luke Dean_ | Nico Moreno | MYRNE | Omar+ | PARIS (AU) | Player Dave | Qrion | Robby East | Sara Landry | Sosa | Tommy Phillips | umru | ¥ØU$UK€ ¥UK1MAT$U,Petco Park,San Diego,United States of America,https://images.ra.co/1b79939ce91bb6c59c5f3c05e294c44dfecbe5f0.jpg,"San Diego, United States of America",32.7174202,-117.162772,2026-09-03 02:14:48
Juicy Romance,Terminal V London,2026-10-23T00:00:00.000,/events/2481375,Holy Priest | I Hate Models | 999999999 | Charlie Sparks | Cara Elizabeth | DJ Cringey | Onlynumbers | Nikolina | KLOUD | Lola Cerise | MARIEEEA | Laure Croft | Pablo Bozzi | Juicy Romance | Helena Lauwaert | 6 SENSE | LAUZ,DRUMSHEDS,London,United Kingdom,https://images.ra.co/54e2a4df4076b404de35ce5f5d5ae9d199d0871d.png,"London, United Kingdom",51.5074456,-0.1277653,2026-07-04 00:45:41
Juicy Romance,"Smolna 10th B-day DAY 3: Kaufmann, Juicy Romance",2026-10-30T00:00:00.000,/events/2545064,Kaufmann | Juicy Romance | kieniewicz | Medzz,Smolna,Warsaw,Poland,https://images.ra.co/b4266b01dd828b6eb8fc6d4b11569c92814118a8.jpg,"Warsaw, Poland",52.2337172,21.071432235636493,2026-09-25 02:24:57
Juicy Romance,KETTAMA presents Steel City Dance Discs,2026-11-06T00:00:00.000,/events/2500628,Partiboi69 | DJ Gigola | KETTAMA | Skin On Skin | Sam Alfred | Riordan | Robbie Doherty | Juicy Romance | Loods | DJ Carpenter | Ewan McVicar | DJ Heartstring | Tommy Holohan | SALOME | X CLUB. | Bella Claxton | Evian Christ | Daria Kolosova | Clouds | Minna-no-Kimochi | seretide | Vault | Didi Han | DART | Ma Sha | SAIDAH,Depot Mayfield,Manchester,United Kingdom,https://images.ra.co/0f44eb74fcb5ecc52eee5b75b236cb423f8cf23d.png,"Manchester, United Kingdom",53.4794892,-2.2451148,2026-07-31 00:42:03
Juicy Romance,Boiler Room: Amsterdam | Saturday,2026-11-14T00:00:00.000,/events/2506990,Alba Franch | Eva Vrijdag | Ignez | Juicy Romance | Kara Okay | Locus Error | Milion | Planetary Assault Systems | Rene Wise | Stef Mendesidis | ÜBERKIKZ | Valody,TBA,Amsterdam,Netherlands,https://images.ra.co/0f4c8685c9ad1b90620a3ce2e92e042d457670b5.jpg,"Amsterdam, Netherlands",52.3730796,4.8924534,2026-10-04 03:24:38
Juicy Romance,Labyrinth presents: Partiboi69 LIFE EXTENSION The Cause Workshop,2026-11-27T00:00:00.000,/events/2554571,Partiboi69 | Juicy Romance | Lola So,The Cause,London,United Kingdom,https://images.ra.co/7d6ab3e97ac273effdfd5c2625ed26f395cd5741.jpg,"London, United Kingdom",51.5074456,-0.1277653,2026-10-07 03:13:37
Juicy Romance,Radar Festival Perth,2026-12-28T00:00:00.000,/events/2534055,AK SPORTS | Azyr | Bella Claxton | Boys Noize | Carla Martinez | Club Angel | DJ Seinfeld | Emma Moon | Faster Horses | Juicy Romance | Julian Fijma | Locky | Ned Bennett | Osmosis Jones | Partiboi69 | Riordan | salute | Sam Alfred | Soul Mass Transit System | southstar | Tommy Holohan,Langley Park,Perth,Australia,https://cdn.sanity.io/images/6epsemdp/production/b7d83a32bba8e46b37bc22edd92ed71cef47b091-1920x1280.jpg?w=640&fit=clip&auto=format,"Perth, Australia",-31.9558933,115.8605855,2026-09-11 02:01:35
Juicy Romance,LTECNYD 2027,2027-01-01T00:00:00.000,/events/2536207,Anetha | Boys Noize | C.FRIM | MIRASIA | Chaos In The CBD | Dean Turnley | Denim | Ewan McVicar | Jennifer Loveless | Joy Orbison | Juicy Romance | Kirollus | Lady Shaka | Mikalah Watego | Partiboi69 | Shanti | Soul Wun | TRUSTEE | William Kiss | Special Guest (US),The Nursery At Flemington,Melbourne,Australia,https://images.ra.co/b68a7cb17c5fa6176f20a07971a390b46746b37e.jpg,"Melbourne, Australia",-37.8142454,144.9631732,2026-09-19 02:28:10
Juicy Romance,Radar Festival Brisbane,2027-01-02T00:00:00.000,/events/2534060,AK SPORTS | Bella Claxton | Boys Noize | Carla Martinez | Club Angel | DJ Seinfeld | Emma Moon | Faster Horses | Juicy Romance | Julian Fijma | Locky | Osmosis Jones | Partiboi69 | Riordan | salute | Sam Alfred | Soul Mass Transit System | southstar | Tommy Holohan,Superordinary,Brisbane,Australia,https://images.ra.co/1c6a678d844b2d149381777281d20ce6b8af6447.jpg,"Brisbane, Australia",-27.4689682,153.0234991,2026-09-11 02:01:35
Kaytranada,"Kaytranada (DJ Set) with Lou Phelps (DJ Set), Darling Cool",2026-10-29T00:00:00.000,/events/2543472,Kaytranada | Darling Cool,Echostage,Washington DC,United States of America,https://images.ra.co/8c6475d34d2ac1ebc40d929f607d6ec49c25f31b.jpg,"Washington DC, United States of America",38.8950368,-77.0365427,2026-09-24 02:10:06
Keinemusik,Subdeck x Poplar: Ilija Rudman,2026-10-09T00:00:00.000,/events/2534909,Ilija Rudman | BBK,Subdeck,Bratislava,Slovakia,https://images.ra.co/d6acb88d4e63d295aa7c7081d217ea5fa2204a88.jpg,"Bratislava, Slovakia",48.1435026,17.1082867,2026-09-12 02:05:18
Keinemusik,"Imogen with Mathew Jonson, Charles Webster, Ilija Rudman, Ivan Ljutić",2026-10-23T00:00:00.000,/events/2539742,Charles Webster | Mathew Jonson | Ilija Rudman,Peti Kupe,Zagreb,Croatia,https://images.ra.co/d30b20f2ea24a7db4d3dea3e813c1754d1d958fe.png,"Zagreb, Croatia",45.8130967,15.9772795,2026-09-19 02:28:10
KETTAMA,RUSH presents: KETTAMA,2026-10-07T00:00:00.000,/events/2450112,KETTAMA | Loods | Willo,Knockdown Center,New York City,United States of America,https://images.ra.co/00976502440b28838d07dbb728e069bfea912042.jpg,"New York City, United States of America",40.7127281,-74.0060152,2026-05-24 00:44:45
KETTAMA,RUSH presents: KETTAMA,2026-10-08T00:00:00.000,/events/2446136,KETTAMA | Loods,Knockdown Center,New York City,United States of America,https://images.ra.co/2b4ed82c95f6dc9d3428a5409942417506eecfe2.jpg,"New York City, United States of America",40.7127281,-74.0060152,2026-05-24 00:44:45
KETTAMA,RUSH presents: KETTAMA,2026-10-09T00:00:00.000,/events/2450111,KETTAMA | Loods,Knockdown Center,New York City,United States of America,https://images.ra.co/03286771539238adc3e3cc7a91f58c1e9770501a.jpg,"New York City, United States of America",40.7127281,-74.0060152,2026-05-24 00:44:45
KETTAMA,Head Trip Festival 2026,2026-10-10T00:00:00.000,/events/2391434,Calvin Harris | Swedish House Mafia | Skrillex | FISHER | Chris Lake | Peggy Gou | Four Tet | Dom Dolla | KETTAMA | Seth Troxler | Ben Sterling | The Blessed Madonna | DJ Harvey | Avalon Emerson | Ben UFO | Eris Drew | Octo Octa | Floating Points | Mad Professor | Theo Parrish,Empire Polo Club,Palm Springs,United States of America,https://images.ra.co/075dac9bef7577f44db5880a5ccf7e390b212b3f.png,"Palm Springs, United States of America",33.8246269,-116.540303,2026-03-24 00:27:25
KETTAMA,III Points 2026,2026-10-16T00:00:00.000,/events/2428241,619! | 999999999 | AABEL | SIEGEL (2) | Adam Port | OMRI. | Ale Acosta | HAZÓN | ALEJO (US) | Alexx in Chainss | Aphex Twink | FORESEER | Artime | Mystic Bill | Ashley Venom | Souls Departed | B0YG1RL | Baby Jesus | CHAOS! | Bakke | Bassvictim | Beltran | Ben Sterling | Bill Patrick | Bort | Blood Orange | Bonita Applebumz | bozito | Gabo Escalona | Bricolage | DAY/DEM | Brunello | Rafael | Cami di Marzo | Charlotte de Witte | ChaseWest | Cloonee | Coffintexts | DJ Fuckoff | Cole Knight | Connan Mockasin | DJ D.Luxe | Daizy | Danny Brown | Danny Daze | DJ Godfather | Daphni | David Vunk | Dean Turnley | Deep Cleansing | DIFFER | DJ Harvey | DJ Ray (2) | EZ Dee | DJ SABI | GRUE5OME | DJ Three | Sister System | DomnRob | Dr. Rubinstein | Ultrathem | Duality (US) | gumthewrapper | Dude Skywalker | Eli Escobar | Jubilee | Elias Garcia | Mila Gama | eveava | JOVIGIBS | Extra Andrew | Mutant Pete | feph | Mr. Tron | Fiin | FiNE | FIUZA (MX) | Madison Kay | Floating Points | Flying Lotus | Four Tet | Generous B | Gio Elia | Meghan Lee | Grace Arribas | Marte | grant sabadash | Shir Miya | HAAi | Hamdi (UK) | Heidi Lawden | Honey Dijon | horsegiirL | Idriss D | Danyelino | Interplanetary Criminal | INVT | Ivy Lab | Jacques Greene | Jane Remover | Jason Rault | JBZ | Jeremy Ismael | Jinks | Romulo Del Castillo | Joanna Kuchta | Robyn Sin Love | Joss Dean | ¥ØU$UK€ ¥UK1MAT$U | Jump Source | Katie Ox | Nat Siriani | Kelela | KETTAMA | KI/KI | KinAhau | KUJO (US) | RARA (US) | Kumi | La BB | Lady Narcisse | Racci | Lotusoph | Julia Saturno | Loukeman | Lousy Lover | Lupreme | SANTO | Pezlo MD | Machine Girl | Maher Daniel | Malone | Mango | Marco Carola | Franky Rizardo | Marie Qrie | Viva Vidal | Marsolo | Mary Droppinz | Max Dean | Luke Dean_ | Max Styler | Vintage Culture | MEGUSTA | Miguel Clark | Naim Zarzour | Saraga | x3butterfly | Milo Ziro | Xilla | Monoky (2) | Moscoman | MPH (1) | Mr. Bitch | Natalia Roth | Max Stern | Nicholas G. Padilla | Nick León | Safety Trance | Nicole Gallamini | Nikita Green | Nii Tei | oma totem | True Vine | p1no | Trippie Hippie (US) | Patch+ | PAWSA | Peach | Shanti Celeste | phiphi | Winter Wrong | Pressure Point (US) | Berrakka | PROLETAR | Puma (US) | Purity Ring | R/V Calypso | RAJE | slugg | Rebolledo | Red Axes | Rello | Rimaye | Inbal | Roman Flügel | RUDE BOY (US) | SDRV | Sam Alfred | SATURNSARii | Suz | Sel.6 | serafitz | Seth Troxler | Shinobi | Silvie Loto | Ms. Mada | Sosa | Spice Crime | Violeta | Sunn O))) | Terence Tabeau | Tiffy Vera | Thunderpony | Tiga | Tokischa | Tricky | Uchi | Underworld | v1fro | vsyana | VTSS | Whitesquare | Will Buck | Taimur | Will Renuart | YHWH Nailgun | ZEP (NL),Mana Wynwood,Miami,United States of America,https://images.ra.co/6aa1f53c55107b226c4a2d93932f524848c0ba48.png,"Miami, United States of America",25.7741728,-80.19362,2026-08-20 00:22:51
KETTAMA,"Satellite: Disco Lines, Four Tet B2B Floating Points B2B Daphni, horsegiirL, KETTAMA + MORE",2026-10-17T00:00:00.000,/events/2547943,Four Tet | Floating Points | Daphni | horsegiirL | KETTAMA | Marte | MPH (1) | VTSS,Club Space Miami,Miami,United States of America,https://images.ra.co/5bc4035b845de9d62d4ab17c37dc9687e2f3c013.jpg,"Miami, United States of America",25.7741728,-80.19362,2026-09-29 03:15:00
KETTAMA,Suwannee Hulaween 2026 - Passcode RAVEFAM,2026-10-22T00:00:00.000,/events/2474837,Excision | Pretty Lights | Goose | Ben Böhmer | Big Gigantic | Green Velvet | KETTAMA | Of The Trees | AK SPORTS | Baalti | Casey Club | Costa (FR) | Dean Turnley | Frost Children | Gravagerz | Hamdi | HerShe | hhunter | INVT | Jackie Hollander | KARAN! | Kasablanca | Lewis OfMan | Magoo | Minim | salute | Riordan | Steller | Tini Gessler,Spirit of the Suwannee Music Park,Jacksonville,United States of America,https://images.ra.co/1e5cbded346e4da3204c89bd75f370afadf9c015.png,"Jacksonville, United States of America",30.3262247,-81.6579179,2026-06-25 00:45:25
KETTAMA,KETTAMA presents Steel City Dance Discs,2026-11-06T00:00:00.000,/events/2500628,Partiboi69 | DJ Gigola | KETTAMA | Skin On Skin | Sam Alfred | Riordan | Robbie Doherty | Juicy Romance | Loods | DJ Carpenter | Ewan McVicar | DJ Heartstring | Tommy Holohan | SALOME | X CLUB. | Bella Claxton | Evian Christ | Daria Kolosova | Clouds | Minna-no-Kimochi | seretide | Vault | Didi Han | DART | Ma Sha | SAIDAH,Depot Mayfield,Manchester,United Kingdom,https://images.ra.co/0f44eb74fcb5ecc52eee5b75b236cb423f8cf23d.png,"Manchester, United Kingdom",53.4794892,-2.2451148,2026-07-31 00:42:03
KETTAMA,GASHOUDER presents: KETTAMA All Night Long [Sold Out],2026-11-27T00:00:00.000,/events/2521560,KETTAMA,GASHOUDER,Amsterdam,Netherlands,https://images.ra.co/096ec6a11f26079bb2253c15231617795ab010ed.jpg,"Amsterdam, Netherlands",52.3730796,4.8924534,2026-09-12 02:05:18
KETTAMA,Lights All Night Festival 2026,2026-12-30T00:00:00.000,/events/2490698,Azyr | Chris Lake | Conrad Taylor | DJ MANDY | Gryffin | HerShe | hhunter | I Hate Models | Ian Asher | Josh Baker | KETTAMA | MADGRRL | Marie Vaunt | Mindset | Ninajirachi | Side Quest,Fair Park,Dallas/Fort Worth,United States of America,https://images.ra.co/9091f5fc2b4b6153095283b90026f29ac3657621.jpg,"Dallas/Fort Worth, United States of America",32.89651945,-97.0465220537124,2026-07-17 00:41:31
KETTAMA,Lights All Night 2026 - Promo Code 'RAVEFAM',2026-12-30T00:00:00.000,/events/2487631,Azyr | Chris Lake | Conrad Taylor | DJ MANDY | Gryffin | HerShe | hhunter | I Hate Models | Ian Asher | Josh Baker | KETTAMA | MADGRRL | Marie Vaunt | Mindset | Ninajirachi | Side Quest | WTCHCRFT,Fair Park,Dallas/Fort Worth,United States of America,https://images.ra.co/6e32ab0ed1f5a26842b22f7722e1fcf6f643fd8d.jpg,"Dallas/Fort Worth, United States of America",32.89651945,-97.0465220537124,2026-07-11 00:36:41
KETTAMA,Proper NYE 26/27,2026-12-31T00:00:00.000,/events/2526737,Beltran | Ben Sterling | canary yellow | Cassian | Chris Lorenzo | Cloonee | DJ MANDY | Eli Brown | Green Velvet | I Hate Models | INVT | Jackie Hollander | Josh Baker | Kamino | KETTAMA | KlangKuenstler | Lane 8 | Massane | Max Dean | Luke Dean_ | Nico Moreno | MYRNE | Omar+ | PARIS (AU) | Player Dave | Qrion | Robby East | Sara Landry | Sosa | Tommy Phillips | umru | ¥ØU$UK€ ¥UK1MAT$U,Petco Park,San Diego,United States of America,https://images.ra.co/1b79939ce91bb6c59c5f3c05e294c44dfecbe5f0.jpg,"San Diego, United States of America",32.7174202,-117.162772,2026-09-03 02:14:48
KETTAMA,Groove Cruise,2027-01-21T00:00:00.000,/events/2437939,Adam Beyer | Eli Brown | KETTAMA | Amy Wiles | Anabel Englund | Anthony Attalla | Bella Renee | Deeper Purpose | Dimibo | Ely Oaks | Gravagerz | Jackie Hollander | Joshwa (IT) | Leena Punks | Luke Alexander | Marco Faraone | Marco Strous | Marie Vaunt | Markus Schulz | Maxinne | MPH (1) | Pretty Pink | RaeCola | Ranger Trucco | Rinaly | Sam Feldt | Silva Bumpa | Space 92 | Tini Gessler | Alley Kay | AMPRS&ND | DEEPFAKE | Doc Brown | Dose | Eskuche | Luccio | Romeo | Scooter | Scotty Boy | Sebastian Morxx | The Brothers Grim,Royal Caribbean Cruise Ship,Miami,United States of America,https://images.ra.co/356d953432946a3c97d27ddc6907d72de4bfc9f2.png,"Miami, United States of America",25.7741728,-80.19362,2026-05-09 00:44:30
KETTAMA,KETTAMA - 3rd night added,2027-09-30T00:00:00.000,/events/2507515,KETTAMA,Shrine Auditorium and Expo Hall,Los Angeles,United States of America,https://cdn.sanity.io/images/6epsemdp/production/b7d83a32bba8e46b37bc22edd92ed71cef47b091-1920x1280.jpg?w=640&fit=clip&auto=format,"Los Angeles, United States of America",34.0536909,-118.242766,2026-08-07 01:25:24
KI/KI,III Points 2026,2026-10-16T00:00:00.000,/events/2428241,619! | 999999999 | AABEL | SIEGEL (2) | Adam Port | OMRI. | Ale Acosta | HAZÓN | ALEJO (US) | Alexx in Chainss | Aphex Twink | FORESEER | Artime | Mystic Bill | Ashley Venom | Souls Departed | B0YG1RL | Baby Jesus | CHAOS! | Bakke | Bassvictim | Beltran | Ben Sterling | Bill Patrick | Bort | Blood Orange | Bonita Applebumz | bozito | Gabo Escalona | Bricolage | DAY/DEM | Brunello | Rafael | Cami di Marzo | Charlotte de Witte | ChaseWest | Cloonee | Coffintexts | DJ Fuckoff | Cole Knight | Connan Mockasin | DJ D.Luxe | Daizy | Danny Brown | Danny Daze | DJ Godfather | Daphni | David Vunk | Dean Turnley | Deep Cleansing | DIFFER | DJ Harvey | DJ Ray (2) | EZ Dee | DJ SABI | GRUE5OME | DJ Three | Sister System | DomnRob | Dr. Rubinstein | Ultrathem | Duality (US) | gumthewrapper | Dude Skywalker | Eli Escobar | Jubilee | Elias Garcia | Mila Gama | eveava | JOVIGIBS | Extra Andrew | Mutant Pete | feph | Mr. Tron | Fiin | FiNE | FIUZA (MX) | Madison Kay | Floating Points | Flying Lotus | Four Tet | Generous B | Gio Elia | Meghan Lee | Grace Arribas | Marte | grant sabadash | Shir Miya | HAAi | Hamdi (UK) | Heidi Lawden | Honey Dijon | horsegiirL | Idriss D | Danyelino | Interplanetary Criminal | INVT | Ivy Lab | Jacques Greene | Jane Remover | Jason Rault | JBZ | Jeremy Ismael | Jinks | Romulo Del Castillo | Joanna Kuchta | Robyn Sin Love | Joss Dean | ¥ØU$UK€ ¥UK1MAT$U | Jump Source | Katie Ox | Nat Siriani | Kelela | KETTAMA | KI/KI | KinAhau | KUJO (US) | RARA (US) | Kumi | La BB | Lady Narcisse | Racci | Lotusoph | Julia Saturno | Loukeman | Lousy Lover | Lupreme | SANTO | Pezlo MD | Machine Girl | Maher Daniel | Malone | Mango | Marco Carola | Franky Rizardo | Marie Qrie | Viva Vidal | Marsolo | Mary Droppinz | Max Dean | Luke Dean_ | Max Styler | Vintage Culture | MEGUSTA | Miguel Clark | Naim Zarzour | Saraga | x3butterfly | Milo Ziro | Xilla | Monoky (2) | Moscoman | MPH (1) | Mr. Bitch | Natalia Roth | Max Stern | Nicholas G. Padilla | Nick León | Safety Trance | Nicole Gallamini | Nikita Green | Nii Tei | oma totem | True Vine | p1no | Trippie Hippie (US) | Patch+ | PAWSA | Peach | Shanti Celeste | phiphi | Winter Wrong | Pressure Point (US) | Berrakka | PROLETAR | Puma (US) | Purity Ring | R/V Calypso | RAJE | slugg | Rebolledo | Red Axes | Rello | Rimaye | Inbal | Roman Flügel | RUDE BOY (US) | SDRV | Sam Alfred | SATURNSARii | Suz | Sel.6 | serafitz | Seth Troxler | Shinobi | Silvie Loto | Ms. Mada | Sosa | Spice Crime | Violeta | Sunn O))) | Terence Tabeau | Tiffy Vera | Thunderpony | Tiga | Tokischa | Tricky | Uchi | Underworld | v1fro | vsyana | VTSS | Whitesquare | Will Buck | Taimur | Will Renuart | YHWH Nailgun | ZEP (NL),Mana Wynwood,Miami,United States of America,https://images.ra.co/6aa1f53c55107b226c4a2d93932f524848c0ba48.png,"Miami, United States of America",25.7741728,-80.19362,2026-04-30 00:41:18
KI/KI,KI/KI 5 HOURS - ADE 2026,2026-10-22T00:00:00.000,/events/2401347,KI/KI,Ziggo Dome,Amsterdam,Netherlands,https://images.ra.co/82c6d22efa1245c093da457b9fc2958a089f136e.png,"Amsterdam, Netherlands",52.3730796,4.8924534,2026-03-28 00:28:34
KI/KI,KI/KI 5 HOURS DAY/2 - ADE 2026,2026-10-23T00:00:00.000,/events/2403373,KI/KI,Ziggo Dome,Amsterdam,Netherlands,https://images.ra.co/e3f3a0b42f91b9c0b297ec7fda988e73b4f8da30.png,"Amsterdam, Netherlands",52.3730796,4.8924534,2026-03-28 00:28:34
KI/KI,EDC Orlando,2026-11-06T00:00:00.000,/events/2523916,Alesso | Bou (UK) | Adventure Club | Prospa | Josh Baker | Brunello | Azzecca | Matthias (1) | bullet tooth | MALUGI | RAJE | ALVES (PT) | Max Dean | Dennis Cruz | Franky Rizardo | Miguelle | KinAhau | Mai iachetti | Monoky (2) | I Hate Models | Ian Asher | Esse | Deorro | Of The Trees | San Holo | KlangKuenstler | KI/KI | Boys Noize | Marlon Hoffstadt | Ultrathem,Tinker Field,Orlando,United States of America,https://images.ra.co/3c8ed75a450470b50e65ccdd8d3dcddde040a526.png,"Orlando, United States of America",28.5421218,-81.379045,2026-08-29 00:10:44
KI/KI,FuturFestival Mexico,2026-11-13T00:00:00.000,/events/2527381,AAAA | Adiel | Quest | Airrica | Yulia Niko | ANNA | Deer Jade | Cabizbajo | Carl Craig | Carlita | Chloé Caillet | Cloonee | Colossio | Damian Lazarus | Dennis Cruz | DJ Tennis | Diplo | Dixon | DJ Holographic | Echonomist | FJAAK | Francis Mercier | Mahmut Orhan | Iñigo Vontier | PAURRO | Jackson | Lilya Mandre | Kawas | KI/KI | Lilly Palmer | Maceo Plex | Tiga | Marie Montexier | Massano | Volkoder | Metrika | OMRI. | Opuntia | Paco Osuna | Rafael (IS) | Skream | Tripolism | Vintage Culture | YOUniverse | Marcel Dettmann,Parque Fundidora,Monterrey,Mexico,https://images.ra.co/e004b39105813418fdd0d4ce8b17547aef578d70.png,"Monterrey, Mexico",25.6802019,-100.315258,2026-09-03 02:14:48
KI/KI,Seismic Dance Event 9.0,2026-11-13T00:00:00.000,/events/2313311,1tbsp | Above & Beyond | Adam Sellouk | Benwal | bolo | Brunello | Brutalismus 3000 | Chris Liebing | Chris Lorenzo | Cole Knight | Conrad Taylor | Diffrent | Frederic. | HNTR | horsegiirL | Joss Dean | Kamino | KI/KI | Kyle Starkey | Layton Giordani | Luke Alessi | Maddix | Marco Strous | Marie Vaunt | Max Styler | MPH (1) | Notion | ØTTA | OZA | Paige Tomlinson | Porter Robinson | Sara Landry | SG Lewis | Smokey Bubblin' B | SPFDJ | STÜM | TOCCORORO | Volkoder | VTSS,The Concourse Project,Austin,United States of America,https://images.ra.co/663b8659af4646329c83dd7670cb58f2d1e50cb2.png,"Austin, United States of America",30.2711286,-97.7436995,2026-05-24 00:44:45
KI/KI,KI/KI,2026-11-21T00:00:00.000,/events/2500099,KI/KI,Magazine London,London,United Kingdom,https://cdn.sanity.io/images/6epsemdp/production/b7d83a32bba8e46b37bc22edd92ed71cef47b091-1920x1280.jpg?w=640&fit=clip&auto=format,"London, United Kingdom",51.5074456,-0.1277653,2026-07-29 00:29:15
KI/KI,KI/KI — 5 HOURS,2026-11-28T00:00:00.000,/events/2531673,KI/KI,Gare Maritime,Brussels,Belgium,https://images.ra.co/f199f720d6b867ea45dcb162979a4acc92693d50.jpg,"Brussels, Belgium",50.8465573,4.351697,2026-09-11 02:01:35
KI/KI,Awakenings EXO - Colombia,2026-12-04T00:00:00.000,/events/2543925,Abstract Division | Adriana Lopez | Confidential Recipe | Diossa | DJ Gigola | Ellen Allien | Enrico Sangiuliano | Frederic. | Indira Paganotto | KI/KI | Len Faki | Planetary Assault Systems | southstar | ValaV,Coliseo Medplus,Bogotá,Colombia,https://images.ra.co/990bb38f475affad9c1b4ebad93d84f996277e71.png,"Bogotá, Colombia",4.711011,-74.0720917,2026-10-01 03:03:35
KI/KI,The Grid presents: KI/KI 5 HOURS Santiago,2026-12-05T00:00:00.000,/events/2468806,KI/KI,Espacio Riesco Expo Centre,Santiago,Chile,https://cdn.sanity.io/images/6epsemdp/production/b7d83a32bba8e46b37bc22edd92ed71cef47b091-1920x1280.jpg?w=640&fit=clip&auto=format,"Santiago, Chile",-33.4377756,-70.6504502,2026-06-17 00:52:18
KI/KI,Wildlands Festival - Brisbane,2026-12-31T00:00:00.000,/events/2498640,Anetha | SPFDJ | Benwal | Kyle Starkey | Dean Turnley | Ewan McVicar | Frost Children | Funk Tribu | Hamdi | Hannah Laing | John Summit | KI/KI | Layton Giordani | Lens (2) | MPH (1) | Nia Archives | Oppidan | Overmono | Saint Ludo | Skepta | Yikes,Brisbane Showgrounds,Brisbane,Australia,https://images.ra.co/dd28e1fac02e3f60a136163ba8e21b09a57cced7.png,"Brisbane, Australia",-27.4689682,153.0234991,2026-07-31 00:42:03
KI/KI,Lost Paradise 2026,2026-12-28T00:00:00.000,/events/2491206,John Summit | Skepta | KI/KI | Overmono | Armand Van Helden | Nia Archives | Ewan McVicar | Sam Alfred | Rossi | Partiboi69 | Benwal | Caleb Jackson | Chaos In The CBD | dameeeela | DART | Dean Turnley | DJ Seinfeld | Drifting Clouds | Flava D | Hamdi | Harry Hayes | Helena Lauwaert | Hot Dub Time Machine | Jamback | James Pepper | Baron Von Trax | Jayda G | Job Jobse | Kirollus | Kyle Starkey | Loods | Luuk van Dijk | Mella Dee | Memphis LK | Ned Bennett | Luke Alessi | Jordan Brando | William Kiss | Osmosis Jones | Pretty Girl | Riordan | Saint Ludo | salute | Soul Mass Transit System | Stacie Fields | Supergloss | Tommy Holohan | Willo | Bella Backe | Callyy | Casual P | Couch Mechanic | DJ MACARONI | Elijah Something | GMOZ | Jacqui Cunningham | Lily FM | Mash (2) | Harley Ferris | Mimi J | PARTIGIRL | Sasha Milani | Sim Select | zacattacq,Glenworth Valley,Sydney,Australia,https://images.ra.co/7ea5261c8d409c341b715c39ed784a89a92a17db.jpg,"Sydney, Australia",-33.8698439,151.2082848,2026-07-29 00:29:15
KI/KI,Beyond The Valley,2026-12-28T00:00:00.000,/events/2499611,"Afrodisiac | After X | AKEYLAH | Anetha | Arielle Free | Armand Van Helden | bellxsxs | Benwal | BIIANCO | Boys Noize | Bryson Hill | Carla Martinez | Club Angel | DART | Dean Turnley | DJ PGZ | Eva Charley | Ewan McVicar | Faster Horses | Frost Children | Funk Tribu | Hamdi | Hannah Laing | Helena Lauwaert | Jackie Hollander | Jamback | Jayda G | Job Jobse | John Summit | Jordan Brando | Luuk van Dijk | JUPiTA | bbsanii | Kiara Friend | KI/KI | Kyle Starkey | Layton Giordani | Lex (GR) | Love, Jess | Mella Dee | Mia Koden | MPH (1) | Nia Archives | Nice Girl | nimino | Oppidan | oskar med k | Overmono | Renaessance | Riordan | Saint Ludo | salute | Skepta | Soul Mass Transit System | southstar | SPFDJ | THC | Tiff Cornish | Tommy Holohan | VANNA | WAXX OFF | WOLTERS | WVCHWY | X & Ivy",Barunah Plains,Victoria,Australia,https://images.ra.co/42ccb12d5c81c31dd033479caf74f8b29147e555.png,"Victoria, Australia",-36.5986096,144.6780052,2026-07-29 00:29:15
KI/KI,Wildlands Festival - Perth,2027-01-02T00:00:00.000,/events/2498641,Anetha | SPFDJ | Benwal | Kyle Starkey | Dean Turnley | Ewan McVicar | Frost Children | Funk Tribu | Hamdi | Hannah Laing | John Summit | KI/KI | KT | Layton Giordani | Lens (2) | MPH (1) | Nia Archives | Oppidan | Overmono | Saint Ludo | Skepta | Yikes,Arena Joondalup,Perth,Australia,https://images.ra.co/a79c4b8061eaa4fecd59299a0c5b764e3c36c879.png,"Perth, Australia",-31.9558933,115.8605855,2026-07-31 00:42:03
KI/KI,THE WORKS [JAN 9] feat. KI/KI,2027-01-09T00:00:00.000,/events/2531687,KI/KI,Carriageworks,Sydney,Australia,https://images.ra.co/9ad68b8452e2e16c0ab2b2c9b1a365a24964d512.png,"Sydney, Australia",-33.8698439,151.2082848,2026-09-11 02:01:35
Kolsch,Francis Mercier,2026-10-11T00:00:00.000,/events/2543616,Francis Mercier | Kolsch | Kimonos | Oktave,Pacha New York,New York City,United States of America,https://images.ra.co/8f794dbcb97b1943b859c36d1bf257570a6ca28f.jpg,"New York City, United States of America",40.7127281,-74.0060152,2026-09-24 02:10:06
Kolsch,Club de Jour invite KÖLSCH,2026-10-17T00:00:00.000,/events/2518456,Kolsch,Warehouse,Nantes,France,https://images.ra.co/98c263c86a9bc9fab1602bf6a6a493322ba8acf4.jpg,"Nantes, France",47.2186371,-1.5541362,2026-08-22 00:24:03
Kolsch,ADE - IPSO by Kölsch W/ Kölsch (4hrs) - Eelke Kleijn Live - Kotiēr,2026-10-23T00:00:00.000,/events/2521958,Kolsch | Eelke Kleijn | Kotiēr,Het Sieraad,Amsterdam,Netherlands,https://images.ra.co/e4b22c34fa854c4efe7ddd770d49fbd6c282eb3d.png,"Amsterdam, Netherlands",52.3730796,4.8924534,2026-08-27 01:29:07
Kolsch,EXIT with KÖLSCH x Brina Knauss x Henrik Schwarz,2026-10-30T00:00:00.000,/events/2504120,Kolsch | Brina Knauss | Henrik Schwarz | Lukas Perkovic,HCC Kuppelsaal,Hannover,Germany,https://images.ra.co/8c3e5a4b68619d963c6484391f4aedbd783211ea.jpg,"Hannover, Germany",52.3744779,9.7385532,2026-08-05 00:42:06
Kolsch,"Hugel, FISHER, Sven Väth - Creamfields Argentina - ALLMusicParties",2026-11-14T00:00:00.000,/events/2528105,Âme | Ana Hagen | Anfisa Letyago | Charlotte de Witte | Djs Pareja | Enrico Sangiuliano | Faithless | FISHER | Hugel | Innellea | Kevin Di Serna | Kolsch | Loïc | Luis Nieva | Lulú Matheou | Mabel | Manu Oubiña | Mar Monzon | Martin Huergo | Miguel Silver | Momo Trosman | Nic Fanciulli | Pabels | SOSA (UK) | Sven Vath | The Blessed Madonna,"TBA - Parque de la Ciudad, CABA",Buenos Aires,Argentina,https://images.ra.co/c8457fc70db1d8d29201d0ca11ef60865699d439.png,"Buenos Aires, Argentina",-34.6083696,-58.4440583,2026-09-04 02:15:44
Kolsch,Creamfields Chile 2026,2026-11-14T00:00:00.000,/events/2532239,Calvin Harris | Boris Brejcha | Charlotte de Witte | FISHER | Hardwell | Hugel | Aaron Hibell | Âme | Anfisa Letyago | Azyr | Bass Modulators | Bassjackers | The Blessed Madonna | Brennan Heart | Bruno Martini | Charlie Sparks | Clara Cuvé | Cristobal Pesce | Don Diablo | Emily Nash | Enrico Sangiuliano | Faithless | Innellea | Jonas Blue | Kolsch | LP Giobbi | Morten | Nic Fanciulli | Sosa | Yanamaste,Club Hípico de Santiago,Santiago,Chile,https://images.ra.co/7224f97837b25c11439090a65e5267bf9abb60d9.png,"Santiago, Chile",-33.4377756,-70.6504502,2026-09-11 02:01:35
Kolsch,KÖLSCH & THE MACHINE,2026-11-19T00:00:00.000,/events/2549645,Kolsch,Paradiso,Amsterdam,Netherlands,https://images.ra.co/99d041587799404fb017a06dc4f139c8522f3b41.jpg,"Amsterdam, Netherlands",52.3730796,4.8924534,2026-10-01 03:03:35
Kolsch,Electric Friday / Kölsch,2026-11-20T00:00:00.000,/events/2504650,Kolsch,Robert Johnson,Hesse,Germany,https://images.ra.co/59963188d5fd2ba088bd0cc682faee6313b686b2.jpg,"Hesse, Germany",50.6080651,9.0284647,2026-09-24 02:10:06
Kolsch,"smalltown NYD with Âme, Kölsch + Mano Le Tough",2027-01-01T00:00:00.000,/events/2521390,Âme | Gumm | Kolsch | Mano Le Tough | Samantha Loveridge | Dj Bouncy | Jack Colletta,"7 Palmer Parade, Cremorne 3121",Melbourne,Australia,https://images.ra.co/6b8c5b8abe59bd48e9c4f35c7cb8c22b328741c0.jpg,"Melbourne, Australia",-37.8142454,144.9631732,2026-08-27 01:29:07
Kyle Starkey,Teletech Closing Party,2026-10-08T00:00:00.000,/events/2397459,Bella Claxton | Benwal | blk. | Winson | Clara Cuvé | Kyle Starkey | Paige Tomlinson | Morgan Seatree | Faster Horses | sim0ne | SPFDJ | EMILIJA | Vieze Asbak,Amnesia Ibiza,Ibiza,Spain,https://images.ra.co/f36fa0974df13233f503cc7a95e3eea57f1f5b41.jpg,"Ibiza, Spain",38.974390099999994,1.4197463178515335,2026-08-27 01:29:07
Kyle Starkey,ZONNEWENDE x GARAGE,2026-10-09T00:00:00.000,/events/2520673,Diffrent | Girls Don't Sync | Kyle Starkey | Lisa Korver | Geheimzinnig Soundsystem | kneiz,Garage Klub,Antwerp,Belgium,https://images.ra.co/18c12a21a5361ede79548bf52c0f6ae53d8a242e.jpg,"Antwerp, Belgium",51.2211097,4.3997081,2026-08-27 01:29:07
Kyle Starkey,"Airspace Mint XL: Notion, Kyle Starkey + MORE",2026-10-10T00:00:00.000,/events/2512285,Notion | Kyle Starkey | Camille Doe | SHUFFA | B-HIND | Emily Jacko,Mint XL,Leeds,United Kingdom,https://images.ra.co/d076edd507d19c4a21c2d84e3660cb02616ea1d6.jpg,"Leeds, United Kingdom",53.7974185,-1.5437941,2026-10-01 03:03:35
Kyle Starkey,"Nightvision presents: Kyle Starkey, STÜM & Vivace // Aberdeen",2026-10-16T00:00:00.000,/events/2518513,Kyle Starkey | STÜM | Vivace (UK),Unit 51,Aberdeen,United Kingdom,https://images.ra.co/ed1306dbea92d7234e56261703f66a0260b10c5b.png,"Aberdeen, United Kingdom",57.1482429,-2.0928095,2026-08-22 00:24:03
Kyle Starkey,"Nightvision presents: Kyle Starkey, STÜM & Vivace // Edinburgh",2026-10-17T00:00:00.000,/events/2518508,Kyle Starkey | STÜM | Vivace (UK),The Liquid Room,Edinburgh,United Kingdom,https://images.ra.co/062defd2d6cb0a2308c5b6ea4b3a0f504eaf37f6.png,"Edinburgh, United Kingdom",55.9533456,-3.1883749,2026-08-22 00:24:03
Kyle Starkey,"Nightvision presents: Kyle Starkey & Entasia // Sub Club, Glasgow",2026-10-18T00:00:00.000,/events/2552844,Kyle Starkey | Entasia,Sub Club,Glasgow,United Kingdom,https://images.ra.co/34a2240d752266715d1bb3af04aaf86d9851e535.jpg,"Glasgow, United Kingdom",55.861155,-4.2501687,2026-10-07 03:13:37
Kyle Starkey,Into the Woods ADE 2026,2026-10-23T00:00:00.000,/events/2297501,AAT (NL) | ANNĒ | Antal | Danilo Plessow | Bevan | BIIA | Bloom | Boss Priester | Budakid | Clara Cuvé | Cynthia Spiering | davyboi | Deer Jade | DIØN | DJ BORING | ELIF | Emmz | Faisal | Freddi | future.666 | Gaskin | Héctor Oaks | Itz3bby | Jackyboom | Jazz Dalia | Jyoty | Kamma | Kyle Starkey | LAMSI | LB aka LABAT | Lisa Korver | Locklead | Lori (1) | L.P. Rhythm | Marsolo | Natalie Robinson | Obskur | Olive F | ØTTA | PARAMIDA | Passion DEEZ | ROD | stranger (NL) | Sam Alfred | Sidney Charles | Sinca | Skin On Skin | swim | Weval | Young Marco,Ndsm Wharf,Amsterdam,Netherlands,https://images.ra.co/1217e0599ec937748a2c5fbaccf697f60ad48422.jpg,"Amsterdam, Netherlands",52.3730796,4.8924534,2026-06-17 00:52:18
Kyle Starkey,Overbruggen Kyle Starkey Invites - ADE,2026-10-24T00:00:00.000,/events/2480602,Club Angel | Entasia | Ned Bennett | Inafekt | Sensu | Kyle Starkey | NewTone | Olive Anguz | STÜM | WOLTERS,Pllek,Amsterdam,Netherlands,https://images.ra.co/5bea9ccec5b43f911fa658bdca2967ae085b0e6f.png,"Amsterdam, Netherlands",52.3730796,4.8924534,2026-07-04 00:45:41
Kyle Starkey,Audio Obscura ADE x LAMMER Invites,2026-10-24T00:00:00.000,/events/2511714,LAMMER | Paige Tomlinson | Kyle Starkey | Miguel De Bois | Willo,RAWFACTORY,Amsterdam,Netherlands,https://images.ra.co/81ec6465c544312f08462ece100bb15eb3dd09b9.jpg,"Amsterdam, Netherlands",52.3730796,4.8924534,2026-08-13 00:30:26
Kyle Starkey,Halloweek: Faster Horses + Kyle Starkey,2026-10-31T00:00:00.000,/events/2537928,Faster Horses | Kyle Starkey | Winter Wrong | Deep Cleansing,Floyd,Miami,United States of America,https://images.ra.co/f64f4ae34172992fdb871b21acb909a30f8bb85b.jpg,"Miami, United States of America",25.7741728,-80.19362,2026-09-19 02:28:10
Kyle Starkey,"Elsewhere presents: Benwal, Kyle Starkey, Paige Tomlinson, STÜM at 99 Scott",2026-11-07T00:00:00.000,/events/2542474,Benwal | Kyle Starkey | Paige Tomlinson | STÜM,99 Scott Ave,New York City,United States of America,https://images.ra.co/c13b90299c066dd60df54d5e8b077ea0e81bc3c2.jpg,"New York City, United States of America",40.7127281,-74.0060152,2026-10-04 03:24:38
Kyle Starkey,Kyle Starkey & Paige Tomlinson,2026-11-13T00:00:00.000,/events/2550157,Kyle Starkey | Paige Tomlinson,Club Vinyl,Denver,United States of America,https://images.ra.co/efa09dedbe1d4b7075708f84c4c984adaec47405.jpg,"Denver, United States of America",39.7392364,-104.984862,2026-10-01 03:03:35
Kyle Starkey,"Benwal, Diffrent, Kyle Starkey, Paige Tomlinson, STÜM, + b2b2b2b2b2b at Cermak Hall",2026-11-14T00:00:00.000,/events/2538201,Benwal | Diffrent | Kyle Starkey | Paige Tomlinson | STÜM,Radius,Chicago,United States of America,https://images.ra.co/ed055937d1c4e99d37071fec2fa0752b03cf6d78.jpg,"Chicago, United States of America",41.8755616,-87.6244212,2026-09-19 02:28:10
Kyle Starkey,Seismic Dance Event 9.0,2026-11-13T00:00:00.000,/events/2313311,1tbsp | Above & Beyond | Adam Sellouk | Benwal | bolo | Brunello | Brutalismus 3000 | Chris Liebing | Chris Lorenzo | Cole Knight | Conrad Taylor | Diffrent | Frederic. | HNTR | horsegiirL | Joss Dean | Kamino | KI/KI | Kyle Starkey | Layton Giordani | Luke Alessi | Maddix | Marco Strous | Marie Vaunt | Max Styler | MPH (1) | Notion | ØTTA | OZA | Paige Tomlinson | Porter Robinson | Sara Landry | SG Lewis | Smokey Bubblin' B | SPFDJ | STÜM | TOCCORORO | Volkoder | VTSS,The Concourse Project,Austin,United States of America,https://images.ra.co/663b8659af4646329c83dd7670cb58f2d1e50cb2.png,"Austin, United States of America",30.2711286,-97.7436995,2026-05-24 00:44:45
Kyle Starkey,"WHP presents: XXL, Manchester",2026-11-28T00:00:00.000,/events/2521666,2FEL | 4000 Hz | Alex Farell | MXGN | Anetha | Azyr | Bella Claxton | Kyle Starkey | Darren Styles | DJ Bax | DJ SWISHERMAN | ENFAN | Faster Horses | HANAA | IceLipzz | KimberlaID | KIRSTY | KUKO | Laze | KIRARA | Lolalita | MCR-T | Nanna Makina | MC Tazo | Nyra | Paul Seul | Krampf | Pegassi | Restricted | Samuel Moriero (2) | Stinny Stone | Trym | Vieze Asbak | Onlynumbers | Vladimir Dubyshkin | Winson | Yanamaste | Yasmin Regisford,Depot Mayfield,Manchester,United Kingdom,https://images.ra.co/97d76cf6248b90d81d1496e3475d57364ea2fcb9.png,"Manchester, United Kingdom",53.4794892,-2.2451148,2026-09-03 02:14:48
Kyle Starkey,Kyle Starkey (All Night Long),2026-12-05T00:00:00.000,/events/2547539,Kyle Starkey,M.O.T,London,United Kingdom,https://images.ra.co/299d6b5dae444b3054253d51802b6cdce0acd38b.jpg,"London, United Kingdom",51.5074456,-0.1277653,2026-09-29 03:15:00
Kyle Starkey,HOTLINE presents Kyle Starkey (All Night Long),2026-12-11T00:00:00.000,/events/2463931,Kyle Starkey,Complex Maastricht,All,Netherlands,https://images.ra.co/12cab56a00834263640dcd73cc9dddb8621354aa.jpg,"Complex Maastricht, Netherlands",50.8522573,5.6976653,2026-06-15 00:56:01
Kyle Starkey,Wildlands Festival - Brisbane,2026-12-31T00:00:00.000,/events/2498640,Anetha | SPFDJ | Benwal | Kyle Starkey | Dean Turnley | Ewan McVicar | Frost Children | Funk Tribu | Hamdi | Hannah Laing | John Summit | KI/KI | Layton Giordani | Lens (2) | MPH (1) | Nia Archives | Oppidan | Overmono | Saint Ludo | Skepta | Yikes,Brisbane Showgrounds,Brisbane,Australia,https://images.ra.co/dd28e1fac02e3f60a136163ba8e21b09a57cced7.png,"Brisbane, Australia",-27.4689682,153.0234991,2026-07-31 00:42:03
Kyle Starkey,Lost Paradise 2026,2026-12-28T00:00:00.000,/events/2491206,John Summit | Skepta | KI/KI | Overmono | Armand Van Helden | Nia Archives | Ewan McVicar | Sam Alfred | Rossi | Partiboi69 | Benwal | Caleb Jackson | Chaos In The CBD | dameeeela | DART | Dean Turnley | DJ Seinfeld | Drifting Clouds | Flava D | Hamdi | Harry Hayes | Helena Lauwaert | Hot Dub Time Machine | Jamback | James Pepper | Baron Von Trax | Jayda G | Job Jobse | Kirollus | Kyle Starkey | Loods | Luuk van Dijk | Mella Dee | Memphis LK | Ned Bennett | Luke Alessi | Jordan Brando | William Kiss | Osmosis Jones | Pretty Girl | Riordan | Saint Ludo | salute | Soul Mass Transit System | Stacie Fields | Supergloss | Tommy Holohan | Willo | Bella Backe | Callyy | Casual P | Couch Mechanic | DJ MACARONI | Elijah Something | GMOZ | Jacqui Cunningham | Lily FM | Mash (2) | Harley Ferris | Mimi J | PARTIGIRL | Sasha Milani | Sim Select | zacattacq,Glenworth Valley,Sydney,Australia,https://images.ra.co/7ea5261c8d409c341b715c39ed784a89a92a17db.jpg,"Sydney, Australia",-33.8698439,151.2082848,2026-07-29 00:29:15
Kyle Starkey,Beyond The Valley,2026-12-28T00:00:00.000,/events/2499611,"Afrodisiac | After X | AKEYLAH | Anetha | Arielle Free | Armand Van Helden | bellxsxs | Benwal | BIIANCO | Boys Noize | Bryson Hill | Carla Martinez | Club Angel | DART | Dean Turnley | DJ PGZ | Eva Charley | Ewan McVicar | Faster Horses | Frost Children | Funk Tribu | Hamdi | Hannah Laing | Helena Lauwaert | Jackie Hollander | Jamback | Jayda G | Job Jobse | John Summit | Jordan Brando | Luuk van Dijk | JUPiTA | bbsanii | Kiara Friend | KI/KI | Kyle Starkey | Layton Giordani | Lex (GR) | Love, Jess | Mella Dee | Mia Koden | MPH (1) | Nia Archives | Nice Girl | nimino | Oppidan | oskar med k | Overmono | Renaessance | Riordan | Saint Ludo | salute | Skepta | Soul Mass Transit System | southstar | SPFDJ | THC | Tiff Cornish | Tommy Holohan | VANNA | WAXX OFF | WOLTERS | WVCHWY | X & Ivy",Barunah Plains,Victoria,Australia,https://images.ra.co/42ccb12d5c81c31dd033479caf74f8b29147e555.png,"Victoria, Australia",-36.5986096,144.6780052,2026-07-29 00:29:15
Kyle Starkey,Wildlands Festival - Perth,2027-01-02T00:00:00.000,/events/2498641,Anetha | SPFDJ | Benwal | Kyle Starkey | Dean Turnley | Ewan McVicar | Frost Children | Funk Tribu | Hamdi | Hannah Laing | John Summit | KI/KI | KT | Layton Giordani | Lens (2) | MPH (1) | Nia Archives | Oppidan | Overmono | Saint Ludo | Skepta | Yikes,Arena Joondalup,Perth,Australia,https://images.ra.co/a79c4b8061eaa4fecd59299a0c5b764e3c36c879.png,"Perth, Australia",-31.9558933,115.8605855,2026-07-31 00:42:03
LAMMER,fi x LAMMER & Wetdreams & SoundSound,2026-10-09T00:00:00.000,/events/2532413,Lizzle | LAMMER | Mismatch Cologne | 909 RACING TEAM | Vagabund | Carl Bergé | alleira,fi,Cologne,Germany,https://images.ra.co/c9cecbac9987b7818dad10f65da1028120f9124b.png,"Cologne, Germany",50.938361,6.959974,2026-09-11 02:01:35
LAMMER,HOTLINE presents LAMMER (4 Hour Set) / 22 Interns / Janika,2026-10-16T00:00:00.000,/events/2424479,22 Interns | LAMMER,Complex Maastricht,All,Netherlands,https://images.ra.co/92942c2e5326aaf8de70b60bd9e4a50c4f94cbb5.jpg,"Complex Maastricht, Netherlands",50.8522573,5.6976653,2026-04-25 00:41:52
LAMMER,Club Vaag invites LAMMER (Extended Set),2026-10-17T00:00:00.000,/events/2511472,LAMMER | BISOUX | Jef Nice,Club Vaag,Antwerp,Belgium,https://images.ra.co/cb1cda8f89a5dd0b2601175539b4ae49647ef15d.jpg,"Antwerp, Belgium",51.2211097,4.3997081,2026-08-13 00:30:26
LAMMER,DGTL ADE Thursday,2026-10-22T00:00:00.000,/events/2474403,Benwal | DJ EZ | Dr Dubplate | Locky | Helena Lauwaert | LAMMER | Paige Tomlinson | MPH (1) | Olive Anguz,NDSM Scheepsbouwloods,Amsterdam,Netherlands,https://images.ra.co/d835b937efa2fd40ff8e110dc32e874087f2c2e1.png,"Amsterdam, Netherlands",52.3730796,4.8924534,2026-06-24 00:40:48
LAMMER,Intercell x Glitch | ADE By Night,2026-10-23T00:00:00.000,/events/2473368,Bella Claxton | Budg | DJ AYA | STÜM | LAMMER | MCR-T,H7 Warehouse,Amsterdam,Netherlands,https://images.ra.co/52dbb4a22ee289fe2b42ad567ddbf3b74f0aa708.jpg,"Amsterdam, Netherlands",52.3730796,4.8924534,2026-06-25 00:45:25
LAMMER,Audio Obscura ADE x LAMMER Invites,2026-10-24T00:00:00.000,/events/2511714,LAMMER | Paige Tomlinson | Kyle Starkey | Miguel De Bois | Willo,RAWFACTORY,Amsterdam,Netherlands,https://images.ra.co/81ec6465c544312f08462ece100bb15eb3dd09b9.jpg,"Amsterdam, Netherlands",52.3730796,4.8924534,2026-08-13 00:30:26
LAMMER,Paige Tomlinson + LAMMER + STÜM,2026-11-06T00:00:00.000,/events/2540123,ALEJO (US) | LAMMER | Paige Tomlinson | STÜM,The Ground at Club Space,Miami,United States of America,https://images.ra.co/b65b964756c41bc811b41b0f93f57277fd4850b1.jpg,"Miami, United States of America",25.7741728,-80.19362,2026-09-19 02:28:10
LAMMER,Modular Maassilo 2026,2026-11-14T00:00:00.000,/events/2479896,Dj Babatr | Gyatso | Interplanetary Criminal | LAMMER | Lisa Korver | LORI (NL) | M-High | Miguel De Bois | Milion | SAIDAH | Mischluft | OLIVIA LENSEN | Paige Tomlinson | Sunnysoposted,Maassilo,Rotterdam,Netherlands,https://images.ra.co/4407a8416cfd7fa02c0b374b8bb79208713d5a93.jpg,"Rotterdam, Netherlands",51.9244424,4.47775,2026-07-04 00:45:41
LAMMER,Bella Claxton + LAMMER + Tjade,2026-11-20T00:00:00.000,/events/2540560,Bella Claxton | LAMMER | Tjade,Colour Factory,London,United Kingdom,https://images.ra.co/ed92a2d3580f22a94c003bf93d744a29b435ba48.jpg,"London, United Kingdom",51.5074456,-0.1277653,2026-09-19 02:28:10
LAMMER,Soenda Indoor Werkspoorkathedraal 2026,2026-11-21T00:00:00.000,/events/2474210,Benwal | Faster Horses | LAMMER | MALUGI | Olympe4000 | THELMA | SAIDAH | Schwesta P,Werkspoorkathedraal,All,Netherlands,https://images.ra.co/3687bfa05d96f212a0179ee896b06828f0e3f718.png,"Werkspoorkathedraal, Netherlands",52.1051377,5.0796795,2026-06-24 00:40:48
LAMMER,Soenda presents x Club No Wifi,2026-12-19T00:00:00.000,/events/2525943,Kara Okay | LAMMER | Lisa Korver | Neon Wasabi | TLM (NL),Zeefgebouw,All,Netherlands,https://images.ra.co/7ce3929a123dca3c22d88e179e13df39a09eac09.png,"Zeefgebouw, Netherlands",53.2103879,6.5375171189710795,2026-09-03 02:14:48
LAMMER,Intercell Klokgebouw 2027,2027-01-30T00:00:00.000,/events/2554320,bebe bad | Benny Rodrigues | Benwal | Sam Alfred | Camille Doe | Gabriel Muñoz | DJ Gigola | PETERBLUE | Dr Dubplate | LAMMER | Lisa Korver | Megra | THELMA | Milion | Ned Bennett | PHIA | SAIDAH | Silva Bumpa,Klokgebouw,Eindhoven,Netherlands,https://images.ra.co/87a2cfefd3dc518a9d0df69196a5f206f59cd256.jpg,"Eindhoven, Netherlands",51.4392648,5.478633,2026-10-07 03:13:37
LB aka LABAT,LB aka LABAT curated tour with RONI & Laze,2026-10-17T00:00:00.000,/events/2530905,LB aka LABAT | RONI | Laze,La Belle Électrique,South East,France,https://images.ra.co/ed07f7f233242ff5ebca282e9a8e8434725c3915.jpg,"La Belle Électrique, France",45.1871809,5.7041663,2026-09-19 02:28:10
LB aka LABAT,Panteros666 & Friends ADE,2026-10-23T00:00:00.000,/events/2534234,Panteros666 | LB aka LABAT | AMMARA,Chicago Social Club,Amsterdam,Netherlands,https://images.ra.co/52f3ea98fe4e3e04ded5ca99aa4ba1900d1355b4.png,"Amsterdam, Netherlands",52.3730796,4.8924534,2026-09-11 02:01:35
LB aka LABAT,Modus - ADE,2026-10-23T00:00:00.000,/events/2514616,LB aka LABAT | LOVEFOXY | OLIVIA LENSEN | Lucky Done Gone,Parallel,Amsterdam,Netherlands,https://images.ra.co/84d261dbc7ab6a9dec9cba71f376d89e49f86cef.jpg,"Amsterdam, Netherlands",52.3730796,4.8924534,2026-08-18 00:23:39
LB aka LABAT,Into the Woods ADE 2026,2026-10-23T00:00:00.000,/events/2297501,AAT (NL) | ANNĒ | Antal | Danilo Plessow | Bevan | BIIA | Bloom | Boss Priester | Budakid | Clara Cuvé | Cynthia Spiering | davyboi | Deer Jade | DIØN | DJ BORING | ELIF | Emmz | Faisal | Freddi | future.666 | Gaskin | Héctor Oaks | Itz3bby | Jackyboom | Jazz Dalia | Jyoty | Kamma | Kyle Starkey | LAMSI | LB aka LABAT | Lisa Korver | Locklead | Lori (1) | L.P. Rhythm | Marsolo | Natalie Robinson | Obskur | Olive F | ØTTA | PARAMIDA | Passion DEEZ | ROD | stranger (NL) | Sam Alfred | Sidney Charles | Sinca | Skin On Skin | swim | Weval | Young Marco,Ndsm Wharf,Amsterdam,Netherlands,https://images.ra.co/1217e0599ec937748a2c5fbaccf697f60ad48422.jpg,"Amsterdam, Netherlands",52.3730796,4.8924534,2026-08-15 00:22:01
LB aka LABAT,"elrow Horroween Festival with MK, LB aka LABAT, Sarah Story",2026-10-31T00:00:00.000,/events/2475993,AAT (NL) | Arielle Free | ASLO | Danny Howard | Diffrent | Emma B | Fish56Octagon | hitty | lau.ra | LB aka LABAT | Marc Kinchen | Patrick Topping | Sarah Story | Wade | Ayce & Spirit Of House | branqueeno | Bustin' Loose | Magnolia | Caio Cenci | Poppi,DRUMSHEDS,London,United Kingdom,https://images.ra.co/5021f375f37de49be074bc75689b6b3dbc0e36d1.jpg,"London, United Kingdom",51.5074456,-0.1277653,2026-08-21 00:22:24
LB aka LABAT,07/11 - LB aka LABAT curated tour with Bella Claxton & YENKOV,2026-11-07T00:00:00.000,/events/2542125,LB aka LABAT | Bella Claxton | YENKOV,Cabaret  Aléatoire,Marseille,France,https://images.ra.co/f9093e85364229498e92cfada7aa43df39d1eb26.png,"Marseille, France",43.2961743,5.3699525,2026-09-24 02:10:06
LB aka LABAT,"Fuse presents Life Extension w/ Partiboi69, LB aka LABAT & SALOME",2026-11-20T00:00:00.000,/events/2537726,Partiboi69 | LB aka LABAT | SALOME,Fuse,Brussels,Belgium,https://images.ra.co/bf9cf71fc1eb5ecd80c1f117cce99d5752cd38ed.jpg,"Brussels, Belgium",50.8465573,4.351697,2026-10-07 03:13:37
LB aka LABAT,smalltown with LB aka LABAT & Ollie Lishman,2027-01-23T00:00:00.000,/events/2550421,LB aka LABAT | Ollie Lishman | Mikalah Watego | Prizefight,Preston Warehouse,Melbourne,Australia,https://images.ra.co/335d9b69787ec14e3d63a20e11d78afd4e32dd60.jpg,"Melbourne, Australia",-37.8142454,144.9631732,2026-10-01 03:03:35
Lefto Early Bird,"BLUR with Sara Dziri, Maara, Sansibar & Lefto Early Bird, Marco Weibel",2026-10-17T00:00:00.000,/events/2537656,Sara Dziri | Maara | Sansibar | Lefto Early Bird | Marco Weibel,UMI,Brussels,Belgium,https://images.ra.co/e86d4799969fba526ffcd31c1270b559859fcc2f.jpg,"Brussels, Belgium",50.8465573,4.351697,2026-09-19 02:28:10
Lefto Early Bird,"Phono Lake ADE with Moodymann, Flo Real, Lefto Early Bird, Shy One",2026-10-24T00:00:00.000,/events/2497417,Moodymann | Flo Real | Lefto Early Bird | Shy One,Phono Lake,Amsterdam,Netherlands,https://images.ra.co/4e6a1f214d8342c9687b79df96515c266662dc02.png,"Amsterdam, Netherlands",52.3730796,4.8924534,2026-08-19 00:24:10
Lefto Early Bird,Listen Festival 2026,2026-11-21T00:00:00.000,/events/2305608,Adi | acidheaven | Amelia Holt | Casper | cyvira | Angel D'lite | Avalon Emerson | BAVR | DC Noises | Bibi Seck | Border One | Clara D | Dillinja | DJ Rino | Eclectic Elektra | Faisal | Francesco Del Garda | Virginia | Virginia | Virginia | Gabber Eleganza | Haumea | Hysope | Joe Delon | Jorkes | Kirollus | KŌMA (3) | Kode9 | Tim Reaper | Lauravioli | Lea Occhi | Antal | Lefto Early Bird | Lolalita | Lou Nour | Introspekt | Mala | Malo Z | MCR-T | Mikamayonnaise | Miss Bashful | Mike Servito | myu:sa | Nosedrip | Otis (BE) | NMSS | Running Hot | séa (BE) | Special Guest (US) | She The DJ | EG (1) | Sixsixsixties | Fais Le Beau | Stella K | Tiga | Suze Ijó | DTM Funk | tINI | TORI ANN | UNOS | Vers | PALA10 | Vuur | Zora Jones,TBA - Brussels,Brussels,Belgium,https://images.ra.co/fc85e8559efc000cc45c3cef3e06ec081d8f82b7.jpg,"Brussels, Belgium",50.8465573,4.351697,2026-09-11 02:01:35
Mall Grab,Effy & Mall Grab present: Fragrance,2026-10-10T00:00:00.000,/events/2494967,Effy | Mall Grab | ATARANGI | Attu | Claire O'Brien | David Jackson | DAYZZI | homebody | Mabel | Oots | Prizefight | TRUSTEE,Carriageworks,Sydney,Australia,https://images.ra.co/f6b75e32b2e8f415e24986d87ec1871202e6c5c3.jpg,"Sydney, Australia",-33.8698439,151.2082848,2026-07-23 00:41:14
Mall Grab,Mall Grab - Montréal,2026-10-24T00:00:00.000,/events/2529098,Mall Grab,Société des arts technologiques,Montreal,Canada,https://images.ra.co/342ad66247d9a9b63360c11b4ad516f3dbc5eccc.jpg,"Montreal, Canada",45.5031824,-73.5698065,2026-09-11 02:01:35
Mall Grab,Routine: Mall Grab,2026-10-29T00:00:00.000,/events/2491220,Mall Grab | Austin R,Substation,Seattle,United States of America,https://images.ra.co/9aef2dda193c638e0770368e7466e697605663fd.png,"Seattle, United States of America",47.6038321,-122.330062,2026-07-17 00:41:31
Mall Grab,Hocus Pocus 2026 ,2026-10-30T00:00:00.000,/events/2487710,ALISHA | Âme | ANNĒ | Apollonia | Arina Krondeva | ATRIP | Azzecca | Baauer | Berrakka | Bushbaby | Caleb Jackson | Cami di Marzo | camoufly | Cassian | Chase & Status | ChaseWest | Chloé Caillet | Cole Knight | Conducta | Danny Daze | Darco | DAX J | DJ BORING | DJ Seinfeld | Effy | Elad | Eli Escobar | Eric Prydz | Franky Rizardo | Chlär | Alarico | Generous B | Gorgon City | Hudson Mohawke | Inbal | Indira Paganotto | Jamie Jones | Jayda G | Jean Pierre | Jordan Brando | Joseph Capriati | Julya Karma | Kerri Chandler | Kevin Saunderson | Kiddo | Layton Giordani | Mall Grab | MALUGI | Marcel Dettmann | Marco Strous | Marte | Mary Droppinz | Matthew Dear | Meduza | Monoky (2) | Nicole Gallamini | Nora En Pure | Prospa | Purple Disco Machine | Quest | RAJE | Rooléh | RSquared | Salomé Le Chat | salute | Seth Troxler | Shir Miya | SIEGEL (2) | Sinopoli | Skream | SLAMM | slugg | Sol Ortega | Somewhen | Souls Departed | Special Request | The Chronics | Todd Edwards | Vitess | Will Renuart | William Kiss | X CLUB. | X-Coast | Yamagucci | Yanamaste,Factory Town,Miami,United States of America,https://images.ra.co/2da74af63ba8ed4198a16bf3f7c9c048b252b0bf.png,"Miami, United States of America",25.7741728,-80.19362,2026-08-07 01:25:24
Mall Grab,Intercell Singapore 2026,2026-11-21T00:00:00.000,/events/2528236,Effy | Mall Grab | Skin On Skin | Osmosis Jones,Pasir Panjang Power Station,All,Singapore,https://images.ra.co/323221180a9fca9966925061989bc4c29d51f7e5.png,"Pasir Panjang Power Station, Singapore",1.2922296,103.7705332,2026-09-04 02:15:44
Mall Grab,Intercell Hong Kong 2026,2026-11-22T00:00:00.000,/events/2528243,Effy | Mall Grab | Skin On Skin | Osmosis Jones,Aquabeat 01,Hong Kong,China,https://images.ra.co/4364dc2b257aea415f93111ced12d03e916b6b49.png,"Hong Kong, China",22.350627,114.1849161,2026-09-04 02:15:44
Mall Grab,Complex presents Mall Grab (3 Hour Set),2026-12-18T00:00:00.000,/events/2553183,Mall Grab | Lola Edo,Complex Maastricht,All,Netherlands,https://images.ra.co/92dbb5829cb4b54d95fc0ddf4715ad27abceba95.jpg,"Complex Maastricht, Netherlands",50.8522573,5.6976653,2026-10-07 03:13:37
Mall Grab,WHP26 /// 20 Years of The Warehouse Project - Part 2,2026-12-19T00:00:00.000,/events/2554590,Carl Cox | CHRIS STASSY | Seth Troxler | Chloé Caillet | 2ManyDJs | Delilah | Jordan Villa | Mall Grab | Ewan McVicar | Effy (DE) | Krystal Klear | Dan Shake | Ella Knight | Gina Breeze | Dr Banana | Call Super | Ryan Elliott | Katia Curie | Papa Nugs | Eich | Spinelli | Vault | Dusky | George FitzGerald | Krysko | Greg Lord | Jasper James | Aletha,Depot Mayfield,Manchester,United Kingdom,https://images.ra.co/24c9b6e0f8b2dd455add403201d10834110b0d74.jpg,"Manchester, United Kingdom",53.4794892,-2.2451148,2026-10-07 03:13:37
Mall Grab,20 DEC - Thuishaven with Mall Grab / Milion / Lucky Done Gone,2026-12-20T00:00:00.000,/events/2548696,Mall Grab | Milion | Lucky Done Gone | Tsepo | La La | OLIVIA LENSEN | Rozie | ESTRELLA,Thuishaven,Amsterdam,Netherlands,https://images.ra.co/ad01e645ef87d7fe83d3586dc2f2c168f785c9ca.jpg,"Amsterdam, Netherlands",52.3730796,4.8924534,2026-10-01 03:03:35
Mall Grab,Lakes Festival 2026,2026-12-28T00:00:00.000,/events/2485251,Netsky | Armand Van Helden | Mall Grab | X CLUB. | Break | Dean Turnley | Lens (2) | Oppidan,TBA - Hagley Park,Christchurch,New Zealand,https://images.ra.co/057c780435b9fb8f49ffbcd049c85f46308263e4.jpg,"Christchurch, New Zealand",-43.530955,172.6364343,2026-07-31 00:42:03
MALUGI,Interplanetary Criminal presents,2026-10-10T00:00:00.000,/events/2425980,Anz | Bakey | bullet tooth | Camille Doe | Club Angel | DJ Cosworth | DJ Seinfeld | Dr Dubplate | Faster Horses | HAAi | Helena Lauwaert | Interplanetary Criminal | Joy Orbison | Jyoty | La La | Larishka | Lauren Lo Sung | Lewis Taylor | Main Phase | MALUGI | Notion | Oldboy | Osmosis Jones | Prozak (IRL) | Silva Bumpa | Skin On Skin,Depot Mayfield,Manchester,United Kingdom,https://images.ra.co/692ad66fdcdf315000394f628f7698c2219cde34.png,"Manchester, United Kingdom",53.4794892,-2.2451148,2026-04-30 00:41:18
MALUGI,MALUGI - ADE,2026-10-21T00:00:00.000,/events/2432349,MALUGI,Paradiso,Amsterdam,Netherlands,https://images.ra.co/9b4bdb2bf6e9492328e987cddd1d72cf84d433fe.jpg,"Amsterdam, Netherlands",52.3730796,4.8924534,2026-05-09 00:44:30
MALUGI,"ENRG 10th Birthday - IPC, MALUGI, Notion, Girls Don't Sync + more",2026-10-24T00:00:00.000,/events/2497315,Interplanetary Criminal | MALUGI | Notion | Girls Don't Sync | ESC (5) | DAISY,Blackstone Street Warehouse,Liverpool,United Kingdom,https://images.ra.co/21effcd68fdd2176dadced9869c791c67ce5a480.jpg,"Liverpool, United Kingdom",53.4071991,-2.99168,2026-07-26 00:41:26
MALUGI,Escape Halloween,2026-10-30T00:00:00.000,/events/2523917,999999999 | A Little Sound | AC Slater | Adam Ten | Adventure Club | Alex Chapman | Zoe Gitter | Alok | Andruss | Anime | Avalon Emerson | Azyr | Benny Benassi | Bou (UK) | Cat (US) | Cera Khin | Champion | CHRYSALIS | Clara Cuvé | Cloonee | Coone | Cyclops | Dabin | Darren Styles | Dimitri Vegas & Like Mike | DJ Heartstring | DJ Tennis | Excision | Frontliner | Funk Assault | Galantis | Gammer | HerShe | Ian Asher | Indira Paganotto | Jamie Jones | Franky Rizardo | Joseph Capriati | SOSA (UK) | JSMN | Kill The Kid | Kana Hishiya | KLOUD | KREAM | LNY TNZ | Liquid Stranger | LUMI | Maddix | MALUGI | Mish | Morelia | Morten | Nervo | Nina Kraviz | Pixie Dust | Richie Hawtin | Sedef Adasï | Showtek | Silvie Loto | Steve Aoki | Trancemaster Krause | Trym | Yanamaste | Zedd,NOS Event Center,Los Angeles,United States of America,https://images.ra.co/5d0fc8bda2810a8f0e0cbace1cd2de54e960e00d.png,"Los Angeles, United States of America",34.0536909,-118.242766,2026-08-29 00:10:44
MALUGI,Hocus Pocus 2026 ,2026-10-30T00:00:00.000,/events/2487710,ALISHA | Âme | ANNĒ | Apollonia | Arina Krondeva | ATRIP | Azzecca | Baauer | Berrakka | Bushbaby | Caleb Jackson | Cami di Marzo | camoufly | Cassian | Chase & Status | ChaseWest | Chloé Caillet | Cole Knight | Conducta | Danny Daze | Darco | DAX J | DJ BORING | DJ Seinfeld | Effy | Elad | Eli Escobar | Eric Prydz | Franky Rizardo | Chlär | Alarico | Generous B | Gorgon City | Hudson Mohawke | Inbal | Indira Paganotto | Jamie Jones | Jayda G | Jean Pierre | Jordan Brando | Joseph Capriati | Julya Karma | Kerri Chandler | Kevin Saunderson | Kiddo | Layton Giordani | Mall Grab | MALUGI | Marcel Dettmann | Marco Strous | Marte | Mary Droppinz | Matthew Dear | Meduza | Monoky (2) | Nicole Gallamini | Nora En Pure | Prospa | Purple Disco Machine | Quest | RAJE | Rooléh | RSquared | Salomé Le Chat | salute | Seth Troxler | Shir Miya | SIEGEL (2) | Sinopoli | Skream | SLAMM | slugg | Sol Ortega | Somewhen | Souls Departed | Special Request | The Chronics | Todd Edwards | Vitess | Will Renuart | William Kiss | X CLUB. | X-Coast | Yamagucci | Yanamaste,Factory Town,Miami,United States of America,https://images.ra.co/2da74af63ba8ed4198a16bf3f7c9c048b252b0bf.png,"Miami, United States of America",25.7741728,-80.19362,2026-08-07 01:25:24
MALUGI,EDC Orlando,2026-11-06T00:00:00.000,/events/2523916,Alesso | Bou (UK) | Adventure Club | Prospa | Josh Baker | Brunello | Azzecca | Matthias (1) | bullet tooth | MALUGI | RAJE | ALVES (PT) | Max Dean | Dennis Cruz | Franky Rizardo | Miguelle | KinAhau | Mai iachetti | Monoky (2) | I Hate Models | Ian Asher | Esse | Deorro | Of The Trees | San Holo | KlangKuenstler | KI/KI | Boys Noize | Marlon Hoffstadt | Ultrathem,Tinker Field,Orlando,United States of America,https://images.ra.co/3c8ed75a450470b50e65ccdd8d3dcddde040a526.png,"Orlando, United States of America",28.5421218,-81.379045,2026-08-29 00:10:44
MALUGI,MALUGI,2026-11-07T00:00:00.000,/events/2539350,MALUGI,Coda,Toronto,Canada,https://images.ra.co/8c4110d8d0d397aeae3f5a45e03adb42347dc5a7.png,"Toronto, Canada",43.6534817,-79.3839347,2026-09-19 02:28:10
MALUGI,Soenda Indoor Werkspoorkathedraal 2026,2026-11-21T00:00:00.000,/events/2474210,Benwal | Faster Horses | LAMMER | MALUGI | Olympe4000 | THELMA | SAIDAH | Schwesta P,Werkspoorkathedraal,All,Netherlands,https://images.ra.co/3687bfa05d96f212a0179ee896b06828f0e3f718.png,"Werkspoorkathedraal, Netherlands",52.1051377,5.0796795,2026-06-24 00:40:48
MALUGI,FAIRGROUND Festival 2026,2026-11-28T00:00:00.000,/events/2489336,Boris Brejcha | Alfred Heinrichs | KLOFAMA | Fantasm | TNT (2) | Mish (Aus) | Somewhen | Ueberrest | Anna Reusch | Dr. Motte | Trancemaster Krause | Kyanu | Kevin de Vries | A.N.I. | Da Tweekaz | Clara Cuvé | Deborah De Luca | Indira Paganotto | Armin van Buuren | NIKOLINA_ | MALUGI,Messegelände Hannover,Hannover,Germany,https://images.ra.co/d154ecb071bf92b77d672b854707abbecf0e12f0.png,"Hannover, Germany",52.3744779,9.7385532,2026-09-08 02:13:37
MALUGI,S festival 2026,2026-12-09T00:00:00.000,/events/2538769,Cassius | David August | Dj Babatr | Teki Latex | Chuimix | laurele2n | Ellen Allien | Quelza | Farah (2) | Mouataz | FTK (TW) | Warum | Krimska | Laurent Garnier | Loulou Ferrari | Main Phase | Special Request | MALUGI | P errine | marta | Oonagh Haines | Patxi | Ryota | Saku Sahara | Shfoosja | Salma Rosa | Tatyana Jane | RAVL | UFO95 | Underground Resistance,TBA - Lyon - Confluence,Lyon,France,https://images.ra.co/cf1ecd550ed275391a5324f87e77b89e16bfcffe.jpg,"Lyon, France",45.7578137,4.8320114,2026-10-01 03:03:35
Marc Rebillet,"Marc Rebillet, Franc Moody & Chromeo Block Party",2026-10-24T00:00:00.000,/events/2551488,Marc Rebillet | Chromeo | Lyja,The Midway,San Francisco/Oakland,United States of America,https://images.ra.co/04e7604ae29dfc208348147a2a3e23c37ffe6129.jpg,"San Francisco/Oakland, United States of America",37.79713724477815,-122.37900765709006,2026-10-04 03:24:38
Marlon Hoffstadt,THE LOFT presents: Marlon Hoffstadt B2B Special Guest,2026-10-22T00:00:00.000,/events/2544217,Marlon Hoffstadt,The Loft Amsterdam,Amsterdam,Netherlands,https://images.ra.co/c0801e0b8a8370e6077ca0a2a1a6ea2a7ea068d2.jpg,"Amsterdam, Netherlands",52.3730796,4.8924534,2026-09-24 02:10:06
Marlon Hoffstadt,EDC Orlando,2026-11-06T00:00:00.000,/events/2523916,Alesso | Bou (UK) | Adventure Club | Prospa | Josh Baker | Brunello | Azzecca | Matthias (1) | bullet tooth | MALUGI | RAJE | ALVES (PT) | Max Dean | Dennis Cruz | Franky Rizardo | Miguelle | KinAhau | Mai iachetti | Monoky (2) | I Hate Models | Ian Asher | Esse | Deorro | Of The Trees | San Holo | KlangKuenstler | KI/KI | Boys Noize | Marlon Hoffstadt | Ultrathem,Tinker Field,Orlando,United States of America,https://images.ra.co/3c8ed75a450470b50e65ccdd8d3dcddde040a526.png,"Orlando, United States of America",28.5421218,-81.379045,2026-08-29 00:10:44
Marlon Hoffstadt,Marlon Hoffstadt - TRANCE / RAVE -,2026-12-04T00:00:00.000,/events/2549312,Marlon Hoffstadt,ZEROTOKYO,Tokyo,Japan,https://images.ra.co/93e451f45c45daf12054c62c485c229c2d77e68e.jpg,"Tokyo, Japan",35.6768601,139.7638947,2026-10-04 03:24:38
MCR-T,Block: MCR-T,2026-10-16T00:00:00.000,/events/2528694,MCR-T,block.,Dublin,Ireland,https://images.ra.co/cfb115ddfdc43a97dd1ec6f523ec9b2e8b5b199f.jpg,"Dublin, Ireland",53.3493795,-6.2605593,2026-09-04 02:15:44
MCR-T,Crime x Burn Energy Tour with MCR-T,2026-10-17T00:00:00.000,/events/2505102,MCR-T | CRIME | Technokool | Akác | schraeder | THIRD 2HIFT | Maron | Gingershot | szoliver,Turbina,Budapest,Hungary,https://images.ra.co/f7d74c88c09695efff613e4eb3e79ddddad08b97.jpg,"Budapest, Hungary",47.48138955,19.14609412691246,2026-08-05 00:42:06
MCR-T,Intercell x Glitch | ADE By Night,2026-10-23T00:00:00.000,/events/2473368,Bella Claxton | Budg | DJ AYA | STÜM | LAMMER | MCR-T,H7 Warehouse,Amsterdam,Netherlands,https://images.ra.co/52dbb4a22ee289fe2b42ad567ddbf3b74f0aa708.jpg,"Amsterdam, Netherlands",52.3730796,4.8924534,2026-06-25 00:45:25
MCR-T,AOS X STRAAT W/ MCR-T,2026-10-24T00:00:00.000,/events/2514144,MCR-T | Talia Dorr | EliaHaze | charli/e,Amp,Münster,Germany,https://images.ra.co/641a59a1ec1b87448cef76a2ea22f2d6004c01db.jpg,"Münster, Germany",51.9625101,7.6251879,2026-09-03 02:14:48
MCR-T,Juicy Gang Meets Explorers,2026-10-30T00:00:00.000,/events/2537744,Alas (2) | Back2Bass | Bitter Babe | DJ MELL G | DJ Spit | JADA MORAES | MCR-T | Newinfluenzer | Pasat,Tokonoma Club,Frankfurt,Germany,https://images.ra.co/e6e2515e0c6b156d75440d3ff006aca99425a9f4.png,"Frankfurt, Germany",50.1106444,8.6820917,2026-09-19 02:28:10
MCR-T,"MCR-T, B From E, Anna Logic",2026-11-20T00:00:00.000,/events/2516544,MCR-T | B From E | Anna Logic,Hangaren,Copenhagen,Denmark,https://images.ra.co/54f63b7d458c6e1c643837abece66a8e26dda51b.png,"Copenhagen, Denmark",55.6867243,12.5700724,2026-10-07 03:13:37
MCR-T,Listen Festival 2026,2026-11-21T00:00:00.000,/events/2305608,Adi | acidheaven | Amelia Holt | Casper | cyvira | Angel D'lite | Avalon Emerson | BAVR | DC Noises | Bibi Seck | Border One | Clara D | Dillinja | DJ Rino | Eclectic Elektra | Faisal | Francesco Del Garda | Virginia | Virginia | Virginia | Gabber Eleganza | Haumea | Hysope | Joe Delon | Jorkes | Kirollus | KŌMA (3) | Kode9 | Tim Reaper | Lauravioli | Lea Occhi | Antal | Lefto Early Bird | Lolalita | Lou Nour | Introspekt | Mala | Malo Z | MCR-T | Mikamayonnaise | Miss Bashful | Mike Servito | myu:sa | Nosedrip | Otis (BE) | NMSS | Running Hot | séa (BE) | Special Guest (US) | She The DJ | EG (1) | Sixsixsixties | Fais Le Beau | Stella K | Tiga | Suze Ijó | DTM Funk | tINI | TORI ANN | UNOS | Vers | PALA10 | Vuur | Zora Jones,TBA - Brussels,Brussels,Belgium,https://images.ra.co/fc85e8559efc000cc45c3cef3e06ec081d8f82b7.jpg,"Brussels, Belgium",50.8465573,4.351697,2026-09-11 02:01:35
MCR-T,MCR-T ∞ ROXY Prague,2026-11-27T00:00:00.000,/events/2469250,MCR-T,Roxy,Prague,Czech Republic,https://images.ra.co/d4d115c79dbe7afb214c06754e5785f48e459f6d.png,"Prague, Czech Republic",50.0596288,14.446459273258009,2026-06-17 00:52:18
MCR-T,"WHP presents: XXL, Manchester",2026-11-28T00:00:00.000,/events/2521666,2FEL | 4000 Hz | Alex Farell | MXGN | Anetha | Azyr | Bella Claxton | Kyle Starkey | Darren Styles | DJ Bax | DJ SWISHERMAN | ENFAN | Faster Horses | HANAA | IceLipzz | KimberlaID | KIRSTY | KUKO | Laze | KIRARA | Lolalita | MCR-T | Nanna Makina | MC Tazo | Nyra | Paul Seul | Krampf | Pegassi | Restricted | Samuel Moriero (2) | Stinny Stone | Trym | Vieze Asbak | Onlynumbers | Vladimir Dubyshkin | Winson | Yanamaste | Yasmin Regisford,Depot Mayfield,Manchester,United Kingdom,https://images.ra.co/97d76cf6248b90d81d1496e3475d57364ea2fcb9.png,"Manchester, United Kingdom",53.4794892,-2.2451148,2026-09-03 02:14:48
MCR-T,Teletech London,2026-12-19T00:00:00.000,/events/2551802,Adrian Mills | Alex Farell | MXGN | Anetha | Benwal | Faster Horses | Clouds | HANAA | KIRSTY | Kobosil | Lolalita | MarcelDune | MCR-T | SPFDJ | NOVAH | Paul Seul | Laze | seretide | SLVL | Trym | Vivace (UK) | Yoshiko,DRUMSHEDS,London,United Kingdom,https://images.ra.co/74de7d65b1b255c9d556765900c78947772cd36c.png,"London, United Kingdom",51.5074456,-0.1277653,2026-10-07 03:13:37
MCR-T,SESH,2027-03-05T00:00:00.000,/events/2537004,MCR-T | PETERBLUE | THELMA | VIVI909,RSO.BERLIN,Berlin,Germany,https://images.ra.co/80152f831f33916677bb459e8cf56cfda04feb3b.jpg,"Berlin, Germany",52.510885,13.3989367,2026-09-19 02:28:10
Mika Heggemann,Mika Heggemann pres. Locked Club EP Release Party (RSVP only),2026-10-07T00:00:00.000,/events/2545274,Mika Heggemann | Cleopard2000 | DJ GUESTLIST | Elotrance | Justin Tinderdate | SATYS FYRE | Trancemaster Krause | Vagabund,Phantom Bar Berlin,Berlin,Germany,https://images.ra.co/b3979ce5c97b06f4bc81767188f7928d7d90757f.jpg,"Berlin, Germany",52.510885,13.3989367,2026-09-25 02:24:57
Mika Heggemann,polyamor,2026-10-09T00:00:00.000,/events/2522039,DJ Babyblade | BNZN | Cleopard2000 | Elotrance | Mika Heggemann | SATYS FYRE,Uebel & Gefährlich,Hamburg,Germany,https://images.ra.co/d68b45045925a0436a7696298d400c9d88201b17.png,"Hamburg, Germany",53.550341,10.000654,2026-08-27 01:29:07
Mika Heggemann,23:59 - WEEKENDER 2026,2026-10-10T00:00:00.000,/events/2461617,2HOT2PLAY | AREA ØNE | Niotech | Carla Schmitt | DBBD | DNNS | Axymt. | Blasha & Allatt | Tauceti (FR) | Chami | OPH | EARGASM GOD | Glaskeen | GRAVEDGR | L.zwo | OMAKS | Mika Heggemann | Part Time Killer | Cara Elizabeth | PRADA2000 | Zorza | Protokseed | Russian Village Boys | Schrotthagen | Sköne | Dory,Plage Privée Parc de Miribel,Lyon,France,https://images.ra.co/0fe2bcae594c568c186644d2605a28fb10a1bd40.png,"Lyon, France",45.7578137,4.8320114,2026-06-06 00:45:38
Mika Heggemann,"Club Fury: Cara Elizabeth, Johannes Schuster, Mika Heggemann",2026-10-16T00:00:00.000,/events/2514043,Cara Elizabeth | Mika Heggemann | Johannes Schuster,Ääniwalli,Helsinki,Finland,https://images.ra.co/d6300c3f84f0854c748dfc9dc9828dd9ef0978e8.jpg,"Helsinki, Finland",60.1674881,24.9427473,2026-08-18 00:23:39
Mika Heggemann,"Mika Heggemann, Cara Elizabeth, David Garset",2026-10-17T00:00:00.000,/events/2514063,Mika Heggemann | Cara Elizabeth | David Garset,Hangaren,Copenhagen,Denmark,https://images.ra.co/cdc64d3b56032fbe93e8e33c027dd1e537456248.png,"Copenhagen, Denmark",55.6867243,12.5700724,2026-09-03 02:14:48
Mika Heggemann,Intercell x Mika Heggemann Invites | ADE By Day,2026-10-23T00:00:00.000,/events/2473364,Alycia Bezgo | Cleopard2000 | Azzurro | Faster Horses | Mika Heggemann | Olive Anguz,H7 Warehouse,Amsterdam,Netherlands,https://images.ra.co/d79212d0dc7a455fcf8e70f0ff884444b17ab7cc.jpg,"Amsterdam, Netherlands",52.3730796,4.8924534,2026-06-25 00:45:25
Mika Heggemann,Unreal — Daytime Warehouse Show,2026-10-30T00:00:00.000,/events/2515748,Afem Syko | Johannes Schuster | BISOUX | Cara Elizabeth | Charlie Sparks | Parfait | Mika Heggemann,"TBA - Fohrstraat, 9000 Gent, België",All,Belgium,https://images.ra.co/1980072b6d60fb4ecd36c6ea63c093fc082faf6d.jpg,"TBA - Fohrstraat, 9000 Gent, België, Belgium",50.6402809,4.6667145,2026-08-19 00:24:10
Mika Heggemann,Club Vaag invites MIKA HEGGEMAN & SUPRISE HEADLINER,2026-10-30T00:00:00.000,/events/2531354,Mika Heggemann | Vince Alphen,Club Vaag,Antwerp,Belgium,https://images.ra.co/5e30982aa967fb87cf7a073a2ad902109c6fc8dd.jpg,"Antwerp, Belgium",51.2211097,4.3997081,2026-09-08 02:13:37
Mika Heggemann,davyboi All Night Home,2026-10-31T00:00:00.000,/events/2480560,davyboi | Paraçek | Mika Heggemann,Werksviertel Mitte,Munich,Germany,https://images.ra.co/5ead226823f4965e88c69cb7d6b7e6b5b021cc4b.png,"Munich, Germany",48.1371079,11.5753822,2026-07-04 00:45:41
Mika Heggemann,INPUT pres Mika Heggemann,2026-11-06T00:00:00.000,/events/2549481,Mika Heggemann,INPUT High Fidelity Dance Club,Barcelona,Spain,https://images.ra.co/3048095a676010d3da9f698347fa7a97f7a9d6c5.jpg,"Barcelona, Spain",41.3828939,2.1774322,2026-10-01 03:03:35
Mika Heggemann,polyamor,2026-11-20T00:00:00.000,/events/2522067,Cleopard2000 | Mika Heggemann | 2HOT2PLAY | SHOKI287,Kesselhaus Augsburg,Augsburg,Germany,https://images.ra.co/9f6a98d381ce621296baa790a002e916b739a9c5.png,"Augsburg, Germany",48.3690341,10.8979522,2026-08-27 01:29:07
Mika Heggemann,Ohm Herfstfestival,2026-11-28T00:00:00.000,/events/2507691,Cromby | Tjade | DJ Cringey | EMILIJA | Emvae | Moxes | Essy | IOSIO | Itz3bby | Lisa Korver | Mika Heggemann | Mischluft | Paige Tomlinson | S3PPA | The Flexican,Lijm & Cultuur,All,Netherlands,https://images.ra.co/26baee252485317bd5acda896524af7a2da508e1.png,"Lijm & Cultuur, Netherlands",51.99616205,4.369146234568248,2026-08-08 00:12:37
Mika Heggemann,Polyamor x SESH,2026-12-30T00:00:00.000,/events/2446798,Paraçek | davyboi | Mika Heggemann | Cara Elizabeth | DJ DRECKISCH | Trancemaster Krause | Cleopard2000 | Danilo Filipe | Alba Franch | Elotrance | NYRA (DE) | DJ YARAK | Lisek | SATYS FYRE | DJ SEXSTASY | The Muffin Man | BNZN | DJ SPORTSCHUH | snoritz | XIMA | JUICY (DE) | VIVI909 | Alex Friday | Kizu | PANA (Ger) | Justin Tinderdate | DETOXX | Limoncello | Segun | Filialleiter | Dollushka | GEN97,RAW- Lokschuppen + Astra Kulturhaus,Berlin,Germany,https://images.ra.co/9f79da063e41c3765895d98a0253bf3b9a9d2730.jpg,"Berlin, Germany",52.510885,13.3989367,2026-05-26 00:43:28
Mischluft,EDC Colombia,2026-10-10T00:00:00.000,/events/2525343,Beyond | Afrojack | Green Velvet | AISHA | Alesso | Alok | ANNA | Armand Van Helden | Armin van Buuren | Artbat | Astrix | Beltran | Billy Gillies | BLOND:ISH | bolo | Boris Brejcha | CamelPhat | Carlita | Cato Anaya | Chase & Status | Cole Knight | Confidential Recipe | Coone | Cosmic Gate | Dagga | Deadmau5 | Deorro | Diossa | DJ Holographic | Dombresky | Felipe Gordon | Marcellus Pittman | Francis Mercier | Funk Tribu | Hannah Laing | Hardt Antoine | HoneyLuv | Infected Mushroom | ISAbella | Jamie Jones | Kaskade | KhoMha | Korolova | Laurie | Loumie | LP Giobbi | LUCH (MEX) | Maceo Plex | Matta | Gabo Forero | Memek | Julio Garcés | MËSTIZA | Mischluft | Miss Monique | Nico Moreno | Noise Mafia | PETERBLUE | Pablo Romero | Pachanga Boys | Restricted | Richie Hawtin | SeBAss | Showtek | Shubostar | Steve Dekay | Taylor Torrence | Varju | Vintage Culture,Unidad Deportiva Atanasio Girardot,Medellin,Colombia,https://images.ra.co/55a6f28e351602e20cf84b142485fad3ea90957c.png,"Medellin, Colombia",6.269732449999999,-75.60255965090315,2026-09-03 02:14:48
Mischluft,Audio Obscura ADE with Patrick Mason [B2B] SPFDJ & More,2026-10-22T00:00:00.000,/events/2475090,Patrick Mason | SPFDJ | Anetha | Mischluft | Bella Claxton | Tjade | Kara Okay | OLIVIA LENSEN | Schwesta P | Justin Jay | Julie Desire,RAWFACTORY,Amsterdam,Netherlands,https://images.ra.co/dd9c21ee6764af4cc38c1cae66554d894c49d415.jpg,"Amsterdam, Netherlands",52.3730796,4.8924534,2026-06-25 00:45:25
Mischluft,ADE - Hot Meal [sold out],2026-10-22T00:00:00.000,/events/2470633,Bad Boombox | Gusted | Dr. G | Janis Zielinski | Jessie Dols | lizaliza | Mija | MRD (NO) | Mischluft | Ollie Lishman,Lofi,Amsterdam,Netherlands,https://images.ra.co/27f92b79522fb5643b432c76c77b842ba11d9ee5.png,"Amsterdam, Netherlands",52.3730796,4.8924534,2026-10-07 03:13:37
Mischluft,Desire pres. Mischluft All Night long,2026-10-23T00:00:00.000,/events/2531188,Mischluft,Carlswerk Victoria,Cologne,Germany,https://images.ra.co/1b149821eaf86187fe9065c9a82aa7801547627a.png,"Cologne, Germany",50.938361,6.959974,2026-09-08 02:13:37
Mischluft,Hotmeal at Kompass,2026-10-31T00:00:00.000,/events/2527139,Bad Boombox | Jessie Dols | Mija | Mischluft | Ollie Lishman,Kompass Klub,Ghent,Belgium,https://images.ra.co/018ec45d5ab8870186e039f0415599f4a7a41651.png,"Ghent, Belgium",51.0538286,3.7250121,2026-09-03 02:14:48
Mischluft,Modular Maassilo 2026,2026-11-14T00:00:00.000,/events/2479896,Dj Babatr | Gyatso | Interplanetary Criminal | LAMMER | Lisa Korver | LORI (NL) | M-High | Miguel De Bois | Milion | SAIDAH | Mischluft | OLIVIA LENSEN | Paige Tomlinson | Sunnysoposted,Maassilo,Rotterdam,Netherlands,https://images.ra.co/4407a8416cfd7fa02c0b374b8bb79208713d5a93.jpg,"Rotterdam, Netherlands",51.9244424,4.47775,2026-07-04 00:45:41
Mischluft,"Hot Meal : Bad Boombox, Mischluft, Mija & More",2026-11-21T00:00:00.000,/events/2538895,Bad Boombox | Mischluft | Mija | Janis Zielinski | lizaliza,Mia Mao,Paris,France,https://images.ra.co/c8f89ec367651fa4685be09bb5065a8528c92305.png,"Paris, France",48.8588897,2.3200410217200766,2026-09-19 02:28:10
Mischluft,Ohm Herfstfestival,2026-11-28T00:00:00.000,/events/2507691,Cromby | Tjade | DJ Cringey | EMILIJA | Emvae | Moxes | Essy | IOSIO | Itz3bby | Lisa Korver | Mika Heggemann | Mischluft | Paige Tomlinson | S3PPA | The Flexican,Lijm & Cultuur,All,Netherlands,https://images.ra.co/26baee252485317bd5acda896524af7a2da508e1.png,"Lijm & Cultuur, Netherlands",51.99616205,4.369146234568248,2026-08-08 00:12:37
Moby,Moby Live Pasadena,2026-11-07T00:00:00.000,/events/2526661,Moby | Underworld | FCUKERS | Nia Archives | DJ Holographic,Brookside at the Rose Bowl,Los Angeles,United States of America,https://images.ra.co/76473d545624ea7fdbb1af7e4415ad4a66bfab92.jpg,"Los Angeles, United States of America",34.0536909,-118.242766,2026-09-03 02:14:48
Moby,Moby + Underworld,2026-11-07T00:00:00.000,/events/2537216,Moby | Underworld | FCUKERS | Nia Archives | DJ Holographic,Brookside at the Rose Bowl,Los Angeles,United States of America,https://images.ra.co/e4fb91952df8fa1316c8a3361d7be6338e71aedc.jpg,"Los Angeles, United States of America",34.0536909,-118.242766,2026-09-19 02:28:10
Mochakk,[UNVRS] CLOSING 2026,2026-10-10T00:00:00.000,/events/2512315,Adriatique | Dennis Cruz | East End Dubs | Mochakk | Rafael (IS) | The Martinez Brothers | Bender (DE) | Dennis Quin | Kamma | Mella Dee | Melon Bomb,[UNVRS],Ibiza,Spain,https://images.ra.co/24804fc8cbc660c5659044a877929871b72455ff.jpg,"Ibiza, Spain",38.974390099999994,1.4197463178515335,2026-08-14 00:31:10
Mochakk,THE LOFT presents: Sammy Virji B2B Mochakk,2026-10-23T00:00:00.000,/events/2554482,Sammy Virji | Mochakk,The Loft Amsterdam,Amsterdam,Netherlands,https://cdn.sanity.io/images/6epsemdp/production/b7d83a32bba8e46b37bc22edd92ed71cef47b091-1920x1280.jpg?w=640&fit=clip&auto=format,"Amsterdam, Netherlands",52.3730796,4.8924534,2026-10-07 03:13:37
Mochakk,GASHOUDER presents: Mochakk CALLING,2026-10-23T00:00:00.000,/events/2444784,ISAbella | Juliana X | Mochakk | MPH (1) | Solarce Brothers,GASHOUDER,Amsterdam,Netherlands,https://images.ra.co/9d83cadcc29f8fdfb1e9076e39966ce1162a7084.jpg,"Amsterdam, Netherlands",52.3730796,4.8924534,2026-05-17 00:43:40
Mochakk,Mochakk,2026-10-29T00:00:00.000,/events/2544336,Mochakk,Big Night Live,Boston,United States of America,https://images.ra.co/4ce3cf9fd18336233cee26267c16cc431ae11952.jpg,"Boston, United States of America",42.3554334,-71.060511,2026-09-24 02:10:06
Mochakk,CircoLoco New York,2026-10-30T00:00:00.000,/events/2507236,&ME | Beltran | Carlita | Konstantin | Map.ache | Mochakk | Rampa | Seth Troxler,Brooklyn Storehouse,New York City,United States of America,https://images.ra.co/7e33635691c22fc02452ca8030f43fe59f910534.jpg,"New York City, United States of America",40.7127281,-74.0060152,2026-08-07 01:25:24
Mochakk,Mochakk at Armature Works (House Hats Halloween),2026-10-31T00:00:00.000,/events/2540089,Mochakk | Caleb Jackson | Edd (1),The Gathering @ Armature Works,Tampa Bay,United States of America,https://images.ra.co/8fc0dbbc6c3c1e5a2ac7d64dca1730002905ef5e.png,"Tampa Bay, United States of America",27.6886419,-82.5723193,2026-09-19 02:28:10
Mochakk,House Hats Halloween with Mochakk - Promo Code 'RAVEFAM',2026-10-31T00:00:00.000,/events/2551176,Mochakk,m.Bird at Armature Works,Florida,United States of America,https://images.ra.co/017273603e3301c18fd61d4039760784bacaecdc.jpg,"Florida, United States of America",27.7567667,-81.4639835,2026-10-04 03:24:38
Mochakk,"Mochakk - Reveillon Spettacolo 2027, P12 Florianópolis",2026-12-31T00:00:00.000,/events/2525398,Mochakk,"TBA - P12 Beach Club, Jurerê, Florianopolis",All,Brazil,https://images.ra.co/b58c4e6f6c7095e87b4020b57c25046c83092493.jpg,"TBA - P12 Beach Club, Jurerê, Florianopolis, Brazil",-10.3333333,-53.2,2026-09-03 02:14:48
Mount Kimbie,Mount Kimbie presents TUNNELVISION,2026-10-24T00:00:00.000,/events/2549742,Mount Kimbie | re:ni | JASSS | Adriana Ruas | Bernardo Vaz | Sheri Vari | Cruz (PT),Casa Capitão,Lisbon,Portugal,https://images.ra.co/62f15ac7b24bddbf8beb1630b1c3e5f3cc4a3384.jpg,"Lisbon, Portugal",38.7077507,-9.1365919,2026-10-01 03:03:35
Mount Kimbie,USC presents - Halloween Night,2026-10-31T00:00:00.000,/events/2543105,Mount Kimbie | Marion Hawkes | Conor Schmtz,The Ulster Sports Club,Belfast,United Kingdom,https://images.ra.co/c84cf5bf6babeb1d898237b01b75e997993c8e19.jpg,"Belfast, United Kingdom",54.596391,-5.9301829,2026-09-24 02:10:06
Mount Kimbie,WHP26 presents: Eat Your Own Ears,2026-11-21T00:00:00.000,/events/2521681,Peggy Gou | MPH (1) | Four Tet | Ben UFO | Hamdi | 4am Kru | Kaitlyn Aurelia Smith | Zuri | Brodinski | Slikback | Oppidan | DJ BORING | HAAi | The Avalanches | Chaos In The CBD | STRAWBRY | Larimae | Saint Ludo | p-rallel | ATRIP | RHR | Baalti | Flava D | Aletha | Chloé Robinson | Mount Kimbie | Josi Devil | IceMorph | Hekt | Anish Kumar | Hagop Tchaparian,Depot Mayfield,Manchester,United Kingdom,https://images.ra.co/f0bff53f7f32457e6c340a5e56e534ed4cfc7d9f.png,"Manchester, United Kingdom",53.4794892,-2.2451148,2026-09-03 02:14:48
Mount Kimbie,Mount Kimbie (DJ) - All Day Long,2026-11-28T00:00:00.000,/events/2540644,Mount Kimbie,FOLD,London,United Kingdom,https://images.ra.co/bf206c58ba3a3d657267a2490b349da9d4b6c6fc.jpg,"London, United Kingdom",51.5074456,-0.1277653,2026-09-19 02:28:10
Mount Kimbie,Mall Call ,2026-11-27T00:00:00.000,/events/2520566,Overmono | Royksopp | Antony Szmierek | DJ Seinfeld | Karen Nyame KG | Miley Serious | Molø | Mount Kimbie | Namasenda | Sofia Kourtesis | Surusinghe | Yung Singh | Yu Su,Stinsen,Stockholm,Sweden,https://images.ra.co/2ad750b60074efe9515f2f4ad0ddd3456bea8154.jpg,"Stockholm, Sweden",59.3251172,18.0710935,2026-09-03 02:14:48
Narciss,"Klubnacht with DJ Frank, Narciss, Shumi",2026-10-09T00:00:00.000,/events/2544104,DJ Frank | Narciss | Shumi,Gewölbe,Cologne,Germany,https://images.ra.co/9e436d0b2d817b5dfa05cdf9cf8cb27453c5564b.jpg,"Cologne, Germany",50.938361,6.959974,2026-09-24 02:10:06
Narciss,BASIS Vinyl Special/ 36framez/ Line-O b2b ROBOITH/ Narciss [extended set],2026-10-10T00:00:00.000,/events/2485729,36framez | Narciss,BASIS,Utrecht,Netherlands,https://images.ra.co/91e0f18a820f19ad3953cf07a2a3a2770b6a08c4.png,"Utrecht, Netherlands",52.0907006,5.1215634,2026-07-09 00:51:37
Narciss,Narciss hosted by EAR\WAX,2026-10-17T00:00:00.000,/events/2513214,Narciss,Azimut Club,Turin,Italy,https://images.ra.co/d9a0ae28967f0a6bc47d0d39840799c50d805f45.jpg,"Turin, Italy",45.0677551,7.6824892,2026-08-15 00:22:01
Narciss,"Club — Soyoon Curator: Didi Han, Narciss, Labouts & Sinom",2026-10-23T00:00:00.000,/events/2554661,Didi Han | Narciss | Labouts,Badaboum,Paris,France,https://images.ra.co/8ed2f10f8750ce05ac193039872fc5600c7768bc.png,"Paris, France",48.8588897,2.3200410217200766,2026-10-07 03:13:37
Narciss,bumpy!,2026-11-01T00:00:00.000,/events/2551216,Fadi Mohem | Narciss | Dee Diggs | Will Automagic | S'aint Panic,TBA - Brooklyn,New York City,United States of America,https://images.ra.co/ddf5bc257f223b0a4a6e83fdcb861bf13e2a588c.jpg,"New York City, United States of America",40.7127281,-74.0060152,2026-10-04 03:24:38
Narciss,"WORK presents: Narciss, Masha Mar, & Marc Homer",2026-11-06T00:00:00.000,/events/2525849,Narciss | Masha Mar | Marc Homer,TBA - Los Angeles,Los Angeles,United States of America,https://images.ra.co/6da1cd7277fe6dff31121998c852d4af694600b4.jpg,"Los Angeles, United States of America",34.0536909,-118.242766,2026-09-03 02:14:48
Narciss,"DR. GABBA, Narciss, Dazegxd presented by Public Works, STRAPT & Flux Aeterna",2026-11-07T00:00:00.000,/events/2534561,DR. GABBA | Narciss | Dazegxd,Public Works,San Francisco/Oakland,United States of America,https://images.ra.co/dcd67fe716754f123df9a6b3833a33f5226dfdcd.jpg,"San Francisco/Oakland, United States of America",37.79713724477815,-122.37900765709006,2026-09-11 02:01:35
Nina Kraviz,"OFFWEEK presents Nina Kraviz,Quest at Tibidabo [LAST TICKETS]",2026-10-09T00:00:00.000,/events/2490511,Nina Kraviz | Quest (IT) | Lumiere,Parc d’Atraccions del Tibidabo,Barcelona,Spain,https://images.ra.co/eeae401505c6f20c48d8e090767a41c332cdcc5a.jpg,"Barcelona, Spain",41.3828939,2.1774322,2026-10-07 03:13:37
Nina Kraviz,Sonora Bordeaux,2026-10-16T00:00:00.000,/events/2552318,Afem Syko | Linds | DJ Gigola | I Hate Models | KUKO | LESSSS | Panteros666 | Part Time Killer | Vladimir Cauchemar | 2HOT2PLAY | More (3) | Alignment | Anetha | Ben Klock | Clara Cuvé | future.666 | KlangKuenstler | Nina Kraviz | PETERBLUE | Serafina,Sonora Bordeaux,Bordeaux,France,https://cdn.sanity.io/images/6epsemdp/production/b7d83a32bba8e46b37bc22edd92ed71cef47b091-1920x1280.jpg?w=640&fit=clip&auto=format,"Bordeaux, France",44.841225,-0.5800364,2026-10-04 03:24:38
Nina Kraviz,SONORA BORDEAUX,2026-10-16T00:00:00.000,/events/2552448,Afem Syko | Linds | DJ Gigola | I Hate Models | KUKO | LESSSS | Panteros666 | Part Time Killer | Vladimir Cauchemar | 2HOT2PLAY | More (3) | Alignment | Anetha | Ben Klock | Clara Cuvé | future.666 | KlangKuenstler | Nina Kraviz | PETERBLUE | Serafina,Parc des Expositions de Bordeaux lac,Bordeaux,France,https://images.ra.co/3ac4657722169871acf66344bd031a4e11ab80e2.png,"Bordeaux, France",44.841225,-0.5800364,2026-10-04 03:24:38
Nina Kraviz,"extended - Equus Belli, Nina Kraviz",2026-10-25T00:00:00.000,/events/2515966,Equus Belli | Nina Kraviz,essaim,Paris,France,https://images.ra.co/8a1261b415d966aafbbe284ba7218a599e58e73c.png,"Paris, France",48.8588897,2.3200410217200766,2026-09-19 02:28:10
Nina Kraviz,Escape Halloween,2026-10-30T00:00:00.000,/events/2523917,999999999 | A Little Sound | AC Slater | Adam Ten | Adventure Club | Alex Chapman | Zoe Gitter | Alok | Andruss | Anime | Avalon Emerson | Azyr | Benny Benassi | Bou (UK) | Cat (US) | Cera Khin | Champion | CHRYSALIS | Clara Cuvé | Cloonee | Coone | Cyclops | Dabin | Darren Styles | Dimitri Vegas & Like Mike | DJ Heartstring | DJ Tennis | Excision | Frontliner | Funk Assault | Galantis | Gammer | HerShe | Ian Asher | Indira Paganotto | Jamie Jones | Franky Rizardo | Joseph Capriati | SOSA (UK) | JSMN | Kill The Kid | Kana Hishiya | KLOUD | KREAM | LNY TNZ | Liquid Stranger | LUMI | Maddix | MALUGI | Mish | Morelia | Morten | Nervo | Nina Kraviz | Pixie Dust | Richie Hawtin | Sedef Adasï | Showtek | Silvie Loto | Steve Aoki | Trancemaster Krause | Trym | Yanamaste | Zedd,NOS Event Center,Los Angeles,United States of America,https://images.ra.co/5d0fc8bda2810a8f0e0cbace1cd2de54e960e00d.png,"Los Angeles, United States of America",34.0536909,-118.242766,2026-08-29 00:10:44
Nina Kraviz,Apollo presents Nina Kraviz ,2026-11-07T00:00:00.000,/events/2411683,Nina Kraviz | MERS,TBA - Toronto,Toronto,Canada,https://images.ra.co/cb5d519c8ddc38d9539ac747010e61c59b591c9d.jpg,"Toronto, Canada",43.6534817,-79.3839347,2026-07-26 00:41:26
Nina Kraviz,Nina Kraviz • ANNĒ • SHDW — SYDNEY,2026-11-28T00:00:00.000,/events/2472846,Nina Kraviz | ANNĒ | SHDW,Manning Bar,Sydney,Australia,https://images.ra.co/a826da51a8d57823500b054d8a985e1eb5644e0b.jpg,"Sydney, Australia",-33.8698439,151.2082848,2026-08-15 00:22:01
Nina Kraviz,A3 Festival 2026,2026-11-27T00:00:00.000,/events/2434541,"Andre Zimmer | ANNĒ | Ben Sterling | Bibi Seck | Blasha & Allatt | Bushbaby | DINA | DJ ALI | DJ Luv You | Ed Kent | Hannah D | Gumm | Hasvat Informant | Inafekt | IN2POL | IsGwan | JakoJako | Josh Heywood | Kerri Chandler | Lacchesi | Lewis Taylor | LF SYSTEM | Lucas Boston | Luke Alessi | Luke Dean_ | Max Dean | Mikalah Watego | Milion | Morgan Seatree | NewTone | Nina Kraviz | Olivia Mendez | Omar+ | Osmosis Jones | Philippa Pacho | Rene Wise | RONA. | SHDW | sim0ne | Skin On Skin | STÜM | THELMA | VTSS | AKEYLAH | dozie (uk) | B2BLOVE | Love, Jess | J-OK | Kailyn Crabbe | Shanti | SNAXX | STAFFY",Lardner Park,Melbourne,Australia,https://images.ra.co/510ad56d6b23c15e1a55038ef5fb9cd8d0f4b8df.jpg,"Melbourne, Australia",-37.8142454,144.9631732,2026-05-21 00:46:47
Octo Octa,"Octo Octa & Faited, Eva Loveless",2026-10-08T00:00:00.000,/events/2522229,Octo Octa | Faited | Eva Loveless,Nowadays,New York City,United States of America,https://images.ra.co/1fc83bf5040a1cdc9a76a8604b420b28a426b429.jpg,"New York City, United States of America",40.7127281,-74.0060152,2026-10-04 03:24:38
Octo Octa,Octo Octa & Faited pres. by Doll Factory x Hyperdrum,2026-10-09T00:00:00.000,/events/2517034,Octo Octa | Faited | Dee Clark | claire.h0e | Mrs. Qbert | Vivian Oblivion | Solidare,TRANSMISSION DC,Washington DC,United States of America,https://images.ra.co/3d2b37736554fc8f555bda11a203dce1f377af02.jpg,"Washington DC, United States of America",38.8950368,-77.0365427,2026-08-20 00:22:51
Octo Octa,Head Trip Festival 2026,2026-10-10T00:00:00.000,/events/2391434,Calvin Harris | Swedish House Mafia | Skrillex | FISHER | Chris Lake | Peggy Gou | Four Tet | Dom Dolla | KETTAMA | Seth Troxler | Ben Sterling | The Blessed Madonna | DJ Harvey | Avalon Emerson | Ben UFO | Eris Drew | Octo Octa | Floating Points | Mad Professor | Theo Parrish,Empire Polo Club,Palm Springs,United States of America,https://images.ra.co/075dac9bef7577f44db5880a5ccf7e390b212b3f.png,"Palm Springs, United States of America",33.8246269,-116.540303,2026-09-27 02:32:55
Octo Octa,Mixmag Lab London with Eris Drew & Octo Octa as Alchemical Sisters,2026-10-15T00:00:00.000,/events/2550859,Eris Drew | Octo Octa,NUMBER 90 LONDON,London,United Kingdom,https://images.ra.co/7614ebb9d082bbdaf2909a9ed5d041ea13223ad8.jpg,"London, United Kingdom",51.5074456,-0.1277653,2026-10-04 03:24:38
Octo Octa,Eólica,2026-10-16T00:00:00.000,/events/2494318,WhoMadeWho | Sama' Abdulhadi | Jayda G | Eris Drew | Octo Octa | TSHA | Danilo Plessow | vandàla | Rainer Trüby | PAURRO | Mostany | IRTAP_ | Dee Diggs | Horse Meat Disco | Gus Gus | Fernanda Arrau | Javier Carballo | Victor Ruiz,Iter Tenerife,Canary Islands,Spain,https://images.ra.co/adfdfa29655a77526bef16bcf79f04248e9a7921.jpg,"Canary Islands, Spain",28.2863989,-16.7960118,2026-07-23 00:41:14
Octo Octa,Breakfast Club ADE: One Long Groove,2026-10-22T00:00:00.000,/events/2492381,Dyed Soundorom | dj sweet6teen | Gene On Earth | Peach | Midland | Octo Octa | Talaboman,Pllek,Amsterdam,Netherlands,https://images.ra.co/e3dbc271aedd550004d7bf3a57c11b5574805df4.jpg,"Amsterdam, Netherlands",52.3730796,4.8924534,2026-09-29 03:15:00
Octo Octa,ZeeZout ADE - Friday Daytime,2026-10-23T00:00:00.000,/events/2495393,CARISTA | DjRUM | Eris Drew | Octo Octa | Identified Patient | Ineffekt | Jyoty | Laura Meester | RIRIA | Sam Alfred | Two Shell,Het Rijk van de Keizer,Amsterdam,Netherlands,https://images.ra.co/ac7d68280f2d45e264f1ad1853ffb71f77a9e2c7.png,"Amsterdam, Netherlands",52.3730796,4.8924534,2026-07-23 00:41:14
Octo Octa,Intercell x Eris Drew & Octo Octa | ADE By Day,2026-10-24T00:00:00.000,/events/2473373,Eris Drew | Octo Octa | Lola Edo | Mx. Blaire,Bajes Amsterdam,Amsterdam,Netherlands,https://images.ra.co/c150db1c05a286caad0dec0680e3c89a66504678.jpg,"Amsterdam, Netherlands",52.3730796,4.8924534,2026-06-25 00:45:25
Octo Octa,ADE - SPIELRAUM: 55 HOURS,2026-10-23T00:00:00.000,/events/2478125,Alex Kassian | BASHKKA | Clarisa Kimskii | Sandrien | D.Dan | Dasha Rush | DJ Red | DjRUM | DVS1 | Fafi Abdel Nour | Faustin | Hervé | JakoJako | Tommy Four Seven | ketia | Miss Kittin | The Hacker | livwutang | Richard Akingbehin | Luke Slater | mad miran | Makam | Mary Lake | mul/ANNA | Octo Octa | Pariah | Quelza | RÆZA | STERAC | Rødhåd | Sedef Adasï | The Lady Machine | tINI | TWIENA | Wata Igarashi,CLUB RAUM,Amsterdam,Netherlands,https://images.ra.co/798a00760d5f7f8125c63daaea5e9e7e96732918.jpg,"Amsterdam, Netherlands",52.3730796,4.8924534,2026-06-30 00:36:28
Octo Octa,SAMHAIN XXVI WEEKEND,2026-10-30T00:00:00.000,/events/2474825,Daniel Bell | Eris Drew | Octo Octa | Tama Sumo | Lakuti | Afra | Serge | Tammy Lakkis | Hodge | Erika | BMG | Neel | Mike Servito | Mozhgan,Tangent Gallery,Detroit,United States of America,https://images.ra.co/e96941f0757ea363de57c543fbc9cb2868f32be4.jpg,"Detroit, United States of America",42.3315509,-83.0466403,2026-06-25 00:45:25
Octo Octa,SAMHAIN XXVI,2026-10-31T00:00:00.000,/events/2474836,Eris Drew | Octo Octa | Lakuti | Tama Sumo | Afra | Serge | Tammy Lakkis | Hodge | Erika | BMG | Neel | Mike Servito | Mozhgan,Tangent Gallery,Detroit,United States of America,https://images.ra.co/f282e85c6fbd2c9ed7faa9a9f75a1a6be3572a7a.jpg,"Detroit, United States of America",42.3315509,-83.0466403,2026-06-25 00:45:25
Octo Octa,Positive Education 2026,2026-11-06T00:00:00.000,/events/2486660,A Guy Called Gerald | Aawadh | Andy Stott | Biocym | Decoder | DjSport | Emilia Grima | Hajj | ILAYRUNI | K Wata | Machine Girl | Manuka Honey | Microplastics | Mike Servito | ABADIR | Eris Drew | Octo Octa | Philip Kylberg | Prieste5s | Renoiterrible | Sindh | So-Fi | Suutoo | Vlada | Zaltan | Aksamit | DJ Storm | Jane Fitz | 69DB | Neska | seiva | Small Crab (2) | Softi | Tammo Hesselink | Varuna Agosti | YUTA | gyrofield | CWTCH | Hewan Aman | Jan Loup | Lechuga Zafiro | Proc Fiskal | Ship Sket | Quelza | Surgeon,Cité du Design Saint Etienne,Central,France,https://images.ra.co/cae078f030e90a5bbe1a7e82268cbf7d6fc79233.png,"Cité du Design Saint Etienne, France",45.4515362,4.3863151,2026-07-18 00:36:06
Octo Octa,WAS. x Le Guess Who? // Eris Drew b2b Octo Octa • Hervé • jannah,2026-11-07T00:00:00.000,/events/2519765,Eris Drew | Octo Octa | Hervé | jannah,WAS.,Utrecht,Netherlands,https://images.ra.co/7ec9c217eece77524a4309410f4e82e0e3639ba9.jpg,"Utrecht, Netherlands",52.0907006,5.1215634,2026-08-27 01:29:07
Octo Octa,Le Guess Who? 2026,2026-11-05T00:00:00.000,/events/2442143,Aba Shanti-I | Azu Tiwaline | CARISTA | Chinnamasta | Introspekt | Kelman Duran | Mad Professor | ojoo | The Scientist | Seekersinternational | Tash LC | The Bug | Georgia Anne Muldrow | Shabaka | Tshegue | Los Thuthanaka | Gigi Masin | Goat (JP) | Mark Fell | Aho Ssan | Carmen Villain | Elvin Brandhi | KMRU | NEXCYIA | Ouri | more eaze | Sign Libra | Teatre | YPY | Ambu Bambu | Ana Roxanne | Arsenal Mikebe | Valentina Magaletti | Aunty Rayzor | BBBBBBB | Craven Faults | Dj Danifox | DJ Lycox | Devon Rexi | DJK | DJ Plead | JUDGITZU | Eris Drew | Octo Octa | Galecta (2) | Grouper | Heith | Hervé | jannah | Kelsey Lu | Loraine James | Mai Mai Mai | Ryoichi Kurokawa | Tony Njoku | Tortoise,TivoliVredenburg,Utrecht,Netherlands,https://images.ra.co/b9d19a3e55729e6922a516784f72aaee9ad03a51.jpg,"Utrecht, Netherlands",52.0907006,5.1215634,2026-09-03 02:14:48
Octo Octa,"extended - Aleqs Notal, Octo Octa, Sweely Live",2026-11-08T00:00:00.000,/events/2516012,Aleqs Notal | Octo Octa | Sweely,essaim,Paris,France,https://images.ra.co/f98f520e516ab4fde51b6dd32a43e8f739919566.png,"Paris, France",48.8588897,2.3200410217200766,2026-10-04 03:24:38
Octo Octa,"Hungry4 with Eris Drew b2b Octo Octa, Ogazón & More",2026-11-14T00:00:00.000,/events/2536831,Eris Drew | Octo Octa | Ogazón | Miguel Nery | Yen Sung | Nicolle Velcro | Octa Push,Lx Factory,Lisbon,Portugal,https://images.ra.co/cf8a12754117881159479cc5c014a62510459d1f.jpg,"Lisbon, Portugal",38.7077507,-9.1365919,2026-09-19 02:28:10
Oden,FLY Amsterdam ADE - Day Party,2026-10-24T00:00:00.000,/events/2522546,Morgan Seatree | Oden | Carmen Baía | PASO,Shelter Amsterdam,Amsterdam,Netherlands,https://images.ra.co/782cfd40cb4d6a4269c89290de92f72d95135001.png,"Amsterdam, Netherlands",52.3730796,4.8924534,2026-08-29 00:10:44
Oden,Oden & Fatzo,2026-11-28T00:00:00.000,/events/2546216,Oden | Fatzo,The Independent,San Francisco/Oakland,United States of America,https://images.ra.co/5b8b33399be1ca4a9484436f11622dfe85812035.png,"San Francisco/Oakland, United States of America",37.79713724477815,-122.37900765709006,2026-09-27 02:32:55
Oden,Oden & Fatzo,2026-12-04T00:00:00.000,/events/2542383,Oden | Fatzo,The Church Nightclub,Denver,United States of America,https://images.ra.co/b622d96bf63593c709d8f19e6dece5423bdb6da1.jpg,"Denver, United States of America",39.7392364,-104.984862,2026-09-24 02:10:06
Oden,PROVINCE 44 presents Oden & Fatzo,2026-12-12T00:00:00.000,/events/2549433,Oden | Fatzo,Descent,Boston,United States of America,https://images.ra.co/c07bad9af6026d95c06e585a08931f2df125cb92.png,"Boston, United States of America",42.3554334,-71.060511,2026-10-01 03:03:35
Oden,WHP26 /// New Year's Eve: Defected + Glitterbox,2026-12-31T00:00:00.000,/events/2551842,Eats Everything | Groove Armada | Oden | Fatzo | Paisley Jensen | Sam Divine | Lowsteppa | Don't F**k with Disco | Ella Knight | Fattony | Melvo Baptiste | Mix-Stress,Depot Mayfield,Manchester,United Kingdom,https://images.ra.co/2574cb9448ec68d64fadf69ee4e4ea79247f0b80.png,"Manchester, United Kingdom",53.4794892,-2.2451148,2026-10-04 03:24:38
Overmono,Overmono at Cermak Hall,2026-10-08T00:00:00.000,/events/2446098,Overmono | Hot Take,Radius,Chicago,United States of America,https://images.ra.co/cabee8db412f82816a08b3236a35348ddbeba378.jpg,"Chicago, United States of America",41.8755616,-87.6244212,2026-05-21 00:46:47
Overmono,Overmono,2026-10-09T00:00:00.000,/events/2446125,Overmono,Terminal 5,New York City,United States of America,https://images.ra.co/44d04b9f20d7d6239e30d8521f138be661efb47f.jpg,"New York City, United States of America",40.7127281,-74.0060152,2026-05-21 00:46:47
Overmono,Overmono - Pure Devotion World Tour,2026-10-10T00:00:00.000,/events/2446207,Overmono,History,Toronto,Canada,https://images.ra.co/05a8fd65e0bd5f664c8b658fbc8829bfaa2f2e2d.png,"Toronto, Canada",43.6534817,-79.3839347,2026-05-21 00:46:47
Overmono,"Overmono presents Pure Devotion - World Tour, Manchester",2026-10-30T00:00:00.000,/events/2445998,Overmono | James Blake | Joy Orbison | Aurora Halal | DR MYSTERY | Special Guest (US) | Andy C | Moodymann | Blawan | DJ SET (Uk) | Helena Hauff | DJ Bone | Ash Lauryn | Cersy | Blackhaine | KAVARI | Lee Gamble | Nkisi | Rainy Miller | Space Afrika,Depot Mayfield,Manchester,United Kingdom,https://images.ra.co/e773391e83506d148d9ff219a413bc8c80b9b19c.png,"Manchester, United Kingdom",53.4794892,-2.2451148,2026-05-21 00:46:47
Overmono,Overmono - Pure Devotion Live - World Tour,2026-11-12T00:00:00.000,/events/2447806,Overmono | Blawan,Uber Eats Music Hall,Berlin,Germany,https://images.ra.co/b8490d367e7d55a6b8181d44879a5f1ed7decedc.jpg,"Berlin, Germany",52.510885,13.3989367,2026-10-04 03:24:38
Overmono,Mall Call ,2026-11-27T00:00:00.000,/events/2520566,Overmono | Royksopp | Antony Szmierek | DJ Seinfeld | Karen Nyame KG | Miley Serious | Molø | Mount Kimbie | Namasenda | Sofia Kourtesis | Surusinghe | Yung Singh | Yu Su,Stinsen,Stockholm,Sweden,https://images.ra.co/2ad750b60074efe9515f2f4ad0ddd3456bea8154.jpg,"Stockholm, Sweden",59.3251172,18.0710935,2026-09-03 02:14:48
Overmono,Mall Call,2026-11-28T00:00:00.000,/events/2525032,Overmono | Yung Singh | Miley Serious | Namasenda | Molø,Stinsen,Stockholm,Sweden,https://images.ra.co/7ce48184d4902e0f874f54dbece3a503cf8e87c0.jpg,"Stockholm, Sweden",59.3251172,18.0710935,2026-09-03 02:14:48
Overmono,Wildlands Festival - Brisbane,2026-12-31T00:00:00.000,/events/2498640,Anetha | SPFDJ | Benwal | Kyle Starkey | Dean Turnley | Ewan McVicar | Frost Children | Funk Tribu | Hamdi | Hannah Laing | John Summit | KI/KI | Layton Giordani | Lens (2) | MPH (1) | Nia Archives | Oppidan | Overmono | Saint Ludo | Skepta | Yikes,Brisbane Showgrounds,Brisbane,Australia,https://images.ra.co/dd28e1fac02e3f60a136163ba8e21b09a57cced7.png,"Brisbane, Australia",-27.4689682,153.0234991,2026-07-31 00:42:03
Overmono,Lost Paradise 2026,2026-12-28T00:00:00.000,/events/2491206,John Summit | Skepta | KI/KI | Overmono | Armand Van Helden | Nia Archives | Ewan McVicar | Sam Alfred | Rossi | Partiboi69 | Benwal | Caleb Jackson | Chaos In The CBD | dameeeela | DART | Dean Turnley | DJ Seinfeld | Drifting Clouds | Flava D | Hamdi | Harry Hayes | Helena Lauwaert | Hot Dub Time Machine | Jamback | James Pepper | Baron Von Trax | Jayda G | Job Jobse | Kirollus | Kyle Starkey | Loods | Luuk van Dijk | Mella Dee | Memphis LK | Ned Bennett | Luke Alessi | Jordan Brando | William Kiss | Osmosis Jones | Pretty Girl | Riordan | Saint Ludo | salute | Soul Mass Transit System | Stacie Fields | Supergloss | Tommy Holohan | Willo | Bella Backe | Callyy | Casual P | Couch Mechanic | DJ MACARONI | Elijah Something | GMOZ | Jacqui Cunningham | Lily FM | Mash (2) | Harley Ferris | Mimi J | PARTIGIRL | Sasha Milani | Sim Select | zacattacq,Glenworth Valley,Sydney,Australia,https://images.ra.co/7ea5261c8d409c341b715c39ed784a89a92a17db.jpg,"Sydney, Australia",-33.8698439,151.2082848,2026-07-29 00:29:15
Overmono,Beyond The Valley,2026-12-28T00:00:00.000,/events/2499611,"Afrodisiac | After X | AKEYLAH | Anetha | Arielle Free | Armand Van Helden | bellxsxs | Benwal | BIIANCO | Boys Noize | Bryson Hill | Carla Martinez | Club Angel | DART | Dean Turnley | DJ PGZ | Eva Charley | Ewan McVicar | Faster Horses | Frost Children | Funk Tribu | Hamdi | Hannah Laing | Helena Lauwaert | Jackie Hollander | Jamback | Jayda G | Job Jobse | John Summit | Jordan Brando | Luuk van Dijk | JUPiTA | bbsanii | Kiara Friend | KI/KI | Kyle Starkey | Layton Giordani | Lex (GR) | Love, Jess | Mella Dee | Mia Koden | MPH (1) | Nia Archives | Nice Girl | nimino | Oppidan | oskar med k | Overmono | Renaessance | Riordan | Saint Ludo | salute | Skepta | Soul Mass Transit System | southstar | SPFDJ | THC | Tiff Cornish | Tommy Holohan | VANNA | WAXX OFF | WOLTERS | WVCHWY | X & Ivy",Barunah Plains,Victoria,Australia,https://images.ra.co/42ccb12d5c81c31dd033479caf74f8b29147e555.png,"Victoria, Australia",-36.5986096,144.6780052,2026-07-29 00:29:15
Overmono,Wildlands Festival - Perth,2027-01-02T00:00:00.000,/events/2498641,Anetha | SPFDJ | Benwal | Kyle Starkey | Dean Turnley | Ewan McVicar | Frost Children | Funk Tribu | Hamdi | Hannah Laing | John Summit | KI/KI | KT | Layton Giordani | Lens (2) | MPH (1) | Nia Archives | Oppidan | Overmono | Saint Ludo | Skepta | Yikes,Arena Joondalup,Perth,Australia,https://images.ra.co/a79c4b8061eaa4fecd59299a0c5b764e3c36c879.png,"Perth, Australia",-31.9558933,115.8605855,2026-07-31 00:42:03
Overmono,THE WORKS [JAN 8] feat. Overmono,2027-01-08T00:00:00.000,/events/2531686,Overmono,Carriageworks,Sydney,Australia,https://images.ra.co/95778ddb92ba3cd4bd1123f9f3164a3f7c35a716.jpg,"Sydney, Australia",-33.8698439,151.2082848,2026-09-11 02:01:35
Overmono,Overmono - Melbourne 2027,2027-01-09T00:00:00.000,/events/2552293,Overmono,Pica (Port Melbourne Industrial Centre for the Arts),Melbourne,Australia,https://images.ra.co/cfd74b9efaf04fe62033be58a8ff37e19b22924f.jpg,"Melbourne, Australia",-37.8142454,144.9631732,2026-10-04 03:24:38
Panteros666,Sonora Bordeaux,2026-10-16T00:00:00.000,/events/2552318,Afem Syko | Linds | DJ Gigola | I Hate Models | KUKO | LESSSS | Panteros666 | Part Time Killer | Vladimir Cauchemar | 2HOT2PLAY | More (3) | Alignment | Anetha | Ben Klock | Clara Cuvé | future.666 | KlangKuenstler | Nina Kraviz | PETERBLUE | Serafina,Sonora Bordeaux,Bordeaux,France,https://cdn.sanity.io/images/6epsemdp/production/b7d83a32bba8e46b37bc22edd92ed71cef47b091-1920x1280.jpg?w=640&fit=clip&auto=format,"Bordeaux, France",44.841225,-0.5800364,2026-10-04 03:24:38
Panteros666,SONORA BORDEAUX,2026-10-16T00:00:00.000,/events/2552448,Afem Syko | Linds | DJ Gigola | I Hate Models | KUKO | LESSSS | Panteros666 | Part Time Killer | Vladimir Cauchemar | 2HOT2PLAY | More (3) | Alignment | Anetha | Ben Klock | Clara Cuvé | future.666 | KlangKuenstler | Nina Kraviz | PETERBLUE | Serafina,Parc des Expositions de Bordeaux lac,Bordeaux,France,https://images.ra.co/3ac4657722169871acf66344bd031a4e11ab80e2.png,"Bordeaux, France",44.841225,-0.5800364,2026-10-04 03:24:38
Panteros666,Weekday Offender presents Panteros666,2026-10-17T00:00:00.000,/events/2456388,Panteros666 | SUBVISIONS | G-Spot,The Hifi Club,Leeds,United Kingdom,https://images.ra.co/9b2651f394cf97cd2291cf28666eec74919b2d87.png,"Leeds, United Kingdom",53.7974185,-1.5437941,2026-06-01 00:45:18
Panteros666,Panteros666 & Friends ADE,2026-10-23T00:00:00.000,/events/2534234,Panteros666 | LB aka LABAT | AMMARA,Chicago Social Club,Amsterdam,Netherlands,https://images.ra.co/52f3ea98fe4e3e04ded5ca99aa4ba1900d1355b4.png,"Amsterdam, Netherlands",52.3730796,4.8924534,2026-09-11 02:01:35
Panteros666,Dreamstate SoCal,2026-11-20T00:00:00.000,/events/2523946,A.N.I. | Aaron Hibell | Above & Beyond | Allen Watts | Talla 2XLC | Aly & Fila | Billy Gillies | Andy Moor | Animato | Artbat | Astrix | BK | BT | Matt Fax | Sean Tyas | Dash Berlin | David Rust | Eddie Halliwell | Judge Jules | Enrico Sangiuliano | Ferry Corsten | Marsh | Frankyeffe | Giorgia Angiuli | Hannah Laing | Marie Vaunt | Infected Mushroom | JOA (IT) | John Askew | Simon Patterson | KARMÅ | Kaufmann | Lee Ann Roberts | Marco V | Mauro Picotto | Nu Aspect | Panteros666 | Pegassi | Perfect Stranger | Schrotthagen | Sequence Six | Shay De Castro | Solarstone | Steve Dekay | Terra | TH;EN | The Rocketman | VisionV,The Queen Mary,Los Angeles,United States of America,https://images.ra.co/ac4ff8c0020596eba2154b7bca8fc6c827412ea5.png,"Los Angeles, United States of America",34.0536909,-118.242766,2026-08-29 00:10:44
Panteros666,Selected x Fluid,2026-11-27T00:00:00.000,/events/2523344,CAIVA | Frederic. | Panteros666 | PRADA2000 | Keyklau,RSO.BERLIN,Berlin,Germany,https://cdn.sanity.io/images/6epsemdp/production/b7d83a32bba8e46b37bc22edd92ed71cef47b091-1920x1280.jpg?w=640&fit=clip&auto=format,"Berlin, Germany",52.510885,13.3989367,2026-10-07 03:13:37
Panteros666,Salut Zamme ! with Panteros666 + Estelle Zamme + ZK + Tia,2026-11-28T00:00:00.000,/events/2506171,Panteros666,Case à Chocs,All,Switzerland,https://images.ra.co/de980bc6c361d91d96c2c26035380bf4c459a390.jpg,"Case à Chocs, Switzerland",46.9892673,6.9216791,2026-08-06 00:36:51
Panteros666,"2Much Nantes: Panteros666, Dj Schnake, Kichta",2026-12-04T00:00:00.000,/events/2551878,Dj Schnake | Eskha | Kichta | Panteros666,Warehouse,Nantes,France,https://images.ra.co/79039054fa870fbcad3dd1555ad8eeb5c61fe786.jpg,"Nantes, France",47.2186371,-1.5541362,2026-10-04 03:24:38
Panteros666,EXIT with 2HOT2PLAY x L.ZWO x PANTEROS.666,2026-12-12T00:00:00.000,/events/2535386,2HOT2PLAY | Panteros666 | L.zwo | Melushka | 5euroGoldi,WDM,Hannover,Germany,https://images.ra.co/3ccb4861c8346a09c52f1ea08d939acbdd9154fd.jpg,"Hannover, Germany",52.3744779,9.7385532,2026-09-12 02:05:18
Part Time Killer,23:59 - WEEKENDER 2026,2026-10-10T00:00:00.000,/events/2461617,2HOT2PLAY | AREA ØNE | Niotech | Carla Schmitt | DBBD | DNNS | Axymt. | Blasha & Allatt | Tauceti (FR) | Chami | OPH | EARGASM GOD | Glaskeen | GRAVEDGR | L.zwo | OMAKS | Mika Heggemann | Part Time Killer | Cara Elizabeth | PRADA2000 | Zorza | Protokseed | Russian Village Boys | Schrotthagen | Sköne | Dory,Plage Privée Parc de Miribel,Lyon,France,https://images.ra.co/0fe2bcae594c568c186644d2605a28fb10a1bd40.png,"Lyon, France",45.7578137,4.8320114,2026-06-06 00:45:38
Part Time Killer,MODUL'AIR — Daytime Warehouse Show,2026-10-17T00:00:00.000,/events/2517727,CALLUSH | EMILIJA | FJUSHA | TOXIMAMI | Part Time Killer | SIKOTI | ROW1,De Flesjesfabriek,Ghent,Belgium,https://images.ra.co/948e151e64f5ef6a0f634128da4daa178ef3db3f.jpg,"Ghent, Belgium",51.0538286,3.7250121,2026-08-21 00:22:24
Part Time Killer,Sonora Bordeaux,2026-10-16T00:00:00.000,/events/2552318,Afem Syko | Linds | DJ Gigola | I Hate Models | KUKO | LESSSS | Panteros666 | Part Time Killer | Vladimir Cauchemar | 2HOT2PLAY | More (3) | Alignment | Anetha | Ben Klock | Clara Cuvé | future.666 | KlangKuenstler | Nina Kraviz | PETERBLUE | Serafina,Sonora Bordeaux,Bordeaux,France,https://cdn.sanity.io/images/6epsemdp/production/b7d83a32bba8e46b37bc22edd92ed71cef47b091-1920x1280.jpg?w=640&fit=clip&auto=format,"Bordeaux, France",44.841225,-0.5800364,2026-10-04 03:24:38
Part Time Killer,SONORA BORDEAUX,2026-10-16T00:00:00.000,/events/2552448,Afem Syko | Linds | DJ Gigola | I Hate Models | KUKO | LESSSS | Panteros666 | Part Time Killer | Vladimir Cauchemar | 2HOT2PLAY | More (3) | Alignment | Anetha | Ben Klock | Clara Cuvé | future.666 | KlangKuenstler | Nina Kraviz | PETERBLUE | Serafina,Parc des Expositions de Bordeaux lac,Bordeaux,France,https://images.ra.co/3ac4657722169871acf66344bd031a4e11ab80e2.png,"Bordeaux, France",44.841225,-0.5800364,2026-10-04 03:24:38
Part Time Killer,Part Time Killer for OVER PARTY,2026-10-17T00:00:00.000,/events/2551881,Part Time Killer,Audiodrome,Turin,Italy,https://images.ra.co/580b19ea75dfc61139d1e93949f7ef99ad3a80c9.jpg,"Turin, Italy",45.0677551,7.6824892,2026-10-04 03:24:38
Part Time Killer,AFFENKÄFIG RULES // Bootshaus KÖLN,2026-10-23T00:00:00.000,/events/2417038,Part Time Killer | VISHY | KØZLØV | Mødze | Rosilicious,Bootshaus,Cologne,Germany,https://images.ra.co/a6083b45619dbb5a696f855d226d271bffb7e404.jpg,"Cologne, Germany",50.938361,6.959974,2026-09-19 02:28:10
Part Time Killer,BlackWorks Halloween The Purgatory,2026-10-30T00:00:00.000,/events/2522471,A.N.I. | Angerfist | Aiden (DE) | Ornella | Ben Techy | Luciid | Dexphase | KARAH | Part Time Killer | Raxeller | SANTØS | SLVL | Vendex | 6EJOU | SNTS,La Cubierta de Leganés,Madrid,Spain,https://images.ra.co/2fed15aeaabb1d2d7174a4abb991e68c14391719.jpg,"Madrid, Spain",40.4167047,-3.7035825,2026-08-29 00:10:44
Part Time Killer,WAREHOUSE RAVE,2026-11-13T00:00:00.000,/events/2533615,In Verruf | Kalte Liebe | Part Time Killer | B-TUR (2) | ESCALEA,Kaiserdrom Halle,Saxony-Anhalt,Germany,https://images.ra.co/dd414d508463c54bec9862633ca52a71263e605e.jpg,"Saxony-Anhalt, Germany",51.9280976,11.6812243,2026-09-11 02:01:35
Part Time Killer,FACE 2 FACE: ZURICH,2026-11-14T00:00:00.000,/events/2547084,DJ DRECKISCH | Part Time Killer | HiTMiLØW | DJ Hyperdrive | relajadita | Yasmin Gardezi | SANEM | Mattia Trani | Vagabund | HUMAN ERROR,Zinkbad Eventhalle,Zurich,Switzerland,https://images.ra.co/f05e6d3b6f88dffa008878f6fd82d4c5831e0130.jpg,"Zurich, Switzerland",47.3744489,8.5410422,2026-09-29 03:15:00
Part Time Killer,F90,2026-12-05T00:00:00.000,/events/2173769,Part Time Killer | DJ Tallboy | MRGNSTRN | snoritz | KLING&KLANG | BTFL | Amøn | The Belgian Stallion | Lisek,Lokschuppen Berlin,Berlin,Germany,https://images.ra.co/edca280e3fee675c73fe81cf4c9637f335c81e8a.png,"Berlin, Germany",52.510885,13.3989367,2026-08-19 00:24:10
Part Time Killer,ONYX NYE: 'NEW ERA',2026-12-30T00:00:00.000,/events/2510425,2HOT2PLAY | KARISH | AREA ØNE | BENNETT | Bruno Brero | HANÀ | two girls one mom | L.zwo | Part Time Killer | Treibende Kraft | BENITO (DE) | BIJI ON DECKS | MISS FRENXH | OLED,DSTRKT Club Berlin,Berlin,Germany,https://cdn.sanity.io/images/6epsemdp/production/b7d83a32bba8e46b37bc22edd92ed71cef47b091-1920x1280.jpg?w=640&fit=clip&auto=format,"Berlin, Germany",52.510885,13.3989367,2026-08-27 01:29:07
Part Time Killer,FCKNYE Festival 2026,2026-12-30T00:00:00.000,/events/2538434,2HOT2PLAY | A.N.I. | Alignment | Angerfist | ascendant vierge | blk. | Bou (UK) | CARAVEL | Todiefor | davyboi | DJ Gigola | ECZODIA | Hedex | Holy Priest | Yoshiko | KARAH | KLOFAMA | Kobosil | Krowdexx | LESSSS | Lil Texas | Mandragora | Neek | Nikolina | Onlynumbers | Part Time Killer | L.zwo | PRADA2000 | Restricted | Samuel Moriero (2) | Vortek's | Sköne | SLVL | Somewhen | The Dark Horror | TiTi | Trym | Ueberrest | Urumi | Vladimir Cauchemar | Vieze Asbak | William Luck | NoName,Brussels Expo,Brussels,Belgium,https://images.ra.co/1195ae1d59b35474b663d37b235d4c7f7d10605b.jpg,"Brussels, Belgium",50.8465573,4.351697,2026-10-04 03:24:38
Partiboi69,"Intercell Lisbon with Pegassi, Partiboi69, SAIDAH ",2026-10-10T00:00:00.000,/events/2464046,Pegassi | Partiboi69 | SAIDAH | Nicolle Velcro | Djooke,Escala25,Lisbon,Portugal,https://images.ra.co/6e21a25e14243dd8c7dc5273c3cab586632f37f1.png,"Lisbon, Portugal",38.7077507,-9.1365919,2026-06-15 00:56:01
Partiboi69,Audio Obscura ADE x Bad Boombox Invites,2026-10-23T00:00:00.000,/events/2502429,Bad Boombox | Partiboi69 | DART | Jenny Cara | Boris Coelman,RAWFACTORY,Amsterdam,Netherlands,https://images.ra.co/ee98b3bf60dd786bf3fcf71fa08787a5e188c7af.jpg,"Amsterdam, Netherlands",52.3730796,4.8924534,2026-08-13 00:30:26
Partiboi69,Mystic Garden Festival ADE,2026-10-24T00:00:00.000,/events/2466154,DJ Heartstring | Partiboi69 | Helena Lauwaert | Supergloss | Fiene | DJ EZ | SYREETA | Jen Cardini | Benny Rodrigues | Rayzir | Ely Oaks | HI-LO | Space 92 | HNTR | DAX J | Yanamaste | Oscar Mulero | BLANKA | Joran van Pol,Havenpark,Amsterdam,Netherlands,https://images.ra.co/6abe492a68b2c240c7f189b4a7d1056c756c0515.jpg,"Amsterdam, Netherlands",52.3730796,4.8924534,2026-09-03 02:14:48
Partiboi69,Dockyard Festival ADE,2026-10-24T00:00:00.000,/events/2466156,DAX J | Yanamaste | Oscar Mulero | BLANKA | Joran van Pol | Ely Oaks | HI-LO | Space 92 | HNTR | DJ Heartstring | Partiboi69 | Helena Lauwaert | Supergloss | Fiene | DJ EZ | SYREETA | Jen Cardini | Benny Rodrigues | Rayzir,Havenpark,Amsterdam,Netherlands,https://images.ra.co/c0298f450952549d084c5e9644e4de15f2bb4909.jpg,"Amsterdam, Netherlands",52.3730796,4.8924534,2026-09-03 02:14:48
Partiboi69,KETTAMA presents Steel City Dance Discs,2026-11-06T00:00:00.000,/events/2500628,Partiboi69 | DJ Gigola | KETTAMA | Skin On Skin | Sam Alfred | Riordan | Robbie Doherty | Juicy Romance | Loods | DJ Carpenter | Ewan McVicar | DJ Heartstring | Tommy Holohan | SALOME | X CLUB. | Bella Claxton | Evian Christ | Daria Kolosova | Clouds | Minna-no-Kimochi | seretide | Vault | Didi Han | DART | Ma Sha | SAIDAH,Depot Mayfield,Manchester,United Kingdom,https://images.ra.co/0f44eb74fcb5ecc52eee5b75b236cb423f8cf23d.png,"Manchester, United Kingdom",53.4794892,-2.2451148,2026-07-31 00:42:03
Partiboi69,Azyr b2b Partiboi69,2026-11-07T00:00:00.000,/events/2540649,Azyr | Partiboi69,NX Newcastle,Newcastle,United Kingdom,https://images.ra.co/87b574d075f698b72b7fd63caadf851be20d493a.jpg,"Newcastle, United Kingdom",54.9738474,-1.6131572,2026-09-19 02:28:10
Partiboi69,SHINE -- Partiboi69,2026-11-13T00:00:00.000,/events/2548331,Partiboi69,The Limelight,Belfast,United Kingdom,https://images.ra.co/46982da4624465c6e7b019f849010c53c0264700.png,"Belfast, United Kingdom",54.596391,-5.9301829,2026-10-01 03:03:35
Partiboi69,Index: Partiboi69,2026-11-14T00:00:00.000,/events/2554245,Partiboi69,Index,Dublin,Ireland,https://images.ra.co/20e193bdfd9c6d92f31f5bd8e6e6bb90aeacfd92.png,"Dublin, Ireland",53.3493795,-6.2605593,2026-10-07 03:13:37
Partiboi69,"Fuse presents Life Extension w/ Partiboi69, LB aka LABAT & SALOME",2026-11-20T00:00:00.000,/events/2537726,Partiboi69 | LB aka LABAT | SALOME,Fuse,Brussels,Belgium,https://images.ra.co/bf9cf71fc1eb5ecd80c1f117cce99d5752cd38ed.jpg,"Brussels, Belgium",50.8465573,4.351697,2026-10-07 03:13:37
Partiboi69,Smolna: Partiboi69,2026-11-21T00:00:00.000,/events/2545447,Partiboi69,Smolna,Warsaw,Poland,https://images.ra.co/87155bb95bbeddadc7ae6dee36d60fc2efdaee78.jpg,"Warsaw, Poland",52.2337172,21.071432235636493,2026-09-25 02:24:57
Partiboi69,Labyrinth presents: Partiboi69 LIFE EXTENSION The Cause Workshop,2026-11-27T00:00:00.000,/events/2554571,Partiboi69 | Juicy Romance | Lola So,The Cause,London,United Kingdom,https://images.ra.co/7d6ab3e97ac273effdfd5c2625ed26f395cd5741.jpg,"London, United Kingdom",51.5074456,-0.1277653,2026-10-07 03:13:37
Partiboi69,Partiboi69 pres. Life Extension,2026-11-29T00:00:00.000,/events/2550733,Partiboi69,Lofi,Amsterdam,Netherlands,https://images.ra.co/fbd51a6e7292b44a8c313c746057f6de5d3f64fa.png,"Amsterdam, Netherlands",52.3730796,4.8924534,2026-10-04 03:24:38
Partiboi69,DALMA Festival 2026,2026-12-04T00:00:00.000,/events/2466306,Adrian Mills | Anetha | Chlär | Freddy K | chouhal | Clara Cuvé | Dasha Rush | DVS1 | Faster Horses | Georg MT | Human Safari | I Hate Models | Jeff Mills | Kyle Cortis | NEUX | NOVAH | ØTTA | Partiboi69 | Rødhåd | ROW1 | Scythe | OKSY | ÜBERKIKZ | Vagabund | Yanamaste,MFCC Arena,All,Malta,https://images.ra.co/87c6ed7b9da7b5804a0777caf68357e36733f1cf.jpg,"MFCC Arena, Malta",35.9311442,14.3951627,2026-06-15 00:56:01
Partiboi69,Radar Festival Perth,2026-12-28T00:00:00.000,/events/2534055,AK SPORTS | Azyr | Bella Claxton | Boys Noize | Carla Martinez | Club Angel | DJ Seinfeld | Emma Moon | Faster Horses | Juicy Romance | Julian Fijma | Locky | Ned Bennett | Osmosis Jones | Partiboi69 | Riordan | salute | Sam Alfred | Soul Mass Transit System | southstar | Tommy Holohan,Langley Park,Perth,Australia,https://cdn.sanity.io/images/6epsemdp/production/b7d83a32bba8e46b37bc22edd92ed71cef47b091-1920x1280.jpg?w=640&fit=clip&auto=format,"Perth, Australia",-31.9558933,115.8605855,2026-09-11 02:01:35
Partiboi69,Lost Paradise 2026,2026-12-28T00:00:00.000,/events/2491206,John Summit | Skepta | KI/KI | Overmono | Armand Van Helden | Nia Archives | Ewan McVicar | Sam Alfred | Rossi | Partiboi69 | Benwal | Caleb Jackson | Chaos In The CBD | dameeeela | DART | Dean Turnley | DJ Seinfeld | Drifting Clouds | Flava D | Hamdi | Harry Hayes | Helena Lauwaert | Hot Dub Time Machine | Jamback | James Pepper | Baron Von Trax | Jayda G | Job Jobse | Kirollus | Kyle Starkey | Loods | Luuk van Dijk | Mella Dee | Memphis LK | Ned Bennett | Luke Alessi | Jordan Brando | William Kiss | Osmosis Jones | Pretty Girl | Riordan | Saint Ludo | salute | Soul Mass Transit System | Stacie Fields | Supergloss | Tommy Holohan | Willo | Bella Backe | Callyy | Casual P | Couch Mechanic | DJ MACARONI | Elijah Something | GMOZ | Jacqui Cunningham | Lily FM | Mash (2) | Harley Ferris | Mimi J | PARTIGIRL | Sasha Milani | Sim Select | zacattacq,Glenworth Valley,Sydney,Australia,https://images.ra.co/7ea5261c8d409c341b715c39ed784a89a92a17db.jpg,"Sydney, Australia",-33.8698439,151.2082848,2026-07-29 00:29:15
Partiboi69,LTECNYD 2027,2027-01-01T00:00:00.000,/events/2536207,Anetha | Boys Noize | C.FRIM | MIRASIA | Chaos In The CBD | Dean Turnley | Denim | Ewan McVicar | Jennifer Loveless | Joy Orbison | Juicy Romance | Kirollus | Lady Shaka | Mikalah Watego | Partiboi69 | Shanti | Soul Wun | TRUSTEE | William Kiss | Special Guest (US),The Nursery At Flemington,Melbourne,Australia,https://images.ra.co/b68a7cb17c5fa6176f20a07971a390b46746b37e.jpg,"Melbourne, Australia",-37.8142454,144.9631732,2026-09-19 02:28:10
Partiboi69,Radar Festival Brisbane,2027-01-02T00:00:00.000,/events/2534060,AK SPORTS | Bella Claxton | Boys Noize | Carla Martinez | Club Angel | DJ Seinfeld | Emma Moon | Faster Horses | Juicy Romance | Julian Fijma | Locky | Osmosis Jones | Partiboi69 | Riordan | salute | Sam Alfred | Soul Mass Transit System | southstar | Tommy Holohan,Superordinary,Brisbane,Australia,https://images.ra.co/1c6a678d844b2d149381777281d20ce6b8af6447.jpg,"Brisbane, Australia",-27.4689682,153.0234991,2026-09-11 02:01:35
Patrick Mason,Brunch Electronik Malaga WEEKENDER 10/11OCTUBRE 2026,2026-10-10T00:00:00.000,/events/2513573,Adam Beyer | Alex Now | Alycia Bezgo | sim0ne | Boys Noize | De La Swing | Denis Horvat | Fhiga | PÜCH | Francisco Allendes | fumi (DE) | SHDW | GIØ (1) | GNRØ | Héctor Oaks | INTERVALO | Locati | Joseph Capriati | Josh Baker | Karretero | Kobosil | Loco Dice | LSDXOXO | Manda Moor | Marco Faraone | Miguel Payda | Patrick Mason | SALOME | SANTØS | SKALA | Tham | VICTORIA WHYNOT,Auditorio Málaga Cortijo de Torres,South,Spain,https://images.ra.co/50b56bb177152f083820aee94342151ad55e6925.png,"Auditorio Málaga Cortijo de Torres, Spain",36.7213028,-4.4216366,2026-09-19 02:28:10
Patrick Mason,ADE - Patrick Mason pres MASONICS,2026-10-21T00:00:00.000,/events/2470628,DJ Rush | Laure Croft | Patrick Mason | Shinedoe | Yasmin Regisford,Lofi,Amsterdam,Netherlands,https://images.ra.co/70ac5fa32fb4ba901707cb6df34931db145df16f.png,"Amsterdam, Netherlands",52.3730796,4.8924534,2026-08-27 01:29:07
Patrick Mason,Audio Obscura ADE with Patrick Mason [B2B] SPFDJ & More,2026-10-22T00:00:00.000,/events/2475090,Patrick Mason | SPFDJ | Anetha | Mischluft | Bella Claxton | Tjade | Kara Okay | OLIVIA LENSEN | Schwesta P | Justin Jay | Julie Desire,RAWFACTORY,Amsterdam,Netherlands,https://images.ra.co/dd9c21ee6764af4cc38c1cae66554d894c49d415.jpg,"Amsterdam, Netherlands",52.3730796,4.8924534,2026-06-25 00:45:25
Patrick Mason,"False Idols w/ Kim Petras (live), COBRAH, Rose Gray, VTSS, Patrick Mason",2026-10-24T00:00:00.000,/events/2484865,COBRAH | Little Gay Brother | Joshua James (UK) | VTSS | Patrick Mason | Cakes Da Killa | Cashu | Josh Caffé | Lady Shaka | TEDESCO | UNiiQU3 | Donnie Sunshine | Goth Jafar | Julie Desire | LEXII. | Someone Sunny | Twang,DRUMSHEDS,London,United Kingdom,https://images.ra.co/83faa64a3e1463035da1fff3351711a2ea7cde18.png,"London, United Kingdom",51.5074456,-0.1277653,2026-08-12 00:35:51
Patrick Mason,Patrick Mason,2026-11-07T00:00:00.000,/events/2517528,Patrick Mason,Savaya Bali,Bali,Indonesia,https://images.ra.co/c07e956b49e9402fe6babb223ee0087e11cb6160.jpg,"Bali, Indonesia",-8.2271303,115.1919203,2026-08-21 00:22:24
Patrick Mason,"gallery night: Patrick Mason // 11,20",2026-11-20T00:00:00.000,/events/2554490,Patrick Mason | Jogaila | Phase Line | Valdagger,Gallery 1986,Vilnius,Lithuania,https://images.ra.co/a5c44b39cebb05e5f3b2656beec517605596603c.jpg,"Vilnius, Lithuania",54.6870458,25.2829111,2026-10-07 03:13:37
Patrick Mason,RX Fridaze: Patrick Mason,2026-11-27T00:00:00.000,/events/2528547,Patrick Mason,Flux,Istanbul,Turkey,https://images.ra.co/aa4dfd9acd1f136bdbf1a50b6126638092de5321.jpg,"Istanbul, Turkey",41.006381,28.9758715,2026-09-04 02:15:44
Patrick Mason,RAVE3000 FESTIVAL,2026-12-11T00:00:00.000,/events/2541095,Arca | Patrick Mason | Cristobal Pesce | Less | Cera Khin | Kessler (AR) | Carlos Willengton | Pabels | Franzizca. | Sol Ortega | Valentina Spirito,Club Ciudad de Buenos Aires,Buenos Aires,Argentina,https://images.ra.co/0aaef4eb19c7e99975d41611b117658301edbb04.jpg,"Buenos Aires, Argentina",-34.6083696,-58.4440583,2026-09-20 02:31:44
Patrick Mason,BASIS/ Patrick Mason [4h set]/ VLTRA VULVA,2026-12-18T00:00:00.000,/events/2549891,Patrick Mason | VLTRA VULVA,BASIS,Utrecht,Netherlands,https://images.ra.co/82c4e964015b7c72c41d25d5a825a72145d686a6.png,"Utrecht, Netherlands",52.0907006,5.1215634,2026-10-01 03:03:35
Paul Kalkbrenner,Paul Kalkbrenner Live x Loveland - ADE 2026,2026-10-22T00:00:00.000,/events/2523349,Paul Kalkbrenner,Theater Amsterdam,Amsterdam,Netherlands,https://images.ra.co/6c4f1896e8b5de60007b2160e5cebe0319951253.jpg,"Amsterdam, Netherlands",52.3730796,4.8924534,2026-08-29 00:10:44
Paul Kalkbrenner,"Resistance with Paul Kalkbrenner, Miss Monique, Kölsch and many more ",2026-12-05T00:00:00.000,/events/2535065,Paul Kalkbrenner | Miss Monique | Deer Jade | ANNA | Qrion | Roman Flügel | Gerd Janson | Dana Ruh,DRUMSHEDS,London,United Kingdom,https://images.ra.co/35ecdb2ab6fb56b5079048cfe35877aeee30154a.png,"London, United Kingdom",51.5074456,-0.1277653,2026-09-12 02:05:18
Pegassi,ØTTA & Pegassi,2026-10-09T00:00:00.000,/events/2504191,ØTTA | Pegassi | RESA UTOPICA,Gate Milano,Milan,Italy,https://images.ra.co/47d88a81c80aba64535781e018691ab99798265c.png,"Milan, Italy",45.4641943,9.1896346,2026-08-05 00:42:06
Pegassi,"Intercell Lisbon with Pegassi, Partiboi69, SAIDAH ",2026-10-10T00:00:00.000,/events/2464046,Pegassi | Partiboi69 | SAIDAH | Nicolle Velcro | Djooke,Escala25,Lisbon,Portugal,https://images.ra.co/6e21a25e14243dd8c7dc5273c3cab586632f37f1.png,"Lisbon, Portugal",38.7077507,-9.1365919,2026-06-15 00:56:01
Pegassi,Pegassi ∞ ROXY Prague,2026-10-17T00:00:00.000,/events/2493534,Pegassi | Paul Krist,Roxy,Prague,Czech Republic,https://images.ra.co/7e6b97b6f9b4d25b2452f6548b98a246d13bf375.jpg,"Prague, Czech Republic",50.0596288,14.446459273258009,2026-07-21 00:38:23
Pegassi,Pegassi All Day - ADE,2026-10-23T00:00:00.000,/events/2449265,Pegassi,Hemkade 48,Amsterdam,Netherlands,https://images.ra.co/692798b0dc8cfb00378cda53665160730705d15f.jpg,"Amsterdam, Netherlands",52.3730796,4.8924534,2026-05-24 00:44:45
Pegassi,Awakenings ADE - Sunday Sessions,2026-10-25T00:00:00.000,/events/2479118,Benwal | DJ Heartstring | DJ Gigola | Pegassi | Helena Lauwaert | southstar,Sugarfactory,Amsterdam,Netherlands,https://images.ra.co/a31949d7b761f063378670b56b06a30ee5d4fd1d.png,"Amsterdam, Netherlands",52.3730796,4.8924534,2026-09-19 02:28:10
Pegassi,Pegassi,2026-11-07T00:00:00.000,/events/2517300,Pegassi,It'll Do,Dallas/Fort Worth,United States of America,https://images.ra.co/0ed98ab21448247da0d3524d6c151d9ba83484fd.jpg,"Dallas/Fort Worth, United States of America",32.89651945,-97.0465220537124,2026-08-21 00:22:24
Pegassi,Pegassi,2026-11-13T00:00:00.000,/events/2542939,Pegassi,Centre Point,Dublin,Ireland,https://images.ra.co/fdaa00a5b0730dce107ea3fb3917ef992b64bb8c.jpg,"Dublin, Ireland",53.3493795,-6.2605593,2026-09-24 02:10:06
Pegassi,A State Of Trance with Armin van Buuren,2026-11-14T00:00:00.000,/events/2454795,Amber Broos | Arielle | Ben Hemsley | Cosmic Gate | Ferry Corsten | Funk Tribu | GIA | Jordan Tilstone | Olive Anguz | Pegassi | River (1) | Ruben de Ronde | The Rocketman | Thick As Thieves,DRUMSHEDS,London,United Kingdom,https://images.ra.co/0910f4754db231a98e6a532f913861b9cadbdab9.jpg,"London, United Kingdom",51.5074456,-0.1277653,2026-08-08 00:12:37
Pegassi,Dreamstate SoCal,2026-11-20T00:00:00.000,/events/2523946,A.N.I. | Aaron Hibell | Above & Beyond | Allen Watts | Talla 2XLC | Aly & Fila | Billy Gillies | Andy Moor | Animato | Artbat | Astrix | BK | BT | Matt Fax | Sean Tyas | Dash Berlin | David Rust | Eddie Halliwell | Judge Jules | Enrico Sangiuliano | Ferry Corsten | Marsh | Frankyeffe | Giorgia Angiuli | Hannah Laing | Marie Vaunt | Infected Mushroom | JOA (IT) | John Askew | Simon Patterson | KARMÅ | Kaufmann | Lee Ann Roberts | Marco V | Mauro Picotto | Nu Aspect | Panteros666 | Pegassi | Perfect Stranger | Schrotthagen | Sequence Six | Shay De Castro | Solarstone | Steve Dekay | Terra | TH;EN | The Rocketman | VisionV,The Queen Mary,Los Angeles,United States of America,https://images.ra.co/ac4ff8c0020596eba2154b7bca8fc6c827412ea5.png,"Los Angeles, United States of America",34.0536909,-118.242766,2026-08-29 00:10:44
Pegassi,Respira Primavera,2026-11-21T00:00:00.000,/events/2517698,I Hate Models | 6EJOU | 999999999 | ALT8 | Angerfist | Cloudy | Cleopard2000 | ECZODIA | KRUELTY | Leo Force | NIKOLINA_ | Pegassi | Reinier Zonneveld | Restricted | Serafina | Svetec | Vieze Asbak,Espacio Riesco Expo Centre,Santiago,Chile,https://images.ra.co/4bdc55f517a8737f98aa381d1b8bd8536cb9d75d.jpg,"Santiago, Chile",-33.4377756,-70.6504502,2026-08-21 00:22:24
Pegassi,"WHP presents: XXL, Manchester",2026-11-28T00:00:00.000,/events/2521666,2FEL | 4000 Hz | Alex Farell | MXGN | Anetha | Azyr | Bella Claxton | Kyle Starkey | Darren Styles | DJ Bax | DJ SWISHERMAN | ENFAN | Faster Horses | HANAA | IceLipzz | KimberlaID | KIRSTY | KUKO | Laze | KIRARA | Lolalita | MCR-T | Nanna Makina | MC Tazo | Nyra | Paul Seul | Krampf | Pegassi | Restricted | Samuel Moriero (2) | Stinny Stone | Trym | Vieze Asbak | Onlynumbers | Vladimir Dubyshkin | Winson | Yanamaste | Yasmin Regisford,Depot Mayfield,Manchester,United Kingdom,https://images.ra.co/97d76cf6248b90d81d1496e3475d57364ea2fcb9.png,"Manchester, United Kingdom",53.4794892,-2.2451148,2026-09-03 02:14:48
Pegassi,Pegassi - Australia 2026,2026-12-04T00:00:00.000,/events/2552304,Pegassi,The Wool Store,Melbourne,Australia,https://images.ra.co/e1853accecde057da19de67d83736aad1cc4edc6.jpg,"Melbourne, Australia",-37.8142454,144.9631732,2026-10-04 03:24:38
Pegassi,THE WORKS feat. Pegassi,2026-12-05T00:00:00.000,/events/2531674,Pegassi,Carriageworks,Sydney,Australia,https://images.ra.co/f3b1f47ec97690a7e3f6560631038f65087f931e.png,"Sydney, Australia",-33.8698439,151.2082848,2026-09-11 02:01:35
Peggy Gou,Head Trip Festival 2026,2026-10-10T00:00:00.000,/events/2391434,Calvin Harris | Swedish House Mafia | Skrillex | FISHER | Chris Lake | Peggy Gou | Four Tet | Dom Dolla | KETTAMA | Seth Troxler | Ben Sterling | The Blessed Madonna | DJ Harvey | Avalon Emerson | Ben UFO | Eris Drew | Octo Octa | Floating Points | Mad Professor | Theo Parrish,Empire Polo Club,Palm Springs,United States of America,https://images.ra.co/075dac9bef7577f44db5880a5ccf7e390b212b3f.png,"Palm Springs, United States of America",33.8246269,-116.540303,2026-09-27 02:32:55
Peggy Gou,WHP26 presents: Eat Your Own Ears,2026-11-21T00:00:00.000,/events/2521681,Peggy Gou | MPH (1) | Four Tet | Ben UFO | Hamdi | 4am Kru | Kaitlyn Aurelia Smith | Zuri | Brodinski | Slikback | Oppidan | DJ BORING | HAAi | The Avalanches | Chaos In The CBD | STRAWBRY | Larimae | Saint Ludo | p-rallel | ATRIP | RHR | Baalti | Flava D | Aletha | Chloé Robinson | Mount Kimbie | Josi Devil | IceMorph | Hekt | Anish Kumar | Hagop Tchaparian,Depot Mayfield,Manchester,United Kingdom,https://images.ra.co/f0bff53f7f32457e6c340a5e56e534ed4cfc7d9f.png,"Manchester, United Kingdom",53.4794892,-2.2451148,2026-09-03 02:14:48
Peggy Gou,CircoLoco CDMX,2026-11-28T00:00:00.000,/events/2534298,Aline Umber | ANOTR | Miguelle | TONS | Peggy Gou | Prospa | Rhadoo,TBA,Mexico City,Mexico,https://images.ra.co/fd1db7390b9c0460bb26c43cab1549d3405cddfa.jpg,"Mexico City, Mexico",19.4326296,-99.1331785,2026-09-11 02:01:35
Purple Disco Machine,Hocus Pocus 2026 ,2026-10-30T00:00:00.000,/events/2487710,ALISHA | Âme | ANNĒ | Apollonia | Arina Krondeva | ATRIP | Azzecca | Baauer | Berrakka | Bushbaby | Caleb Jackson | Cami di Marzo | camoufly | Cassian | Chase & Status | ChaseWest | Chloé Caillet | Cole Knight | Conducta | Danny Daze | Darco | DAX J | DJ BORING | DJ Seinfeld | Effy | Elad | Eli Escobar | Eric Prydz | Franky Rizardo | Chlär | Alarico | Generous B | Gorgon City | Hudson Mohawke | Inbal | Indira Paganotto | Jamie Jones | Jayda G | Jean Pierre | Jordan Brando | Joseph Capriati | Julya Karma | Kerri Chandler | Kevin Saunderson | Kiddo | Layton Giordani | Mall Grab | MALUGI | Marcel Dettmann | Marco Strous | Marte | Mary Droppinz | Matthew Dear | Meduza | Monoky (2) | Nicole Gallamini | Nora En Pure | Prospa | Purple Disco Machine | Quest | RAJE | Rooléh | RSquared | Salomé Le Chat | salute | Seth Troxler | Shir Miya | SIEGEL (2) | Sinopoli | Skream | SLAMM | slugg | Sol Ortega | Somewhen | Souls Departed | Special Request | The Chronics | Todd Edwards | Vitess | Will Renuart | William Kiss | X CLUB. | X-Coast | Yamagucci | Yanamaste,Factory Town,Miami,United States of America,https://images.ra.co/2da74af63ba8ed4198a16bf3f7c9c048b252b0bf.png,"Miami, United States of America",25.7741728,-80.19362,2026-08-07 01:25:24
Purple Disco Machine,"La Discothèque with Folamour, Dan Shake, Ron Trent, Jayda D",2026-11-13T00:00:00.000,/events/2496919,Purple Disco Machine | Folamour | Masters At Work | Louie Vega | Kenny Dope | Dan Shake | Jenna G | SIGGY | Ron Trent | Jayda G | Jennifer Loveless | Tarzsa | Dombresky | DJ Paulette | Heléna Star | Daisybelle,DRUMSHEDS,London,United Kingdom,https://images.ra.co/2e10c5c80695a5eb85fc3233d36aa977f7bfc5e9.png,"London, United Kingdom",51.5074456,-0.1277653,2026-08-29 00:10:44
Rampa,CircoLoco New York,2026-10-30T00:00:00.000,/events/2507236,&ME | Beltran | Carlita | Konstantin | Map.ache | Mochakk | Rampa | Seth Troxler,Brooklyn Storehouse,New York City,United States of America,https://images.ra.co/7e33635691c22fc02452ca8030f43fe59f910534.jpg,"New York City, United States of America",40.7127281,-74.0060152,2026-08-07 01:25:24
Rampa,Keinemusik Nairobi - 21 November 2026,2026-11-21T00:00:00.000,/events/2516588,Adam Port | &ME | Rampa,Uhuru Gardens,Nairobi,Kenya,https://images.ra.co/971dbfd1726eb2ca9a5d87df2d182901cfea07d1.png,"Nairobi, Kenya",-1.2890006,36.8172812,2026-08-21 00:22:24
Rampa,Factory Basel,2026-12-02T00:00:00.000,/events/2551502,Aline Umber | Ammo Avenue | ANNĒ | Annie Lew | Bastian Bux | Beltran | Ben Sterling | Broodoo Ramses | Cam Stockman | Carlita | ChaseWest | Chlär | Chloé Caillet | Chris Lake | Coffintexts | D.Dan | Dennis Ferrer | Dixon | DJ Holographic | DJ Minx | DJ TOOL | Eats Everything | Ferra Black | FLETCH | Franky Rizardo | GENNARO | Gordo | HAAi | HALFPINT | HoneyLuv | Jamback | Jay de Lys | Jesse Perez | Jimi Jules | Jubilee | Julian Fijma | Jyoty | Krol | Luciano | Luke Dean_ | Mai iachetti | Make A Dance | Malone | Mason Collective | Max Dean | Maxi Meraki | Miguelle | TONS | Mike Servito | Moorhaus | Omar+ | OMRI. | Paco Osuna | Palms Trax | Paula Tape | PAWSA | Pressure Point | Prospa | Rafael | Rampa | Rony Seikaly | Rossi | salute | Sedef Adasï | Seth Troxler | SHDW | Sister System | Solomun | TEED | The Martinez Brothers | Tommy Phillips | UNiiQU3 | Zack Fox,Factory Town,Miami,United States of America,https://images.ra.co/c3d316d5007712c67793ac156fb8de95bcb33ed3.jpg,"Miami, United States of America",25.7741728,-80.19362,2026-10-04 03:24:38
Rampa,Rampa,2026-12-30T00:00:00.000,/events/2517475,Rampa,Savaya Bali,Bali,Indonesia,https://images.ra.co/7fda0d6e66fd02851270349bb9895ed191b15098.jpg,"Bali, Indonesia",-8.2271303,115.1919203,2026-08-21 00:22:24
SAIDAH,"Intercell Lisbon with Pegassi, Partiboi69, SAIDAH ",2026-10-10T00:00:00.000,/events/2464046,Pegassi | Partiboi69 | SAIDAH | Nicolle Velcro | Djooke,Escala25,Lisbon,Portugal,https://images.ra.co/6e21a25e14243dd8c7dc5273c3cab586632f37f1.png,"Lisbon, Portugal",38.7077507,-9.1365919,2026-06-15 00:56:01
SAIDAH,GASHOUDER presents: Sammy Virji Curates [Sold Out],2026-10-24T00:00:00.000,/events/2464111,Sammy Virji | Rossi | RIRIA | SAIDAH | Sam Alfred,GASHOUDER,Amsterdam,Netherlands,https://images.ra.co/6c02d540e78e86d59d6507aaebf53b253373d30f.jpg,"Amsterdam, Netherlands",52.3730796,4.8924534,2026-09-14 02:15:55
SAIDAH,Intercell x Milion & SAIDAH Invites - ADE Closing,2026-10-25T00:00:00.000,/events/2473394,Milion | SAIDAH,H7 Warehouse,Amsterdam,Netherlands,https://images.ra.co/f9c14b329b58513c9de519d9862b1d0624c2fa99.jpg,"Amsterdam, Netherlands",52.3730796,4.8924534,2026-06-25 00:45:25
SAIDAH,Freaky Deaky Texas 2026,2026-10-30T00:00:00.000,/events/2444962,Mary Droppinz | Liquid Stranger | Hannah Laing | Interplanetary Criminal | DJ Heartstring | Flava D | BLONDEX | Bonnie | Clyde (2) | Costa (FR) | Faster Horses | IDEMI | JAZZY (2) | KLOUD | Nicolas Julian | Nikolina | Restricted | SAIDAH | Swimming Paul,Travis County Exposition Center,Austin,United States of America,https://images.ra.co/2d76f16c139fe5eed5fc63b435f8b6a2ea13c575.jpg,"Austin, United States of America",30.2711286,-97.7436995,2026-08-18 00:23:39
SAIDAH,"Elsewhere Halloween - Major League Djz, SAIDAH, D Stone, Ariel Lights b2b Sissy Elliott",2026-10-31T00:00:00.000,/events/2518593,Major League Djz | SAIDAH | D Stone | Sissy Elliott,Elsewhere,New York City,United States of America,https://images.ra.co/ee0c9a805e29f20cec61e6d322af14b3b5eb1db9.png,"New York City, United States of America",40.7127281,-74.0060152,2026-08-22 00:24:03
SAIDAH,KETTAMA presents Steel City Dance Discs,2026-11-06T00:00:00.000,/events/2500628,Partiboi69 | DJ Gigola | KETTAMA | Skin On Skin | Sam Alfred | Riordan | Robbie Doherty | Juicy Romance | Loods | DJ Carpenter | Ewan McVicar | DJ Heartstring | Tommy Holohan | SALOME | X CLUB. | Bella Claxton | Evian Christ | Daria Kolosova | Clouds | Minna-no-Kimochi | seretide | Vault | Didi Han | DART | Ma Sha | SAIDAH,Depot Mayfield,Manchester,United Kingdom,https://images.ra.co/0f44eb74fcb5ecc52eee5b75b236cb423f8cf23d.png,"Manchester, United Kingdom",53.4794892,-2.2451148,2026-07-31 00:42:03
SAIDAH,Modular Maassilo 2026,2026-11-14T00:00:00.000,/events/2479896,Dj Babatr | Gyatso | Interplanetary Criminal | LAMMER | Lisa Korver | LORI (NL) | M-High | Miguel De Bois | Milion | SAIDAH | Mischluft | OLIVIA LENSEN | Paige Tomlinson | Sunnysoposted,Maassilo,Rotterdam,Netherlands,https://images.ra.co/4407a8416cfd7fa02c0b374b8bb79208713d5a93.jpg,"Rotterdam, Netherlands",51.9244424,4.47775,2026-07-04 00:45:41
SAIDAH,Soenda Indoor Werkspoorkathedraal 2026,2026-11-21T00:00:00.000,/events/2474210,Benwal | Faster Horses | LAMMER | MALUGI | Olympe4000 | THELMA | SAIDAH | Schwesta P,Werkspoorkathedraal,All,Netherlands,https://images.ra.co/3687bfa05d96f212a0179ee896b06828f0e3f718.png,"Werkspoorkathedraal, Netherlands",52.1051377,5.0796795,2026-06-24 00:40:48
SAIDAH,Back To Base Fall Festival,2026-11-21T00:00:00.000,/events/2502546,DART | Diffrent | Itz3bby | S3PPA | SAIDAH | STÜM | Eva Vrijdag,TBA - Matilo Park,Rotterdam,Netherlands,https://images.ra.co/ce24aedce584616eadbd43ac778d4e140bfc2861.jpg,"Rotterdam, Netherlands",51.9244424,4.47775,2026-09-24 02:10:06
SAIDAH,Intercell Klokgebouw 2027,2027-01-30T00:00:00.000,/events/2554320,bebe bad | Benny Rodrigues | Benwal | Sam Alfred | Camille Doe | Gabriel Muñoz | DJ Gigola | PETERBLUE | Dr Dubplate | LAMMER | Lisa Korver | Megra | THELMA | Milion | Ned Bennett | PHIA | SAIDAH | Silva Bumpa,Klokgebouw,Eindhoven,Netherlands,https://images.ra.co/87a2cfefd3dc518a9d0df69196a5f206f59cd256.jpg,"Eindhoven, Netherlands",51.4392648,5.478633,2026-10-07 03:13:37
Sam Alfred,Routine: Sam Alfred,2026-10-09T00:00:00.000,/events/2518056,Sam Alfred,Substation,Seattle,United States of America,https://images.ra.co/3dcbc4299cadf4a7c0babc9f7c3ab28188144a01.jpg,"Seattle, United States of America",47.6038321,-122.330062,2026-08-21 00:22:24
Sam Alfred,III Points 2026,2026-10-16T00:00:00.000,/events/2428241,619! | 999999999 | AABEL | SIEGEL (2) | Adam Port | OMRI. | Ale Acosta | HAZÓN | ALEJO (US) | Alexx in Chainss | Aphex Twink | FORESEER | Artime | Mystic Bill | Ashley Venom | Souls Departed | B0YG1RL | Baby Jesus | CHAOS! | Bakke | Bassvictim | Beltran | Ben Sterling | Bill Patrick | Bort | Blood Orange | Bonita Applebumz | bozito | Gabo Escalona | Bricolage | DAY/DEM | Brunello | Rafael | Cami di Marzo | Charlotte de Witte | ChaseWest | Cloonee | Coffintexts | DJ Fuckoff | Cole Knight | Connan Mockasin | DJ D.Luxe | Daizy | Danny Brown | Danny Daze | DJ Godfather | Daphni | David Vunk | Dean Turnley | Deep Cleansing | DIFFER | DJ Harvey | DJ Ray (2) | EZ Dee | DJ SABI | GRUE5OME | DJ Three | Sister System | DomnRob | Dr. Rubinstein | Ultrathem | Duality (US) | gumthewrapper | Dude Skywalker | Eli Escobar | Jubilee | Elias Garcia | Mila Gama | eveava | JOVIGIBS | Extra Andrew | Mutant Pete | feph | Mr. Tron | Fiin | FiNE | FIUZA (MX) | Madison Kay | Floating Points | Flying Lotus | Four Tet | Generous B | Gio Elia | Meghan Lee | Grace Arribas | Marte | grant sabadash | Shir Miya | HAAi | Hamdi (UK) | Heidi Lawden | Honey Dijon | horsegiirL | Idriss D | Danyelino | Interplanetary Criminal | INVT | Ivy Lab | Jacques Greene | Jane Remover | Jason Rault | JBZ | Jeremy Ismael | Jinks | Romulo Del Castillo | Joanna Kuchta | Robyn Sin Love | Joss Dean | ¥ØU$UK€ ¥UK1MAT$U | Jump Source | Katie Ox | Nat Siriani | Kelela | KETTAMA | KI/KI | KinAhau | KUJO (US) | RARA (US) | Kumi | La BB | Lady Narcisse | Racci | Lotusoph | Julia Saturno | Loukeman | Lousy Lover | Lupreme | SANTO | Pezlo MD | Machine Girl | Maher Daniel | Malone | Mango | Marco Carola | Franky Rizardo | Marie Qrie | Viva Vidal | Marsolo | Mary Droppinz | Max Dean | Luke Dean_ | Max Styler | Vintage Culture | MEGUSTA | Miguel Clark | Naim Zarzour | Saraga | x3butterfly | Milo Ziro | Xilla | Monoky (2) | Moscoman | MPH (1) | Mr. Bitch | Natalia Roth | Max Stern | Nicholas G. Padilla | Nick León | Safety Trance | Nicole Gallamini | Nikita Green | Nii Tei | oma totem | True Vine | p1no | Trippie Hippie (US) | Patch+ | PAWSA | Peach | Shanti Celeste | phiphi | Winter Wrong | Pressure Point (US) | Berrakka | PROLETAR | Puma (US) | Purity Ring | R/V Calypso | RAJE | slugg | Rebolledo | Red Axes | Rello | Rimaye | Inbal | Roman Flügel | RUDE BOY (US) | SDRV | Sam Alfred | SATURNSARii | Suz | Sel.6 | serafitz | Seth Troxler | Shinobi | Silvie Loto | Ms. Mada | Sosa | Spice Crime | Violeta | Sunn O))) | Terence Tabeau | Tiffy Vera | Thunderpony | Tiga | Tokischa | Tricky | Uchi | Underworld | v1fro | vsyana | VTSS | Whitesquare | Will Buck | Taimur | Will Renuart | YHWH Nailgun | ZEP (NL),Mana Wynwood,Miami,United States of America,https://images.ra.co/6aa1f53c55107b226c4a2d93932f524848c0ba48.png,"Miami, United States of America",25.7741728,-80.19362,2026-08-20 00:22:51
Sam Alfred,III Points Satellite Party: ZEYZEY - Under the Banyan Tree,2026-10-18T00:00:00.000,/events/2548961,Interplanetary Criminal | Sam Alfred | Jubilee | Carozilla | DB Cooper,ZeyZey,Miami,United States of America,https://images.ra.co/189b02267d900e96b92c179c4c61602967a1170a.jpg,"Miami, United States of America",25.7741728,-80.19362,2026-10-01 03:03:35
Sam Alfred,20 years of The Warehouse Project,2026-10-22T00:00:00.000,/events/2526144,Merel Helderman | PHIA | RIRIA | Ryota (JP) | Ewan McVicar | Special Request | Luke Alessi | Sam Alfred,Shelter Amsterdam,Amsterdam,Netherlands,https://images.ra.co/696783f80a69076f0fbb080e7f319919f430c3c0.jpg,"Amsterdam, Netherlands",52.3730796,4.8924534,2026-09-12 02:05:18
Sam Alfred,ZeeZout ADE - Friday Daytime,2026-10-23T00:00:00.000,/events/2495393,CARISTA | DjRUM | Eris Drew | Octo Octa | Identified Patient | Ineffekt | Jyoty | Laura Meester | RIRIA | Sam Alfred | Two Shell,Het Rijk van de Keizer,Amsterdam,Netherlands,https://images.ra.co/ac7d68280f2d45e264f1ad1853ffb71f77a9e2c7.png,"Amsterdam, Netherlands",52.3730796,4.8924534,2026-07-23 00:41:14
Sam Alfred,Into the Woods ADE 2026,2026-10-23T00:00:00.000,/events/2297501,AAT (NL) | ANNĒ | Antal | Danilo Plessow | Bevan | BIIA | Bloom | Boss Priester | Budakid | Clara Cuvé | Cynthia Spiering | davyboi | Deer Jade | DIØN | DJ BORING | ELIF | Emmz | Faisal | Freddi | future.666 | Gaskin | Héctor Oaks | Itz3bby | Jackyboom | Jazz Dalia | Jyoty | Kamma | Kyle Starkey | LAMSI | LB aka LABAT | Lisa Korver | Locklead | Lori (1) | L.P. Rhythm | Marsolo | Natalie Robinson | Obskur | Olive F | ØTTA | PARAMIDA | Passion DEEZ | ROD | stranger (NL) | Sam Alfred | Sidney Charles | Sinca | Skin On Skin | swim | Weval | Young Marco,Ndsm Wharf,Amsterdam,Netherlands,https://images.ra.co/1217e0599ec937748a2c5fbaccf697f60ad48422.jpg,"Amsterdam, Netherlands",52.3730796,4.8924534,2026-06-17 00:52:18
Sam Alfred,GASHOUDER presents: Sammy Virji Curates [Sold Out],2026-10-24T00:00:00.000,/events/2464111,Sammy Virji | Rossi | RIRIA | SAIDAH | Sam Alfred,GASHOUDER,Amsterdam,Netherlands,https://images.ra.co/6c02d540e78e86d59d6507aaebf53b253373d30f.jpg,"Amsterdam, Netherlands",52.3730796,4.8924534,2026-09-14 02:15:55
Sam Alfred,FLY Halloween - Edinburgh,2026-10-31T00:00:00.000,/events/2548367,Gaskin | Sidney Charles | Sam Alfred | Club Angel | Laidlaw | Nadia Summer | ARWEN,The Liquid Room,Edinburgh,United Kingdom,https://images.ra.co/a3eec806fc4af58eada602aa199c83d9ccc80b7b.png,"Edinburgh, United Kingdom",55.9533456,-3.1883749,2026-10-01 03:03:35
Sam Alfred,KETTAMA presents Steel City Dance Discs,2026-11-06T00:00:00.000,/events/2500628,Partiboi69 | DJ Gigola | KETTAMA | Skin On Skin | Sam Alfred | Riordan | Robbie Doherty | Juicy Romance | Loods | DJ Carpenter | Ewan McVicar | DJ Heartstring | Tommy Holohan | SALOME | X CLUB. | Bella Claxton | Evian Christ | Daria Kolosova | Clouds | Minna-no-Kimochi | seretide | Vault | Didi Han | DART | Ma Sha | SAIDAH,Depot Mayfield,Manchester,United Kingdom,https://images.ra.co/0f44eb74fcb5ecc52eee5b75b236cb423f8cf23d.png,"Manchester, United Kingdom",53.4794892,-2.2451148,2026-07-31 00:42:03
Sam Alfred,Intercell Ghent,2026-11-11T00:00:00.000,/events/2528579,Ava Eva | Bibi Seck | Fafi Abdel Nour | Ned Bennett | Palms Trax | Sam Alfred,TBA - Ghent,Ghent,Belgium,https://images.ra.co/bef5f2d8c34cb40aba933f80a7a0f7f55385547c.jpg,"Ghent, Belgium",51.0538286,3.7250121,2026-09-04 02:15:44
Sam Alfred,"FABRICLIVE: Club Opp - Oppidan, Sam Alfred, Royal-T, Ghoulish, ESC, Napes & Toby Ross",2026-11-13T00:00:00.000,/events/2476972,Oppidan | Sam Alfred | Royal-T | REA (AL) | Ghoulish | ESC (5) | Napes | Toby Ross,fabric,London,United Kingdom,https://images.ra.co/e376bb6caa8cd9d3258b598ed6cb88eabbc0389a.jpg,"London, United Kingdom",51.5074456,-0.1277653,2026-09-19 02:28:10
Sam Alfred,FLY - DJ BORING & Sam Alfred,2026-11-19T00:00:00.000,/events/2549613,DJ BORING | Sam Alfred,Sub Club,Glasgow,United Kingdom,https://images.ra.co/dac3753b25d2cb89c03466619edb181644f114c0.jpg,"Glasgow, United Kingdom",55.861155,-4.2501687,2026-10-01 03:03:35
Sam Alfred,SHINE -- Sam Alfred,2026-11-27T00:00:00.000,/events/2545812,Sam Alfred,The Limelight,Belfast,United Kingdom,https://cdn.sanity.io/images/6epsemdp/production/b7d83a32bba8e46b37bc22edd92ed71cef47b091-1920x1280.jpg?w=640&fit=clip&auto=format,"Belfast, United Kingdom",54.596391,-5.9301829,2026-09-27 02:32:55
Sam Alfred,Radar Festival Perth,2026-12-28T00:00:00.000,/events/2534055,AK SPORTS | Azyr | Bella Claxton | Boys Noize | Carla Martinez | Club Angel | DJ Seinfeld | Emma Moon | Faster Horses | Juicy Romance | Julian Fijma | Locky | Ned Bennett | Osmosis Jones | Partiboi69 | Riordan | salute | Sam Alfred | Soul Mass Transit System | southstar | Tommy Holohan,Langley Park,Perth,Australia,https://cdn.sanity.io/images/6epsemdp/production/b7d83a32bba8e46b37bc22edd92ed71cef47b091-1920x1280.jpg?w=640&fit=clip&auto=format,"Perth, Australia",-31.9558933,115.8605855,2026-09-11 02:01:35
Sam Alfred,Lost Paradise 2026,2026-12-28T00:00:00.000,/events/2491206,John Summit | Skepta | KI/KI | Overmono | Armand Van Helden | Nia Archives | Ewan McVicar | Sam Alfred | Rossi | Partiboi69 | Benwal | Caleb Jackson | Chaos In The CBD | dameeeela | DART | Dean Turnley | DJ Seinfeld | Drifting Clouds | Flava D | Hamdi | Harry Hayes | Helena Lauwaert | Hot Dub Time Machine | Jamback | James Pepper | Baron Von Trax | Jayda G | Job Jobse | Kirollus | Kyle Starkey | Loods | Luuk van Dijk | Mella Dee | Memphis LK | Ned Bennett | Luke Alessi | Jordan Brando | William Kiss | Osmosis Jones | Pretty Girl | Riordan | Saint Ludo | salute | Soul Mass Transit System | Stacie Fields | Supergloss | Tommy Holohan | Willo | Bella Backe | Callyy | Casual P | Couch Mechanic | DJ MACARONI | Elijah Something | GMOZ | Jacqui Cunningham | Lily FM | Mash (2) | Harley Ferris | Mimi J | PARTIGIRL | Sasha Milani | Sim Select | zacattacq,Glenworth Valley,Sydney,Australia,https://images.ra.co/7ea5261c8d409c341b715c39ed784a89a92a17db.jpg,"Sydney, Australia",-33.8698439,151.2082848,2026-07-29 00:29:15
Sam Alfred,Radar Festival Brisbane,2027-01-02T00:00:00.000,/events/2534060,AK SPORTS | Bella Claxton | Boys Noize | Carla Martinez | Club Angel | DJ Seinfeld | Emma Moon | Faster Horses | Juicy Romance | Julian Fijma | Locky | Osmosis Jones | Partiboi69 | Riordan | salute | Sam Alfred | Soul Mass Transit System | southstar | Tommy Holohan,Superordinary,Brisbane,Australia,https://images.ra.co/1c6a678d844b2d149381777281d20ce6b8af6447.jpg,"Brisbane, Australia",-27.4689682,153.0234991,2026-09-11 02:01:35
Sam Alfred,THE WORKS [JAN 7] feat. Sam Alfred b2b Job Jobse,2027-01-07T00:00:00.000,/events/2531685,Sam Alfred | Job Jobse,Carriageworks,Sydney,Australia,https://images.ra.co/a8f7f75ff654d2129ccef5ea1bda81d5f8c60838.png,"Sydney, Australia",-33.8698439,151.2082848,2026-09-11 02:01:35
Sam Alfred,Sam Alfred b2b Job Jobse - Melbourne,2027-01-08T00:00:00.000,/events/2550471,Sam Alfred | Job Jobse,The Wool Store,Melbourne,Australia,https://images.ra.co/de07ae62095d856afca630eaacdb9dab3b6addf2.png,"Melbourne, Australia",-37.8142454,144.9631732,2026-10-01 03:03:35
Sam Alfred,Intercell Klokgebouw 2027,2027-01-30T00:00:00.000,/events/2554320,bebe bad | Benny Rodrigues | Benwal | Sam Alfred | Camille Doe | Gabriel Muñoz | DJ Gigola | PETERBLUE | Dr Dubplate | LAMMER | Lisa Korver | Megra | THELMA | Milion | Ned Bennett | PHIA | SAIDAH | Silva Bumpa,Klokgebouw,Eindhoven,Netherlands,https://images.ra.co/87a2cfefd3dc518a9d0df69196a5f206f59cd256.jpg,"Eindhoven, Netherlands",51.4392648,5.478633,2026-10-07 03:13:37
Sammy Virji,"LED presents Sammy Virji with Joy Anonymous, Baby J, Sweet Like Chocolate. + Jana Tokunaga",2026-10-17T00:00:00.000,/events/2510902,Sammy Virji | Baby J (2) | Sweet Like Chocolate,Gallagher Square,San Diego,United States of America,https://images.ra.co/eda5f07d4a910078e3b4bbf91fbbaf024d8a6b99.jpg,"San Diego, United States of America",32.7174202,-117.162772,2026-09-19 02:28:10
Sammy Virji,THE LOFT presents: Sammy Virji B2B Mochakk,2026-10-23T00:00:00.000,/events/2554482,Sammy Virji | Mochakk,The Loft Amsterdam,Amsterdam,Netherlands,https://cdn.sanity.io/images/6epsemdp/production/b7d83a32bba8e46b37bc22edd92ed71cef47b091-1920x1280.jpg?w=640&fit=clip&auto=format,"Amsterdam, Netherlands",52.3730796,4.8924534,2026-10-07 03:13:37
Sammy Virji,GASHOUDER presents: Sammy Virji Curates [Sold Out],2026-10-24T00:00:00.000,/events/2464111,Sammy Virji | Rossi | RIRIA | SAIDAH | Sam Alfred,GASHOUDER,Amsterdam,Netherlands,https://images.ra.co/6c02d540e78e86d59d6507aaebf53b253373d30f.jpg,"Amsterdam, Netherlands",52.3730796,4.8924534,2026-09-14 02:15:55
Sammy Virji,Sammy Virji,2026-11-13T00:00:00.000,/events/2464380,Sammy Virji | Sam Gellaitry | Saint Ludo,Cow Palace,San Francisco/Oakland,United States of America,https://images.ra.co/b12e90d394128d8c538d117d7f62048598641e42.jpg,"San Francisco/Oakland, United States of America",37.79713724477815,-122.37900765709006,2026-06-15 00:56:01
Sammy Virji,We Belong Here: New Orleans,2026-11-13T00:00:00.000,/events/2447256,ODESZA | Carl Cox | Steve Angello | Sammy Virji | BLOND:ISH | Max Styler | Andre Power | ChaseWest | Coco & Breezy | Marshall Jefferson | Robbie Doherty | Simon Doty | Supertaste,Woldenberg Riverfront Park,New Orleans,United States of America,https://images.ra.co/5b518f3bd9fcee8a4028eaa360982359e27aa03e.jpg,"New Orleans, United States of America",29.9574657,-90.0629493,2026-06-09 00:42:50
Silva Bumpa,SHINE -- Silva Bumpa,2026-10-09T00:00:00.000,/events/2497573,Silva Bumpa,The Limelight,Belfast,United Kingdom,https://images.ra.co/fab084cdbf40d9d0b81b5b609fe08836ec90e726.jpg,"Belfast, United Kingdom",54.596391,-5.9301829,2026-07-29 00:29:15
Silva Bumpa,FLY | Silva Bumpa | Glasgow,2026-10-10T00:00:00.000,/events/2503044,Silva Bumpa,SWG3,Glasgow,United Kingdom,https://images.ra.co/bc68810dc3c6e2816bfd1c91ec8555f9992154a7.jpg,"Glasgow, United Kingdom",55.861155,-4.2501687,2026-08-05 00:42:06
Silva Bumpa,Interplanetary Criminal presents,2026-10-10T00:00:00.000,/events/2425980,Anz | Bakey | bullet tooth | Camille Doe | Club Angel | DJ Cosworth | DJ Seinfeld | Dr Dubplate | Faster Horses | HAAi | Helena Lauwaert | Interplanetary Criminal | Joy Orbison | Jyoty | La La | Larishka | Lauren Lo Sung | Lewis Taylor | Main Phase | MALUGI | Notion | Oldboy | Osmosis Jones | Prozak (IRL) | Silva Bumpa | Skin On Skin,Depot Mayfield,Manchester,United Kingdom,https://images.ra.co/692ad66fdcdf315000394f628f7698c2219cde34.png,"Manchester, United Kingdom",53.4794892,-2.2451148,2026-04-30 00:41:18
Silva Bumpa,Silva Bumpa / Gerardo Niva / Emi Koto,2026-10-15T00:00:00.000,/events/2494380,Silva Bumpa | Gerardo Niva | Emi Koto,Mondo,Madrid,Spain,https://images.ra.co/a32411d0ce7302755f567c7cfb11f07b15e9bb5c.jpg,"Madrid, Spain",40.4167047,-3.7035825,2026-08-20 00:22:51
Silva Bumpa,Silva Bumpa · Laidlaw · Alvva / PRADA2000 · VIVAY,2026-10-16T00:00:00.000,/events/2503145,Silva Bumpa | Laidlaw | Alvva | PRADA2000 | VIVAY,Nitsa Club,Barcelona,Spain,https://images.ra.co/7dc4d2a5b1f5631f35dca9b8c246db783f3d213b.jpg,"Barcelona, Spain",41.3828939,2.1774322,2026-09-25 02:24:57
Silva Bumpa,Intercell x Silva Bumpa pres. STERLING - ADE By Night,2026-10-22T00:00:00.000,/events/2538514,Kepler | Laura Meester | Prozak (IRL) | Soul Mass Transit System | Silva Bumpa,Levenslang Amsterdam,Amsterdam,Netherlands,https://images.ra.co/29b09ec6cca4e124777d06ab2d83260ef66c2076.jpg,"Amsterdam, Netherlands",52.3730796,4.8924534,2026-09-19 02:28:10
Silva Bumpa,Silva Bumpa - ADE,2026-10-23T00:00:00.000,/events/2539803,Silva Bumpa,Paradiso,Amsterdam,Netherlands,https://images.ra.co/fad1799c4636c8c5c48294a17591cf8711af667f.jpg,"Amsterdam, Netherlands",52.3730796,4.8924534,2026-09-19 02:28:10
Silva Bumpa,"Club — Silva Bumpa, Scolcab, Lespol b2b Unsho, NOON",2026-10-30T00:00:00.000,/events/2540498,Silva Bumpa | Unsho | Halfpipe Records | NOON,Badaboum,Paris,France,https://images.ra.co/a76f2f8664a5e061728d3822ee1ded40fac25194.png,"Paris, France",48.8588897,2.3200410217200766,2026-09-24 02:10:06
Silva Bumpa,Fuse presents: Silva Bumpa,2026-10-31T00:00:00.000,/events/2500724,Silva Bumpa | DJ Cosworth | Jhobei | Catalina,Fuse,Brussels,Belgium,https://images.ra.co/412211f3f3658c8258036c7d101ef90b006a2c7b.jpg,"Brussels, Belgium",50.8465573,4.351697,2026-07-31 00:42:03
Silva Bumpa,One22 Pres. Silva Bumpa,2026-11-19T00:00:00.000,/events/2528213,Silva Bumpa,One22,Canberra,Australia,https://images.ra.co/e257e0cd4c931abaf4d82ef4463df2cd4e5e2a03.jpg,"Canberra, Australia",-35.2975906,149.1012676,2026-09-04 02:15:44
Silva Bumpa,Silva Bumpa - SYD - Liberty Hall COURTS,2026-11-21T00:00:00.000,/events/2475794,Silva Bumpa,Liberty Hall,Sydney,Australia,https://images.ra.co/1af0176d08f0ab58bc10d539e338501377e89d55.jpg,"Sydney, Australia",-33.8698439,151.2082848,2026-06-26 00:50:07
Silva Bumpa,STERLING W/ Silva Bumpa (AFTER PARTY) - SYDNEY - Liberty Hall,2026-11-21T00:00:00.000,/events/2482039,Silva Bumpa,Liberty Hall,Sydney,Australia,https://images.ra.co/3d184cdc71adf32098fcd22fa658ed8633312dcb.png,"Sydney, Australia",-33.8698439,151.2082848,2026-07-04 00:45:41
Silva Bumpa,SILVA BUMPA,2026-11-22T00:00:00.000,/events/2549384,Silva Bumpa,Ice Cream Factory,Perth,Australia,https://images.ra.co/5185d8f3160d98116cd0f364f3f3697fc472c0cf.png,"Perth, Australia",-31.9558933,115.8605855,2026-10-01 03:03:35
Silva Bumpa,Silva Bumpa,2026-11-27T00:00:00.000,/events/2545081,Silva Bumpa,Circus Osaka,Osaka,Japan,https://images.ra.co/c6cf7802433b3ae20aa48dba12a16c08792abc8d.jpg,"Osaka, Japan",34.6937569,135.5014539,2026-09-27 02:32:55
Silva Bumpa,Silva Bumpa,2026-11-28T00:00:00.000,/events/2545088,Silva Bumpa,Circus Tokyo,Tokyo,Japan,https://images.ra.co/1d4f2b1b1bd0b9a4a6374792364b7ba6c0585ac8.jpg,"Tokyo, Japan",35.6768601,139.7638947,2026-09-27 02:32:55
Silva Bumpa,WHP presents: Silva Bumpa - Sterling [Concourse Only],2026-12-18T00:00:00.000,/events/2531672,Silva Bumpa | Reeshy | Renceau,Depot Mayfield,Manchester,United Kingdom,https://images.ra.co/fa548a37f5f9b8fe6fe930b3b68dcc247b994ddd.png,"Manchester, United Kingdom",53.4794892,-2.2451148,2026-09-11 02:01:35
Silva Bumpa,Groove Cruise,2027-01-21T00:00:00.000,/events/2437939,Adam Beyer | Eli Brown | KETTAMA | Amy Wiles | Anabel Englund | Anthony Attalla | Bella Renee | Deeper Purpose | Dimibo | Ely Oaks | Gravagerz | Jackie Hollander | Joshwa (IT) | Leena Punks | Luke Alexander | Marco Faraone | Marco Strous | Marie Vaunt | Markus Schulz | Maxinne | MPH (1) | Pretty Pink | RaeCola | Ranger Trucco | Rinaly | Sam Feldt | Silva Bumpa | Space 92 | Tini Gessler | Alley Kay | AMPRS&ND | DEEPFAKE | Doc Brown | Dose | Eskuche | Luccio | Romeo | Scooter | Scotty Boy | Sebastian Morxx | The Brothers Grim,Royal Caribbean Cruise Ship,Miami,United States of America,https://images.ra.co/356d953432946a3c97d27ddc6907d72de4bfc9f2.png,"Miami, United States of America",25.7741728,-80.19362,2026-05-09 00:44:30
Silva Bumpa,Intercell Klokgebouw 2027,2027-01-30T00:00:00.000,/events/2554320,bebe bad | Benny Rodrigues | Benwal | Sam Alfred | Camille Doe | Gabriel Muñoz | DJ Gigola | PETERBLUE | Dr Dubplate | LAMMER | Lisa Korver | Megra | THELMA | Milion | Ned Bennett | PHIA | SAIDAH | Silva Bumpa,Klokgebouw,Eindhoven,Netherlands,https://images.ra.co/87a2cfefd3dc518a9d0df69196a5f206f59cd256.jpg,"Eindhoven, Netherlands",51.4392648,5.478633,2026-10-07 03:13:37
sim0ne,Teletech Closing Party,2026-10-08T00:00:00.000,/events/2397459,Bella Claxton | Benwal | blk. | Winson | Clara Cuvé | Kyle Starkey | Paige Tomlinson | Morgan Seatree | Faster Horses | sim0ne | SPFDJ | EMILIJA | Vieze Asbak,Amnesia Ibiza,Ibiza,Spain,https://images.ra.co/f36fa0974df13233f503cc7a95e3eea57f1f5b41.jpg,"Ibiza, Spain",38.974390099999994,1.4197463178515335,2026-08-27 01:29:07
sim0ne,Brunch Electronik Malaga WEEKENDER 10/11OCTUBRE 2026,2026-10-10T00:00:00.000,/events/2513573,Adam Beyer | Alex Now | Alycia Bezgo | sim0ne | Boys Noize | De La Swing | Denis Horvat | Fhiga | PÜCH | Francisco Allendes | fumi (DE) | SHDW | GIØ (1) | GNRØ | Héctor Oaks | INTERVALO | Locati | Joseph Capriati | Josh Baker | Karretero | Kobosil | Loco Dice | LSDXOXO | Manda Moor | Marco Faraone | Miguel Payda | Patrick Mason | SALOME | SANTØS | SKALA | Tham | VICTORIA WHYNOT,Auditorio Málaga Cortijo de Torres,South,Spain,https://images.ra.co/50b56bb177152f083820aee94342151ad55e6925.png,"Auditorio Málaga Cortijo de Torres, Spain",36.7213028,-4.4216366,2026-09-19 02:28:10
sim0ne,sim0ne hosted by EAR\WAX halloween night + afterhours,2026-10-31T00:00:00.000,/events/2504316,sim0ne,Q35 WAREHOUSE,Turin,Italy,https://images.ra.co/50f1f9a9738ce796fbdf8f9a963f328aa1971961.jpg,"Turin, Italy",45.0677551,7.6824892,2026-08-05 00:42:06
sim0ne,"sim0ne pres. club zer0 @ The Cause, London",2026-11-13T00:00:00.000,/events/2470577,sim0ne | Hiroko Yamamura | DJ Sarah Bonito | Princess Elf Bar,The Cause,London,United Kingdom,https://images.ra.co/2ad8cba7d384b9a3d1c78ab8a5dd3cd7f35ce199.jpg,"London, United Kingdom",51.5074456,-0.1277653,2026-06-26 00:50:07
sim0ne,A3 Festival 2026,2026-11-27T00:00:00.000,/events/2434541,"Andre Zimmer | ANNĒ | Ben Sterling | Bibi Seck | Blasha & Allatt | Bushbaby | DINA | DJ ALI | DJ Luv You | Ed Kent | Hannah D | Gumm | Hasvat Informant | Inafekt | IN2POL | IsGwan | JakoJako | Josh Heywood | Kerri Chandler | Lacchesi | Lewis Taylor | LF SYSTEM | Lucas Boston | Luke Alessi | Luke Dean_ | Max Dean | Mikalah Watego | Milion | Morgan Seatree | NewTone | Nina Kraviz | Olivia Mendez | Omar+ | Osmosis Jones | Philippa Pacho | Rene Wise | RONA. | SHDW | sim0ne | Skin On Skin | STÜM | THELMA | VTSS | AKEYLAH | dozie (uk) | B2BLOVE | Love, Jess | J-OK | Kailyn Crabbe | Shanti | SNAXX | STAFFY",Lardner Park,Melbourne,Australia,https://images.ra.co/510ad56d6b23c15e1a55038ef5fb9cd8d0f4b8df.jpg,"Melbourne, Australia",-37.8142454,144.9631732,2026-05-21 00:46:47
sim0ne,sim0ne - METRO THEATRE - SYD,2026-12-05T00:00:00.000,/events/2473041,sim0ne,The Metro Theatre,Sydney,Australia,https://images.ra.co/8e51a96d90368ea6bf72a90a7c7e41755e01a798.png,"Sydney, Australia",-33.8698439,151.2082848,2026-06-24 00:40:48
sim0ne,FLY - sim0ne - Glasgow,2026-12-17T00:00:00.000,/events/2471278,sim0ne,Sub Club,Glasgow,United Kingdom,https://images.ra.co/4044e1ae61adb026486b9a9c486d3665216df961.jpg,"Glasgow, United Kingdom",55.861155,-4.2501687,2026-07-04 00:45:41
sim0ne,FLY - sim0ne - Edinburgh,2026-12-18T00:00:00.000,/events/2471335,sim0ne,Cabaret Voltaire,Edinburgh,United Kingdom,https://images.ra.co/4044e1ae61adb026486b9a9c486d3665216df961.jpg,"Edinburgh, United Kingdom",55.9533456,-3.1883749,2026-07-04 00:45:41
sim0ne,FLY - sim0ne - Aberdeen,2026-12-19T00:00:00.000,/events/2471287,sim0ne,Unit 51,Aberdeen,United Kingdom,https://images.ra.co/7b59e30ded6478ba1c72b87a3a103b1173a225ba.jpg,"Aberdeen, United Kingdom",57.1482429,-2.0928095,2026-07-04 00:45:41
sim0ne,Countdown NYE,2026-12-31T00:00:00.000,/events/2543460,Alesso | Archie Hamilton | ARLO (UK) | Borne (US) | Bushbaby | DJ GUESTLIST | DJ Snake | Esse | Flosstradamus | Gordo | GRAVEDGR | James Hype (UK) | Joshwa (IT) | KHROME | KLOUD | LAVERN | Matroda | Mija | sim0ne | Noise Mafia | Oliver Heldens | R3hab | Ranger Trucco | Rinzen | Seven Lions | Tchami | TOBEHONEST | TOKiMONSTA | TroyBoi | Walker & Royce,NOS Event Center,Los Angeles,United States of America,https://images.ra.co/0879b86f0135fcfcf5eb8d1d06a163750cd18d59.png,"Los Angeles, United States of America",34.0536909,-118.242766,2026-09-24 02:10:06
Skrillex,Head Trip Festival 2026,2026-10-10T00:00:00.000,/events/2391434,Calvin Harris | Swedish House Mafia | Skrillex | FISHER | Chris Lake | Peggy Gou | Four Tet | Dom Dolla | KETTAMA | Seth Troxler | Ben Sterling | The Blessed Madonna | DJ Harvey | Avalon Emerson | Ben UFO | Eris Drew | Octo Octa | Floating Points | Mad Professor | Theo Parrish,Empire Polo Club,Palm Springs,United States of America,https://images.ra.co/075dac9bef7577f44db5880a5ccf7e390b212b3f.png,"Palm Springs, United States of America",33.8246269,-116.540303,2026-03-12 00:27:26
Solomun,Solomun - La Estación Córdoba - ALLMusicParties ,2026-10-23T00:00:00.000,/events/2488003,Solomun,"TBA - La Estacion, Cordoba",All,Argentina,https://images.ra.co/ea67fac3a61e5da0e0a8adc4ba3f87330ec145cd.png,"TBA - La Estacion, Cordoba, Argentina",-34.9964963,-64.9672817,2026-09-11 02:01:35
Solomun,Street Machine presents: Solomun,2026-10-30T00:00:00.000,/events/2532211,Solomun,Espacio Riesco Expo Centre,Santiago,Chile,https://images.ra.co/2084f780f36a5171c3a89710cf3c8be9a5f905bf.jpg,"Santiago, Chile",-33.4377756,-70.6504502,2026-09-11 02:01:35
Solomun,Factory Basel,2026-12-02T00:00:00.000,/events/2551502,Aline Umber | Ammo Avenue | ANNĒ | Annie Lew | Bastian Bux | Beltran | Ben Sterling | Broodoo Ramses | Cam Stockman | Carlita | ChaseWest | Chlär | Chloé Caillet | Chris Lake | Coffintexts | D.Dan | Dennis Ferrer | Dixon | DJ Holographic | DJ Minx | DJ TOOL | Eats Everything | Ferra Black | FLETCH | Franky Rizardo | GENNARO | Gordo | HAAi | HALFPINT | HoneyLuv | Jamback | Jay de Lys | Jesse Perez | Jimi Jules | Jubilee | Julian Fijma | Jyoty | Krol | Luciano | Luke Dean_ | Mai iachetti | Make A Dance | Malone | Mason Collective | Max Dean | Maxi Meraki | Miguelle | TONS | Mike Servito | Moorhaus | Omar+ | OMRI. | Paco Osuna | Palms Trax | Paula Tape | PAWSA | Pressure Point | Prospa | Rafael | Rampa | Rony Seikaly | Rossi | salute | Sedef Adasï | Seth Troxler | SHDW | Sister System | Solomun | TEED | The Martinez Brothers | Tommy Phillips | UNiiQU3 | Zack Fox,Factory Town,Miami,United States of America,https://images.ra.co/c3d316d5007712c67793ac156fb8de95bcb33ed3.jpg,"Miami, United States of America",25.7741728,-80.19362,2026-10-04 03:24:38
Solomun,Solomun - MUTE,2027-01-02T00:00:00.000,/events/2553945,Solomun,Mute Beach,Buenos Aires,Argentina,https://images.ra.co/58ea92540c5c6486f37b0fd6e1b0eace6f87bd9e.png,"Buenos Aires, Argentina",-34.6083696,-58.4440583,2026-10-07 03:13:37
southstar,Awakenings ADE - Sunday Sessions,2026-10-25T00:00:00.000,/events/2479118,Benwal | DJ Heartstring | DJ Gigola | Pegassi | Helena Lauwaert | southstar,Sugarfactory,Amsterdam,Netherlands,https://images.ra.co/a31949d7b761f063378670b56b06a30ee5d4fd1d.png,"Amsterdam, Netherlands",52.3730796,4.8924534,2026-09-19 02:28:10
southstar,southstar,2026-11-20T00:00:00.000,/events/2505578,southstar,EXIL,Zurich,Switzerland,https://images.ra.co/e154a39e5c2e0423588ce4cbb8a038aaccca51c4.jpg,"Zurich, Switzerland",47.3744489,8.5410422,2026-08-05 00:42:06
southstar,Time Warp Los Angeles 2026,2026-11-27T00:00:00.000,/events/2512911,Ben Klock | Blawan | Elli Acula | Chlär | Cloudy | Colored Craig | D.Dan | Freddy K | Dennis Ferrer | Skream | DESIREE (RSA) | East End Dubs | fun2bjane | Funk Tribu | Gerd Janson | Julya Karma | HAAi | Heidi Lawden | Masha Mar | Helena Hauff | Juliana Huxtable | INVT | John Bryars | Loco Dice | Luuk van Dijk | The Martinez Brothers | NOVAH | ONYVAA | Ønyx | ØTTA | Quest (IT) | Ryan Elliott | Richie Hawtin | Rødhåd | SOSA (UK) | southstar | SPFDJ | TOCCORORO | Tiga,Ace*Mission Studios,Los Angeles,United States of America,https://images.ra.co/dd687e1f42da407b708fc69763e4ef20da1280da.png,"Los Angeles, United States of America",34.0536909,-118.242766,2026-10-01 03:03:35
southstar,Awakenings EXO - Colombia,2026-12-04T00:00:00.000,/events/2543925,Abstract Division | Adriana Lopez | Confidential Recipe | Diossa | DJ Gigola | Ellen Allien | Enrico Sangiuliano | Frederic. | Indira Paganotto | KI/KI | Len Faki | Planetary Assault Systems | southstar | ValaV,Coliseo Medplus,Bogotá,Colombia,https://images.ra.co/990bb38f475affad9c1b4ebad93d84f996277e71.png,"Bogotá, Colombia",4.711011,-74.0720917,2026-10-01 03:03:35
southstar,Radar Festival Perth,2026-12-28T00:00:00.000,/events/2534055,AK SPORTS | Azyr | Bella Claxton | Boys Noize | Carla Martinez | Club Angel | DJ Seinfeld | Emma Moon | Faster Horses | Juicy Romance | Julian Fijma | Locky | Ned Bennett | Osmosis Jones | Partiboi69 | Riordan | salute | Sam Alfred | Soul Mass Transit System | southstar | Tommy Holohan,Langley Park,Perth,Australia,https://cdn.sanity.io/images/6epsemdp/production/b7d83a32bba8e46b37bc22edd92ed71cef47b091-1920x1280.jpg?w=640&fit=clip&auto=format,"Perth, Australia",-31.9558933,115.8605855,2026-09-11 02:01:35
southstar,Beyond The Valley,2026-12-28T00:00:00.000,/events/2499611,"Afrodisiac | After X | AKEYLAH | Anetha | Arielle Free | Armand Van Helden | bellxsxs | Benwal | BIIANCO | Boys Noize | Bryson Hill | Carla Martinez | Club Angel | DART | Dean Turnley | DJ PGZ | Eva Charley | Ewan McVicar | Faster Horses | Frost Children | Funk Tribu | Hamdi | Hannah Laing | Helena Lauwaert | Jackie Hollander | Jamback | Jayda G | Job Jobse | John Summit | Jordan Brando | Luuk van Dijk | JUPiTA | bbsanii | Kiara Friend | KI/KI | Kyle Starkey | Layton Giordani | Lex (GR) | Love, Jess | Mella Dee | Mia Koden | MPH (1) | Nia Archives | Nice Girl | nimino | Oppidan | oskar med k | Overmono | Renaessance | Riordan | Saint Ludo | salute | Skepta | Soul Mass Transit System | southstar | SPFDJ | THC | Tiff Cornish | Tommy Holohan | VANNA | WAXX OFF | WOLTERS | WVCHWY | X & Ivy",Barunah Plains,Victoria,Australia,https://images.ra.co/42ccb12d5c81c31dd033479caf74f8b29147e555.png,"Victoria, Australia",-36.5986096,144.6780052,2026-07-29 00:29:15
southstar,Radar Festival Brisbane,2027-01-02T00:00:00.000,/events/2534060,AK SPORTS | Bella Claxton | Boys Noize | Carla Martinez | Club Angel | DJ Seinfeld | Emma Moon | Faster Horses | Juicy Romance | Julian Fijma | Locky | Osmosis Jones | Partiboi69 | Riordan | salute | Sam Alfred | Soul Mass Transit System | southstar | Tommy Holohan,Superordinary,Brisbane,Australia,https://images.ra.co/1c6a678d844b2d149381777281d20ce6b8af6447.jpg,"Brisbane, Australia",-27.4689682,153.0234991,2026-09-11 02:01:35
Spacer Woman,GEGEN X PRNCPTL X OST NYE 34H,2026-12-31T00:00:00.000,/events/2480820,2THEMAX | KEMIK | ADAM MUNNINGS | DJ Petite | ALP (DE) | Khloe | ANÍBAL | Djooke | Buday | Citizens Union | MVHY | Dj handbag | Dr. Rubinstein | Dgeral | Sparkly Pony | ENGALANAN | Twang | Hyperaktivist | Kiddy Smile | Laure Croft | Spikey Lee | Mar/us | Rakans | Rubén Secaduras | TOM CHIESA | Shadysnack | Spacer Woman | VINVAR,OST,Berlin,Germany,https://images.ra.co/bd343b5d3fe3cfa81f3382f66a9bb4de53cbf543.jpg,"Berlin, Germany",52.510885,13.3989367,2026-09-24 02:10:06
Steve Angello,Steve Angello - Parc Jean-Drapeau,2026-10-16T00:00:00.000,/events/2494513,Steve Angello | SHEE | Paskal Daze,Piknic Électronik / Parc Jean Drapeau,Montreal,Canada,https://images.ra.co/8d83882c40397395681775766eb886d1109d8cdc.png,"Montreal, Canada",45.5031824,-73.5698065,2026-07-23 00:41:14
Steve Angello,We Belong Here: New Orleans,2026-11-13T00:00:00.000,/events/2447256,ODESZA | Carl Cox | Steve Angello | Sammy Virji | BLOND:ISH | Max Styler | Andre Power | ChaseWest | Coco & Breezy | Marshall Jefferson | Robbie Doherty | Simon Doty | Supertaste,Woldenberg Riverfront Park,New Orleans,United States of America,https://images.ra.co/5b518f3bd9fcee8a4028eaa360982359e27aa03e.jpg,"New Orleans, United States of America",29.9574657,-90.0629493,2026-06-09 00:42:50
Steve Angello,THE ONE presents Steve Angello - PROGRESSIVE HOUSE / HOUSE -,2026-12-18T00:00:00.000,/events/2524836,Steve Angello,ZEROTOKYO,Tokyo,Japan,https://images.ra.co/8746f9375bf54cba7455959bace4e6d5be6c8728.png,"Tokyo, Japan",35.6768601,139.7638947,2026-09-04 02:15:44
Surf 2 Glory,"La Java 103 Ans: Florian Picasso, Surf 2 Glory, Die Klar",2026-10-16T00:00:00.000,/events/2534333,Florian Picasso | Surf 2 Glory | Die Klar,La Java,Paris,France,https://images.ra.co/9b1e056a11346ea62c29d5e1341b957c5d8c7aea.png,"Paris, France",48.8588897,2.3200410217200766,2026-09-11 02:01:35
Surf 2 Glory,Lucid Glow,2026-10-17T00:00:00.000,/events/2554310,Surf 2 Glory,Rote Sonne,Munich,Germany,https://images.ra.co/9967dfaac8aa394ccb735174805311e45231a868.png,"Munich, Germany",48.1371079,11.5753822,2026-10-07 03:13:37
Surf 2 Glory,Act Like Adults,2026-11-21T00:00:00.000,/events/2332851,Surf 2 Glory | pavvvvvvlo,Lokschuppen Berlin,Berlin,Germany,https://cdn.sanity.io/images/6epsemdp/production/b7d83a32bba8e46b37bc22edd92ed71cef47b091-1920x1280.jpg?w=640&fit=clip&auto=format,"Berlin, Germany",52.510885,13.3989367,2026-09-24 02:10:06
The Blessed Madonna,Head Trip Festival 2026,2026-10-10T00:00:00.000,/events/2391434,Calvin Harris | Swedish House Mafia | Skrillex | FISHER | Chris Lake | Peggy Gou | Four Tet | Dom Dolla | KETTAMA | Seth Troxler | Ben Sterling | The Blessed Madonna | DJ Harvey | Avalon Emerson | Ben UFO | Eris Drew | Octo Octa | Floating Points | Mad Professor | Theo Parrish,Empire Polo Club,Palm Springs,United States of America,https://images.ra.co/075dac9bef7577f44db5880a5ccf7e390b212b3f.png,"Palm Springs, United States of America",33.8246269,-116.540303,2026-03-12 00:27:26
The Blessed Madonna,Phantom : Disco Disco / The Blessed Madonna,2026-10-31T00:00:00.000,/events/2472910,The Blessed Madonna | Danilo Plessow,"Phantom, Paris",Paris,France,https://images.ra.co/49803ededb4ec0790fb51b021536683f3adb4d45.png,"Paris, France",48.8588897,2.3200410217200766,2026-06-24 00:40:48
The Blessed Madonna,"Hugel, FISHER, Sven Väth - Creamfields Argentina - ALLMusicParties",2026-11-14T00:00:00.000,/events/2528105,Âme | Ana Hagen | Anfisa Letyago | Charlotte de Witte | Djs Pareja | Enrico Sangiuliano | Faithless | FISHER | Hugel | Innellea | Kevin Di Serna | Kolsch | Loïc | Luis Nieva | Lulú Matheou | Mabel | Manu Oubiña | Mar Monzon | Martin Huergo | Miguel Silver | Momo Trosman | Nic Fanciulli | Pabels | SOSA (UK) | Sven Vath | The Blessed Madonna,"TBA - Parque de la Ciudad, CABA",Buenos Aires,Argentina,https://images.ra.co/c8457fc70db1d8d29201d0ca11ef60865699d439.png,"Buenos Aires, Argentina",-34.6083696,-58.4440583,2026-09-04 02:15:44
The Blessed Madonna,Creamfields Chile 2026,2026-11-14T00:00:00.000,/events/2532239,Calvin Harris | Boris Brejcha | Charlotte de Witte | FISHER | Hardwell | Hugel | Aaron Hibell | Âme | Anfisa Letyago | Azyr | Bass Modulators | Bassjackers | The Blessed Madonna | Brennan Heart | Bruno Martini | Charlie Sparks | Clara Cuvé | Cristobal Pesce | Don Diablo | Emily Nash | Enrico Sangiuliano | Faithless | Innellea | Jonas Blue | Kolsch | LP Giobbi | Morten | Nic Fanciulli | Sosa | Yanamaste,Club Hípico de Santiago,Santiago,Chile,https://images.ra.co/7224f97837b25c11439090a65e5267bf9abb60d9.png,"Santiago, Chile",-33.4377756,-70.6504502,2026-09-11 02:01:35
The Blessed Madonna,Time Warp Mexico 2026,2026-11-20T00:00:00.000,/events/2376196,Alarico | Ben Klock | Andy Martin | Anfisa Letyago | The Blessed Madonna | Chlär | DAX J | DJ Stingray 313 | Helena Hauff | DVS1 | Maceo Plex | Ogazón | Sven Vath | Zombies In Miami | Beltran | Clara Cuvé | SPFDJ | Cristobal Pesce | David Löhlein | La Bad Curly | DESIREE (RSA) | DJ Tennis | Seth Troxler | Ede | Franky Rizardo | Indira Paganotto | NOVAH | PARAMIDA | Reinier Zonneveld,Expo Santa Fe,Mexico City,Mexico,https://images.ra.co/a6ba147944a815481fb5b1077d850c326dfd5103.png,"Mexico City, Mexico",19.4326296,-99.1331785,2026-09-19 02:28:10
The Blessed Madonna,The Blessed Madonna (USA),2026-12-05T00:00:00.000,/events/2496855,The Blessed Madonna,Plano B,Porto,Portugal,https://images.ra.co/2efa63106c0ab6891bba70d312295eda2b2284a8.jpg,"Porto, Portugal",41.1494512,-8.6107884,2026-07-24 00:42:43
THELMA,Intercell x Skin On Skin Invites - ADE By Day,2026-10-24T00:00:00.000,/events/2473385,camoufly | Oppidan | EYCEE | Ned Bennett | Skin On Skin | THELMA,Levenslang Amsterdam,Amsterdam,Netherlands,https://images.ra.co/76251ab96c6962f3e596bd6f57124ee28ac98410.jpg,"Amsterdam, Netherlands",52.3730796,4.8924534,2026-06-25 00:45:25
THELMA,ADE - Agrio Club x Rapid Trax [sold out],2026-10-24T00:00:00.000,/events/2470661,DART | Tjade | Emmz | Entasia | Sophia Violet | Fiene | Miamor | NewTone | S3PPA | THELMA,Lofi,Amsterdam,Netherlands,https://images.ra.co/5b9fbae035d6f1ff906128d31324a84a5b471039.png,"Amsterdam, Netherlands",52.3730796,4.8924534,2026-10-07 03:13:37
THELMA,"KILOMETRE25 CLOSING: HALLOWEN with THELMA, Danny Wabbit",2026-10-31T00:00:00.000,/events/2554486,THELMA | Danny Wabbit | DJ Hyperdrive | Forest (PL) | In-Tan | Cattoni,Kilomètre25,Paris,France,https://images.ra.co/6243249c67d99406bec9d0a17a7838aed9475f48.png,"Paris, France",48.8588897,2.3200410217200766,2026-10-07 03:13:37
THELMA,Soenda Indoor Werkspoorkathedraal 2026,2026-11-21T00:00:00.000,/events/2474210,Benwal | Faster Horses | LAMMER | MALUGI | Olympe4000 | THELMA | SAIDAH | Schwesta P,Werkspoorkathedraal,All,Netherlands,https://images.ra.co/3687bfa05d96f212a0179ee896b06828f0e3f718.png,"Werkspoorkathedraal, Netherlands",52.1051377,5.0796795,2026-06-24 00:40:48
THELMA,A3 Festival 2026,2026-11-27T00:00:00.000,/events/2434541,"Andre Zimmer | ANNĒ | Ben Sterling | Bibi Seck | Blasha & Allatt | Bushbaby | DINA | DJ ALI | DJ Luv You | Ed Kent | Hannah D | Gumm | Hasvat Informant | Inafekt | IN2POL | IsGwan | JakoJako | Josh Heywood | Kerri Chandler | Lacchesi | Lewis Taylor | LF SYSTEM | Lucas Boston | Luke Alessi | Luke Dean_ | Max Dean | Mikalah Watego | Milion | Morgan Seatree | NewTone | Nina Kraviz | Olivia Mendez | Omar+ | Osmosis Jones | Philippa Pacho | Rene Wise | RONA. | SHDW | sim0ne | Skin On Skin | STÜM | THELMA | VTSS | AKEYLAH | dozie (uk) | B2BLOVE | Love, Jess | J-OK | Kailyn Crabbe | Shanti | SNAXX | STAFFY",Lardner Park,Melbourne,Australia,https://images.ra.co/510ad56d6b23c15e1a55038ef5fb9cd8d0f4b8df.jpg,"Melbourne, Australia",-37.8142454,144.9631732,2026-05-30 00:47:00
THELMA,Intercell Klokgebouw 2027,2027-01-30T00:00:00.000,/events/2554320,bebe bad | Benny Rodrigues | Benwal | Sam Alfred | Camille Doe | Gabriel Muñoz | DJ Gigola | PETERBLUE | Dr Dubplate | LAMMER | Lisa Korver | Megra | THELMA | Milion | Ned Bennett | PHIA | SAIDAH | Silva Bumpa,Klokgebouw,Eindhoven,Netherlands,https://images.ra.co/87a2cfefd3dc518a9d0df69196a5f206f59cd256.jpg,"Eindhoven, Netherlands",51.4392648,5.478633,2026-10-07 03:13:37
THELMA,"ADRENALINE  pres. David Löhlein, Yasmin Regisford & THELMA",2027-02-28T00:00:00.000,/events/2347657,David Löhlein | Yasmin Regisford | THELMA | Vagabund | FLACCO,Odonien,Cologne,Germany,https://images.ra.co/060e60379c9b363220f18dbda5c9da3070981a58.jpg,"Cologne, Germany",50.938361,6.959974,2026-05-30 00:47:00
THELMA,SESH,2027-03-05T00:00:00.000,/events/2537004,MCR-T | PETERBLUE | THELMA | VIVI909,RSO.BERLIN,Berlin,Germany,https://images.ra.co/80152f831f33916677bb459e8cf56cfda04feb3b.jpg,"Berlin, Germany",52.510885,13.3989367,2026-09-19 02:28:10
Trym,Terminal V Melbourne,2026-10-17T00:00:00.000,/events/2426618,AEREA | AKEYLAH | Azyr | Ben Hemsley | Emma Moon | Bailey Ibbs | KiNK | Raredub | SNAXX | Trym,Pica (Port Melbourne Industrial Centre for the Arts),Melbourne,Australia,https://images.ra.co/9c7c2ab53850c1abc2415ad2a67aed7d84b4210c.jpg,"Melbourne, Australia",-37.8142454,144.9631732,2026-06-25 00:45:25
Trym,Terminal V Sydney,2026-10-17T00:00:00.000,/events/2499453,AEREA | AKEYLAH | Azyr | Ben Hemsley | Bailey Ibbs | brookeloveshoney | Emma Moon | Raredub | Trym,The Ivy,Sydney,Australia,https://images.ra.co/343f2c1d6220e33fda15bb9ded7b990a843b3583.jpg,"Sydney, Australia",-33.8698439,151.2082848,2026-07-29 00:29:15
Trym,VERKNIPT ADE Special Sunday,2026-10-24T00:00:00.000,/events/2550970,Aiden (DE) | Angerfist | KARAH | Ben Techy | SANTØS | Divasi | NEGITIV | Trym,Afas Live,Amsterdam,Netherlands,https://images.ra.co/e411b298a696435eb7bf2f069fb9fb96f5d0e187.png,"Amsterdam, Netherlands",52.3730796,4.8924534,2026-10-04 03:24:38
Trym,Boo Halloween Arizona,2026-10-30T00:00:00.000,/events/2523934,Deorro | Maddix | Marie Vaunt | Restricted | Zedd | Zoe Gitter | The Chainsmokers | Dombresky | Gravagerz | James Hype (UK) | Papa Jay | Seven Lions | Trym,Westworld of Scottsdale,Arizona,United States of America,https://images.ra.co/5fd529cca21c50bf3aaf30c599586dce4b53d68c.png,"Arizona, United States of America",34.395342,-111.763275,2026-09-03 02:14:48
Trym,Escape Halloween,2026-10-30T00:00:00.000,/events/2523917,999999999 | A Little Sound | AC Slater | Adam Ten | Adventure Club | Alex Chapman | Zoe Gitter | Alok | Andruss | Anime | Avalon Emerson | Azyr | Benny Benassi | Bou (UK) | Cat (US) | Cera Khin | Champion | CHRYSALIS | Clara Cuvé | Cloonee | Coone | Cyclops | Dabin | Darren Styles | Dimitri Vegas & Like Mike | DJ Heartstring | DJ Tennis | Excision | Frontliner | Funk Assault | Galantis | Gammer | HerShe | Ian Asher | Indira Paganotto | Jamie Jones | Franky Rizardo | Joseph Capriati | SOSA (UK) | JSMN | Kill The Kid | Kana Hishiya | KLOUD | KREAM | LNY TNZ | Liquid Stranger | LUMI | Maddix | MALUGI | Mish | Morelia | Morten | Nervo | Nina Kraviz | Pixie Dust | Richie Hawtin | Sedef Adasï | Showtek | Silvie Loto | Steve Aoki | Trancemaster Krause | Trym | Yanamaste | Zedd,NOS Event Center,Los Angeles,United States of America,https://images.ra.co/5d0fc8bda2810a8f0e0cbace1cd2de54e960e00d.png,"Los Angeles, United States of America",34.0536909,-118.242766,2026-08-29 00:10:44
Trym,Teletech MADRID,2026-11-21T00:00:00.000,/events/2425788,Alba Franch | Azyr | ines isla | Nikolina | TOXIMAMI | Trym,The Garage,Madrid,Spain,https://images.ra.co/5210bb1c36c2afeab849da0c23a3810e72dbdd9e.png,"Madrid, Spain",40.4167047,-3.7035825,2026-04-25 00:41:52
Trym,Trym,2026-11-27T00:00:00.000,/events/2486149,Trym | Flaiv Đarkø,Gate Milano,Milan,Italy,https://images.ra.co/c1667df056de877b63d606a95831f3b24f7a7bcf.png,"Milan, Italy",45.4641943,9.1896346,2026-07-09 00:51:37
Trym,"WHP presents: XXL, Manchester",2026-11-28T00:00:00.000,/events/2521666,2FEL | 4000 Hz | Alex Farell | MXGN | Anetha | Azyr | Bella Claxton | Kyle Starkey | Darren Styles | DJ Bax | DJ SWISHERMAN | ENFAN | Faster Horses | HANAA | IceLipzz | KimberlaID | KIRSTY | KUKO | Laze | KIRARA | Lolalita | MCR-T | Nanna Makina | MC Tazo | Nyra | Paul Seul | Krampf | Pegassi | Restricted | Samuel Moriero (2) | Stinny Stone | Trym | Vieze Asbak | Onlynumbers | Vladimir Dubyshkin | Winson | Yanamaste | Yasmin Regisford,Depot Mayfield,Manchester,United Kingdom,https://images.ra.co/97d76cf6248b90d81d1496e3475d57364ea2fcb9.png,"Manchester, United Kingdom",53.4794892,-2.2451148,2026-09-03 02:14:48
Trym,Teletech London,2026-12-19T00:00:00.000,/events/2551802,Adrian Mills | Alex Farell | MXGN | Anetha | Benwal | Faster Horses | Clouds | HANAA | KIRSTY | Kobosil | Lolalita | MarcelDune | MCR-T | SPFDJ | NOVAH | Paul Seul | Laze | seretide | SLVL | Trym | Vivace (UK) | Yoshiko,DRUMSHEDS,London,United Kingdom,https://images.ra.co/74de7d65b1b255c9d556765900c78947772cd36c.png,"London, United Kingdom",51.5074456,-0.1277653,2026-10-07 03:13:37
Trym,VERKNIPT Stadion - December 19,2026-12-19T00:00:00.000,/events/2331393,Aiden (DE) | In Verruf | Kobosil | KRUELTY | Vieze Asbak | Nhū | Nikolina | Onlynumbers | SLVL | Trym,Hallenstadion,Zurich,Switzerland,https://images.ra.co/02e3619d000fa8806479658986a0abed7364c059.png,"Zurich, Switzerland",47.3744489,8.5410422,2026-07-04 00:45:41
Trym,FCKNYE Festival 2026,2026-12-30T00:00:00.000,/events/2538434,2HOT2PLAY | A.N.I. | Alignment | Angerfist | ascendant vierge | blk. | Bou (UK) | CARAVEL | Todiefor | davyboi | DJ Gigola | ECZODIA | Hedex | Holy Priest | Yoshiko | KARAH | KLOFAMA | Kobosil | Krowdexx | LESSSS | Lil Texas | Mandragora | Neek | Nikolina | Onlynumbers | Part Time Killer | L.zwo | PRADA2000 | Restricted | Samuel Moriero (2) | Vortek's | Sköne | SLVL | Somewhen | The Dark Horror | TiTi | Trym | Ueberrest | Urumi | Vladimir Cauchemar | Vieze Asbak | William Luck | NoName,Brussels Expo,Brussels,Belgium,https://images.ra.co/1195ae1d59b35474b663d37b235d4c7f7d10605b.jpg,"Brussels, Belgium",50.8465573,4.351697,2026-09-19 02:28:10
Underworld,III Points 2026,2026-10-16T00:00:00.000,/events/2428241,619! | 999999999 | AABEL | SIEGEL (2) | Adam Port | OMRI. | Ale Acosta | HAZÓN | ALEJO (US) | Alexx in Chainss | Aphex Twink | FORESEER | Artime | Mystic Bill | Ashley Venom | Souls Departed | B0YG1RL | Baby Jesus | CHAOS! | Bakke | Bassvictim | Beltran | Ben Sterling | Bill Patrick | Bort | Blood Orange | Bonita Applebumz | bozito | Gabo Escalona | Bricolage | DAY/DEM | Brunello | Rafael | Cami di Marzo | Charlotte de Witte | ChaseWest | Cloonee | Coffintexts | DJ Fuckoff | Cole Knight | Connan Mockasin | DJ D.Luxe | Daizy | Danny Brown | Danny Daze | DJ Godfather | Daphni | David Vunk | Dean Turnley | Deep Cleansing | DIFFER | DJ Harvey | DJ Ray (2) | EZ Dee | DJ SABI | GRUE5OME | DJ Three | Sister System | DomnRob | Dr. Rubinstein | Ultrathem | Duality (US) | gumthewrapper | Dude Skywalker | Eli Escobar | Jubilee | Elias Garcia | Mila Gama | eveava | JOVIGIBS | Extra Andrew | Mutant Pete | feph | Mr. Tron | Fiin | FiNE | FIUZA (MX) | Madison Kay | Floating Points | Flying Lotus | Four Tet | Generous B | Gio Elia | Meghan Lee | Grace Arribas | Marte | grant sabadash | Shir Miya | HAAi | Hamdi (UK) | Heidi Lawden | Honey Dijon | horsegiirL | Idriss D | Danyelino | Interplanetary Criminal | INVT | Ivy Lab | Jacques Greene | Jane Remover | Jason Rault | JBZ | Jeremy Ismael | Jinks | Romulo Del Castillo | Joanna Kuchta | Robyn Sin Love | Joss Dean | ¥ØU$UK€ ¥UK1MAT$U | Jump Source | Katie Ox | Nat Siriani | Kelela | KETTAMA | KI/KI | KinAhau | KUJO (US) | RARA (US) | Kumi | La BB | Lady Narcisse | Racci | Lotusoph | Julia Saturno | Loukeman | Lousy Lover | Lupreme | SANTO | Pezlo MD | Machine Girl | Maher Daniel | Malone | Mango | Marco Carola | Franky Rizardo | Marie Qrie | Viva Vidal | Marsolo | Mary Droppinz | Max Dean | Luke Dean_ | Max Styler | Vintage Culture | MEGUSTA | Miguel Clark | Naim Zarzour | Saraga | x3butterfly | Milo Ziro | Xilla | Monoky (2) | Moscoman | MPH (1) | Mr. Bitch | Natalia Roth | Max Stern | Nicholas G. Padilla | Nick León | Safety Trance | Nicole Gallamini | Nikita Green | Nii Tei | oma totem | True Vine | p1no | Trippie Hippie (US) | Patch+ | PAWSA | Peach | Shanti Celeste | phiphi | Winter Wrong | Pressure Point (US) | Berrakka | PROLETAR | Puma (US) | Purity Ring | R/V Calypso | RAJE | slugg | Rebolledo | Red Axes | Rello | Rimaye | Inbal | Roman Flügel | RUDE BOY (US) | SDRV | Sam Alfred | SATURNSARii | Suz | Sel.6 | serafitz | Seth Troxler | Shinobi | Silvie Loto | Ms. Mada | Sosa | Spice Crime | Violeta | Sunn O))) | Terence Tabeau | Tiffy Vera | Thunderpony | Tiga | Tokischa | Tricky | Uchi | Underworld | v1fro | vsyana | VTSS | Whitesquare | Will Buck | Taimur | Will Renuart | YHWH Nailgun | ZEP (NL),Mana Wynwood,Miami,United States of America,https://images.ra.co/6aa1f53c55107b226c4a2d93932f524848c0ba48.png,"Miami, United States of America",25.7741728,-80.19362,2026-04-30 00:41:18
Underworld,Moby Live Pasadena,2026-11-07T00:00:00.000,/events/2526661,Moby | Underworld | FCUKERS | Nia Archives | DJ Holographic,Brookside at the Rose Bowl,Los Angeles,United States of America,https://images.ra.co/76473d545624ea7fdbb1af7e4415ad4a66bfab92.jpg,"Los Angeles, United States of America",34.0536909,-118.242766,2026-09-03 02:14:48
Underworld,Moby + Underworld,2026-11-07T00:00:00.000,/events/2537216,Moby | Underworld | FCUKERS | Nia Archives | DJ Holographic,Brookside at the Rose Bowl,Los Angeles,United States of America,https://images.ra.co/e4fb91952df8fa1316c8a3361d7be6338e71aedc.jpg,"Los Angeles, United States of America",34.0536909,-118.242766,2026-09-19 02:28:10
Underworld,"Underworld / Mariano Mellino - MANDARINE PARK, BS. AS",2026-11-26T00:00:00.000,/events/2540679,Underworld | Mariano Mellino,Mandarine Park & Tent,Buenos Aires,Argentina,https://images.ra.co/4560f383535b683de1874dafbf26aa1794d29c58.jpg,"Buenos Aires, Argentina",-34.6083696,-58.4440583,2026-09-19 02:28:10
VTSS,Unsound 2026,2026-10-02T00:00:00.000,/events/2474764,2K88 | ABADIR | Ana Roxanne | Arca | Beatrice M. | Bendik Giske | bijū | Blackhaine | blastah | jul.ci | Blawan | CCL | Glassz | Cities Aviv | Dawuna | Debit | Deli Girls | DJ Plead | dtekk | DJ Spinn | Devon Rexi | John T. Gast | DiV4 | emerai | Vi (PL) | Emma DJ | Low Jack | feeo | julek ploski | gummi | Taan | gyrofield | Hekt | Jawnino | Juliana Huxtable | JASSS | k means | K Wata | KAVARI | Ship Sket | Klein | Kode9 | Nikki Nair | Marina Herlop | Mica Levi | Milan W. | DJ Nigga Fox | Dj Danifox | DJ Firmeza | Piezo | DJ Python | re:ni | Sarah Davachi | Siete Catorce | Some Guest | Space Afrika | szkoda | Tim Hecker | Tom Boogizm | Batu | Visible Cloaks | Mabe Fratti | Clarissa Connelly | Mark William Lewis | Worldpeace DMT | VTSS | Xexa,Various venues - Warsaw & Krakow,All,Poland,https://images.ra.co/dca2c99885cc3ddbf3bf90efb596d7554d3d8fed.png,"Various venues - Warsaw & Krakow, Poland",52.215933,19.134422,2026-08-27 01:29:07
VTSS,III Points 2026,2026-10-16T00:00:00.000,/events/2428241,619! | 999999999 | AABEL | SIEGEL (2) | Adam Port | OMRI. | Ale Acosta | HAZÓN | ALEJO (US) | Alexx in Chainss | Aphex Twink | FORESEER | Artime | Mystic Bill | Ashley Venom | Souls Departed | B0YG1RL | Baby Jesus | CHAOS! | Bakke | Bassvictim | Beltran | Ben Sterling | Bill Patrick | Bort | Blood Orange | Bonita Applebumz | bozito | Gabo Escalona | Bricolage | DAY/DEM | Brunello | Rafael | Cami di Marzo | Charlotte de Witte | ChaseWest | Cloonee | Coffintexts | DJ Fuckoff | Cole Knight | Connan Mockasin | DJ D.Luxe | Daizy | Danny Brown | Danny Daze | DJ Godfather | Daphni | David Vunk | Dean Turnley | Deep Cleansing | DIFFER | DJ Harvey | DJ Ray (2) | EZ Dee | DJ SABI | GRUE5OME | DJ Three | Sister System | DomnRob | Dr. Rubinstein | Ultrathem | Duality (US) | gumthewrapper | Dude Skywalker | Eli Escobar | Jubilee | Elias Garcia | Mila Gama | eveava | JOVIGIBS | Extra Andrew | Mutant Pete | feph | Mr. Tron | Fiin | FiNE | FIUZA (MX) | Madison Kay | Floating Points | Flying Lotus | Four Tet | Generous B | Gio Elia | Meghan Lee | Grace Arribas | Marte | grant sabadash | Shir Miya | HAAi | Hamdi (UK) | Heidi Lawden | Honey Dijon | horsegiirL | Idriss D | Danyelino | Interplanetary Criminal | INVT | Ivy Lab | Jacques Greene | Jane Remover | Jason Rault | JBZ | Jeremy Ismael | Jinks | Romulo Del Castillo | Joanna Kuchta | Robyn Sin Love | Joss Dean | ¥ØU$UK€ ¥UK1MAT$U | Jump Source | Katie Ox | Nat Siriani | Kelela | KETTAMA | KI/KI | KinAhau | KUJO (US) | RARA (US) | Kumi | La BB | Lady Narcisse | Racci | Lotusoph | Julia Saturno | Loukeman | Lousy Lover | Lupreme | SANTO | Pezlo MD | Machine Girl | Maher Daniel | Malone | Mango | Marco Carola | Franky Rizardo | Marie Qrie | Viva Vidal | Marsolo | Mary Droppinz | Max Dean | Luke Dean_ | Max Styler | Vintage Culture | MEGUSTA | Miguel Clark | Naim Zarzour | Saraga | x3butterfly | Milo Ziro | Xilla | Monoky (2) | Moscoman | MPH (1) | Mr. Bitch | Natalia Roth | Max Stern | Nicholas G. Padilla | Nick León | Safety Trance | Nicole Gallamini | Nikita Green | Nii Tei | oma totem | True Vine | p1no | Trippie Hippie (US) | Patch+ | PAWSA | Peach | Shanti Celeste | phiphi | Winter Wrong | Pressure Point (US) | Berrakka | PROLETAR | Puma (US) | Purity Ring | R/V Calypso | RAJE | slugg | Rebolledo | Red Axes | Rello | Rimaye | Inbal | Roman Flügel | RUDE BOY (US) | SDRV | Sam Alfred | SATURNSARii | Suz | Sel.6 | serafitz | Seth Troxler | Shinobi | Silvie Loto | Ms. Mada | Sosa | Spice Crime | Violeta | Sunn O))) | Terence Tabeau | Tiffy Vera | Thunderpony | Tiga | Tokischa | Tricky | Uchi | Underworld | v1fro | vsyana | VTSS | Whitesquare | Will Buck | Taimur | Will Renuart | YHWH Nailgun | ZEP (NL),Mana Wynwood,Miami,United States of America,https://images.ra.co/6aa1f53c55107b226c4a2d93932f524848c0ba48.png,"Miami, United States of America",25.7741728,-80.19362,2026-08-20 00:22:51
VTSS,"Satellite: Disco Lines, Four Tet B2B Floating Points B2B Daphni, horsegiirL, KETTAMA + MORE",2026-10-17T00:00:00.000,/events/2547943,Four Tet | Floating Points | Daphni | horsegiirL | KETTAMA | Marte | MPH (1) | VTSS,Club Space Miami,Miami,United States of America,https://images.ra.co/5bc4035b845de9d62d4ab17c37dc9687e2f3c013.jpg,"Miami, United States of America",25.7741728,-80.19362,2026-09-29 03:15:00
VTSS,"VTSS, Pawlowski, NHŪ => SUPERNOVA",2026-10-23T00:00:00.000,/events/2535054,VTSS | Pawlowski,D! Club,Lausanne,Switzerland,https://cdn.sanity.io/images/6epsemdp/production/b7d83a32bba8e46b37bc22edd92ed71cef47b091-1920x1280.jpg?w=640&fit=clip&auto=format,"Lausanne, Switzerland",46.5218269,6.6327025,2026-09-12 02:05:18
VTSS,"False Idols w/ Kim Petras (live), COBRAH, Rose Gray, VTSS, Patrick Mason",2026-10-24T00:00:00.000,/events/2484865,COBRAH | Little Gay Brother | Joshua James (UK) | VTSS | Patrick Mason | Cakes Da Killa | Cashu | Josh Caffé | Lady Shaka | TEDESCO | UNiiQU3 | Donnie Sunshine | Goth Jafar | Julie Desire | LEXII. | Someone Sunny | Twang,DRUMSHEDS,London,United Kingdom,https://images.ra.co/83faa64a3e1463035da1fff3351711a2ea7cde18.png,"London, United Kingdom",51.5074456,-0.1277653,2026-08-12 00:35:51
VTSS,Seismic Dance Event 9.0,2026-11-13T00:00:00.000,/events/2313311,1tbsp | Above & Beyond | Adam Sellouk | Benwal | bolo | Brunello | Brutalismus 3000 | Chris Liebing | Chris Lorenzo | Cole Knight | Conrad Taylor | Diffrent | Frederic. | HNTR | horsegiirL | Joss Dean | Kamino | KI/KI | Kyle Starkey | Layton Giordani | Luke Alessi | Maddix | Marco Strous | Marie Vaunt | Max Styler | MPH (1) | Notion | ØTTA | OZA | Paige Tomlinson | Porter Robinson | Sara Landry | SG Lewis | Smokey Bubblin' B | SPFDJ | STÜM | TOCCORORO | Volkoder | VTSS,The Concourse Project,Austin,United States of America,https://images.ra.co/663b8659af4646329c83dd7670cb58f2d1e50cb2.png,"Austin, United States of America",30.2711286,-97.7436995,2026-05-24 00:44:45
VTSS,Time Warp NYC 2026,2026-11-20T00:00:00.000,/events/2518700,Adiel | Âme | Anetha | Annie Lew | Brunello | ChaseWest | Chlär | DJ Tennis | Red Axes | DVS1 | Franky Rizardo | Indira Paganotto | Julya Karma | Kilopatrah Jones | KlangKuenstler | KYRUH | NOVAH | Rose Kourts | Silvie Loto | Sven Vath | VTSS,Duggal Greenhouse,New York City,United States of America,https://images.ra.co/df8c33b0060b42680c3daf6bbff5c2d1c684fba2.jpg,"New York City, United States of America",40.7127281,-74.0060152,2026-08-22 00:24:03
VTSS,A3 Festival 2026,2026-11-27T00:00:00.000,/events/2434541,"Andre Zimmer | ANNĒ | Ben Sterling | Bibi Seck | Blasha & Allatt | Bushbaby | DINA | DJ ALI | DJ Luv You | Ed Kent | Hannah D | Gumm | Hasvat Informant | Inafekt | IN2POL | IsGwan | JakoJako | Josh Heywood | Kerri Chandler | Lacchesi | Lewis Taylor | LF SYSTEM | Lucas Boston | Luke Alessi | Luke Dean_ | Max Dean | Mikalah Watego | Milion | Morgan Seatree | NewTone | Nina Kraviz | Olivia Mendez | Omar+ | Osmosis Jones | Philippa Pacho | Rene Wise | RONA. | SHDW | sim0ne | Skin On Skin | STÜM | THELMA | VTSS | AKEYLAH | dozie (uk) | B2BLOVE | Love, Jess | J-OK | Kailyn Crabbe | Shanti | SNAXX | STAFFY",Lardner Park,Melbourne,Australia,https://images.ra.co/510ad56d6b23c15e1a55038ef5fb9cd8d0f4b8df.jpg,"Melbourne, Australia",-37.8142454,144.9631732,2026-05-21 00:46:47
VTSS,VTSS Melbourne,2026-12-04T00:00:00.000,/events/2532693,VTSS,Preston Warehouse,Melbourne,Australia,https://images.ra.co/06a0a9cc83a109d53e2db3d5d6e2e1048e197790.png,"Melbourne, Australia",-37.8142454,144.9631732,2026-09-11 02:01:35
VTSS,VTSS Melbourne,2026-12-05T00:00:00.000,/events/2512036,VTSS,Preston Warehouse,Melbourne,Australia,https://images.ra.co/66bc0451e1dd16822192ad51d1229b72c12e6761.png,"Melbourne, Australia",-37.8142454,144.9631732,2026-08-14 00:31:10
X CLUB.,X CLUB,2026-10-22T00:00:00.000,/events/2511931,X CLUB.,1015 Folsom,San Francisco/Oakland,United States of America,https://images.ra.co/250967b0e1fec9cba985c78c15d8e983d70a418e.jpg,"San Francisco/Oakland, United States of America",37.79713724477815,-122.37900765709006,2026-08-13 00:30:26
X CLUB.,RAW CUTS: X CLUB,2026-10-29T00:00:00.000,/events/2532492,X CLUB. | Lana Vese | Michelle Kay | duco | y2aura,TBA - Secret Location,New York City,United States of America,https://images.ra.co/8a51f47c93633c25d7890eab2b84ca6b9e0dcaed.jpg,"New York City, United States of America",40.7127281,-74.0060152,2026-09-11 02:01:35
X CLUB.,Hocus Pocus 2026 ,2026-10-30T00:00:00.000,/events/2487710,ALISHA | Âme | ANNĒ | Apollonia | Arina Krondeva | ATRIP | Azzecca | Baauer | Berrakka | Bushbaby | Caleb Jackson | Cami di Marzo | camoufly | Cassian | Chase & Status | ChaseWest | Chloé Caillet | Cole Knight | Conducta | Danny Daze | Darco | DAX J | DJ BORING | DJ Seinfeld | Effy | Elad | Eli Escobar | Eric Prydz | Franky Rizardo | Chlär | Alarico | Generous B | Gorgon City | Hudson Mohawke | Inbal | Indira Paganotto | Jamie Jones | Jayda G | Jean Pierre | Jordan Brando | Joseph Capriati | Julya Karma | Kerri Chandler | Kevin Saunderson | Kiddo | Layton Giordani | Mall Grab | MALUGI | Marcel Dettmann | Marco Strous | Marte | Mary Droppinz | Matthew Dear | Meduza | Monoky (2) | Nicole Gallamini | Nora En Pure | Prospa | Purple Disco Machine | Quest | RAJE | Rooléh | RSquared | Salomé Le Chat | salute | Seth Troxler | Shir Miya | SIEGEL (2) | Sinopoli | Skream | SLAMM | slugg | Sol Ortega | Somewhen | Souls Departed | Special Request | The Chronics | Todd Edwards | Vitess | Will Renuart | William Kiss | X CLUB. | X-Coast | Yamagucci | Yanamaste,Factory Town,Miami,United States of America,https://images.ra.co/2da74af63ba8ed4198a16bf3f7c9c048b252b0bf.png,"Miami, United States of America",25.7741728,-80.19362,2026-08-07 01:25:24
X CLUB.,KETTAMA presents Steel City Dance Discs,2026-11-06T00:00:00.000,/events/2500628,Partiboi69 | DJ Gigola | KETTAMA | Skin On Skin | Sam Alfred | Riordan | Robbie Doherty | Juicy Romance | Loods | DJ Carpenter | Ewan McVicar | DJ Heartstring | Tommy Holohan | SALOME | X CLUB. | Bella Claxton | Evian Christ | Daria Kolosova | Clouds | Minna-no-Kimochi | seretide | Vault | Didi Han | DART | Ma Sha | SAIDAH,Depot Mayfield,Manchester,United Kingdom,https://images.ra.co/0f44eb74fcb5ecc52eee5b75b236cb423f8cf23d.png,"Manchester, United Kingdom",53.4794892,-2.2451148,2026-07-31 00:42:03
X CLUB.,X CLUB. ∞ ROXY Prague,2026-11-20T00:00:00.000,/events/2474517,X CLUB.,Roxy,Prague,Czech Republic,https://images.ra.co/d7bc04d53b9defdaa35c9d8e47f75b4072cde694.png,"Prague, Czech Republic",50.0596288,14.446459273258009,2026-06-24 00:40:48
X CLUB.,22 NOV - Thuishaven with X CLUB. / DART / NewTone / Freddi,2026-11-22T00:00:00.000,/events/2510454,X CLUB. | DART | NewTone | Freddi | Sophia Violet | Schwesta P | OLIVIA LENSEN | S3PPA | Elotrance | JÄMO | Jordan George | Olive Anguz | STÜM,Thuishaven,Amsterdam,Netherlands,https://images.ra.co/09064a5c95e71f1b04f002aca6f6544eced18ee4.png,"Amsterdam, Netherlands",52.3730796,4.8924534,2026-09-11 02:01:35
X CLUB.,Herfstdrift Weekender - Friday,2026-11-27T00:00:00.000,/events/2527248,X CLUB. | salute | Anz | Dr Banana | lizz.e | Sozef,De Papierfabriek,Nijmegen,Netherlands,https://images.ra.co/5621d631daeedd3339fc8998cdf8e6d1440c962d.jpg,"Nijmegen, Netherlands",51.8474946,5.8637771,2026-09-03 02:14:48
X CLUB.,"Steel City Dance Discs | X CLUB., Tommy Holohan, Clouds + more",2026-11-28T00:00:00.000,/events/2547938,X CLUB. | Tommy Holohan | Clouds | Jenn Gunn (2),SWG3,Glasgow,United Kingdom,https://images.ra.co/a318b0dd1e0a49f3a212a93025aa3aac7df5ff2a.jpg,"Glasgow, United Kingdom",55.861155,-4.2501687,2026-09-29 03:15:00
X CLUB.,"Steel City Scotland - X Club, Tommy Holohan x Clouds, Jenn Gunn",2026-11-28T00:00:00.000,/events/2549624,X CLUB. | Tommy Holohan | Clouds | Jenn Gunn (2),SWG3,Glasgow,United Kingdom,https://images.ra.co/03760f1417cf0c4983605570b0c7ee8157a2b22d.jpg,"Glasgow, United Kingdom",55.861155,-4.2501687,2026-10-01 03:03:35
X CLUB.,Hidden Valley Festival | 2026,2026-12-27T00:00:00.000,/events/2509041,Dimension | Armand Van Helden | Skin On Skin | MPH (1) | X CLUB. | Effy | Hamdi | Oppidan | Riordan | Flava D | Dean Turnley | Club Angel | Prosaisk | Scruz | Saint Ludo | DART,Matakana Country Park,Auckland,New Zealand,https://images.ra.co/a60ec44f850ead2850da81b30b9b8c4e3f9c2ee7.jpg,"Auckland, New Zealand",-36.852095,174.7631803,2026-08-11 00:30:09
X CLUB.,Lakes Festival 2026,2026-12-28T00:00:00.000,/events/2485251,Netsky | Armand Van Helden | Mall Grab | X CLUB. | Break | Dean Turnley | Lens (2) | Oppidan,TBA - Hagley Park,Christchurch,New Zealand,https://images.ra.co/057c780435b9fb8f49ffbcd049c85f46308263e4.jpg,"Christchurch, New Zealand",-43.530955,172.6364343,2026-07-09 00:51:37
Young Marco,Young Marco & Elkka - Village Underground,2026-10-10T00:00:00.000,/events/2503828,Young Marco | Elkka,Village Underground,London,United Kingdom,https://images.ra.co/f02ccaf5d9ca643b7e4da03be169751fc81c42c8.png,"London, United Kingdom",51.5074456,-0.1277653,2026-09-19 02:28:10
Young Marco,Ewan McVicar presents Club Knuckles ADE,2026-10-24T00:00:00.000,/events/2527480,Ewan McVicar | Anz | Jasper James | Giulia Tess | Young Marco,Ijver,Amsterdam,Netherlands,https://images.ra.co/3838e1fa76c35bb3bb057b3f7bba7d32a64dbbd8.jpg,"Amsterdam, Netherlands",52.3730796,4.8924534,2026-09-03 02:14:48
Young Marco,Into the Woods ADE 2026,2026-10-23T00:00:00.000,/events/2297501,AAT (NL) | ANNĒ | Antal | Danilo Plessow | Bevan | BIIA | Bloom | Boss Priester | Budakid | Clara Cuvé | Cynthia Spiering | davyboi | Deer Jade | DIØN | DJ BORING | ELIF | Emmz | Faisal | Freddi | future.666 | Gaskin | Héctor Oaks | Itz3bby | Jackyboom | Jazz Dalia | Jyoty | Kamma | Kyle Starkey | LAMSI | LB aka LABAT | Lisa Korver | Locklead | Lori (1) | L.P. Rhythm | Marsolo | Natalie Robinson | Obskur | Olive F | ØTTA | PARAMIDA | Passion DEEZ | ROD | stranger (NL) | Sam Alfred | Sidney Charles | Sinca | Skin On Skin | swim | Weval | Young Marco,Ndsm Wharf,Amsterdam,Netherlands,https://images.ra.co/1217e0599ec937748a2c5fbaccf697f60ad48422.jpg,"Amsterdam, Netherlands",52.3730796,4.8924534,2026-06-17 00:52:18
Young Marco,Motel ✰ Young Marco,2026-11-21T00:00:00.000,/events/2538675,Young Marco,Motel Campo,Geneva,Switzerland,https://cdn.sanity.io/images/6epsemdp/production/b7d83a32bba8e46b37bc22edd92ed71cef47b091-1920x1280.jpg?w=640&fit=clip&auto=format,"Geneva, Switzerland",46.2017559,6.1466014,2026-09-19 02:28:10
Young Marco,De Unie 2026,2026-12-19T00:00:00.000,/events/2532003,Abiba Sokoto | Antal | Avalon Emerson | Cobahn | Will Oirson | David Vunk | Fafi Abdel Nour | Gabrielle Kwarteng | Jen Cardini | Ineffekt | Suze Ijó | Young Marco,013 Poppodium,All,Netherlands,https://images.ra.co/353f10e09bb1fd11e4b5245e6e7bf38837738064.png,"013 Poppodium, Netherlands",52.2434979,5.6343227,2026-09-11 02:01:35
¥ØU$UK€ ¥UK1MAT$U,III Points 2026,2026-10-16T00:00:00.000,/events/2428241,619! | 999999999 | AABEL | SIEGEL (2) | Adam Port | OMRI. | Ale Acosta | HAZÓN | ALEJO (US) | Alexx in Chainss | Aphex Twink | FORESEER | Artime | Mystic Bill | Ashley Venom | Souls Departed | B0YG1RL | Baby Jesus | CHAOS! | Bakke | Bassvictim | Beltran | Ben Sterling | Bill Patrick | Bort | Blood Orange | Bonita Applebumz | bozito | Gabo Escalona | Bricolage | DAY/DEM | Brunello | Rafael | Cami di Marzo | Charlotte de Witte | ChaseWest | Cloonee | Coffintexts | DJ Fuckoff | Cole Knight | Connan Mockasin | DJ D.Luxe | Daizy | Danny Brown | Danny Daze | DJ Godfather | Daphni | David Vunk | Dean Turnley | Deep Cleansing | DIFFER | DJ Harvey | DJ Ray (2) | EZ Dee | DJ SABI | GRUE5OME | DJ Three | Sister System | DomnRob | Dr. Rubinstein | Ultrathem | Duality (US) | gumthewrapper | Dude Skywalker | Eli Escobar | Jubilee | Elias Garcia | Mila Gama | eveava | JOVIGIBS | Extra Andrew | Mutant Pete | feph | Mr. Tron | Fiin | FiNE | FIUZA (MX) | Madison Kay | Floating Points | Flying Lotus | Four Tet | Generous B | Gio Elia | Meghan Lee | Grace Arribas | Marte | grant sabadash | Shir Miya | HAAi | Hamdi (UK) | Heidi Lawden | Honey Dijon | horsegiirL | Idriss D | Danyelino | Interplanetary Criminal | INVT | Ivy Lab | Jacques Greene | Jane Remover | Jason Rault | JBZ | Jeremy Ismael | Jinks | Romulo Del Castillo | Joanna Kuchta | Robyn Sin Love | Joss Dean | ¥ØU$UK€ ¥UK1MAT$U | Jump Source | Katie Ox | Nat Siriani | Kelela | KETTAMA | KI/KI | KinAhau | KUJO (US) | RARA (US) | Kumi | La BB | Lady Narcisse | Racci | Lotusoph | Julia Saturno | Loukeman | Lousy Lover | Lupreme | SANTO | Pezlo MD | Machine Girl | Maher Daniel | Malone | Mango | Marco Carola | Franky Rizardo | Marie Qrie | Viva Vidal | Marsolo | Mary Droppinz | Max Dean | Luke Dean_ | Max Styler | Vintage Culture | MEGUSTA | Miguel Clark | Naim Zarzour | Saraga | x3butterfly | Milo Ziro | Xilla | Monoky (2) | Moscoman | MPH (1) | Mr. Bitch | Natalia Roth | Max Stern | Nicholas G. Padilla | Nick León | Safety Trance | Nicole Gallamini | Nikita Green | Nii Tei | oma totem | True Vine | p1no | Trippie Hippie (US) | Patch+ | PAWSA | Peach | Shanti Celeste | phiphi | Winter Wrong | Pressure Point (US) | Berrakka | PROLETAR | Puma (US) | Purity Ring | R/V Calypso | RAJE | slugg | Rebolledo | Red Axes | Rello | Rimaye | Inbal | Roman Flügel | RUDE BOY (US) | SDRV | Sam Alfred | SATURNSARii | Suz | Sel.6 | serafitz | Seth Troxler | Shinobi | Silvie Loto | Ms. Mada | Sosa | Spice Crime | Violeta | Sunn O))) | Terence Tabeau | Tiffy Vera | Thunderpony | Tiga | Tokischa | Tricky | Uchi | Underworld | v1fro | vsyana | VTSS | Whitesquare | Will Buck | Taimur | Will Renuart | YHWH Nailgun | ZEP (NL),Mana Wynwood,Miami,United States of America,https://images.ra.co/6aa1f53c55107b226c4a2d93932f524848c0ba48.png,"Miami, United States of America",25.7741728,-80.19362,2026-04-30 00:41:18
¥ØU$UK€ ¥UK1MAT$U,¥ØU$UK€ ¥UK1MAT$U,2026-10-23T00:00:00.000,/events/2470776,¥ØU$UK€ ¥UK1MAT$U,Aragon Ballroom,Chicago,United States of America,https://images.ra.co/589fcab6eec64f80a5b73e1f23a09a79c75385cb.png,"Chicago, United States of America",41.8755616,-87.6244212,2026-06-18 00:52:48
¥ØU$UK€ ¥UK1MAT$U,Factory 93 presents: ¥ØU$UK€ ¥UK1MAT$U,2026-10-24T00:00:00.000,/events/2467325,¥ØU$UK€ ¥UK1MAT$U,Echostage,Washington DC,United States of America,https://images.ra.co/1fcade87592ddc1ebdc233115629be9031b42505.png,"Washington DC, United States of America",38.8950368,-77.0365427,2026-06-15 00:56:01
¥ØU$UK€ ¥UK1MAT$U,FWD Insurance presents: SPOOKY Halloween 2026,2026-10-30T00:00:00.000,/events/2547154,Holy Priest | AK SPORTS | ¥ØU$UK€ ¥UK1MAT$U,Wan Chai Harbourfront,Hong Kong,China,https://images.ra.co/fab01f4108352aa00ac44f68cdacf760c7c4ed7a.jpg,"Hong Kong, China",22.350627,114.1849161,2026-09-29 03:15:00
¥ØU$UK€ ¥UK1MAT$U,¥ØU$UK€ ¥UK1MAT$U,2026-11-06T00:00:00.000,/events/2509990,¥ØU$UK€ ¥UK1MAT$U,Savaya Bali,Bali,Indonesia,https://images.ra.co/ecdf5b8ca2a3b6a8df0704a9507000173602546f.jpg,"Bali, Indonesia",-8.2271303,115.1919203,2026-08-20 00:22:51
¥ØU$UK€ ¥UK1MAT$U,Proper NYE 26/27,2026-12-31T00:00:00.000,/events/2526737,Beltran | Ben Sterling | canary yellow | Cassian | Chris Lorenzo | Cloonee | DJ MANDY | Eli Brown | Green Velvet | I Hate Models | INVT | Jackie Hollander | Josh Baker | Kamino | KETTAMA | KlangKuenstler | Lane 8 | Massane | Max Dean | Luke Dean_ | Nico Moreno | MYRNE | Omar+ | PARIS (AU) | Player Dave | Qrion | Robby East | Sara Landry | Sosa | Tommy Phillips | umru | ¥ØU$UK€ ¥UK1MAT$U,Petco Park,San Diego,United States of America,https://images.ra.co/1b79939ce91bb6c59c5f3c05e294c44dfecbe5f0.jpg,"San Diego, United States of America",32.7174202,-117.162772,2026-09-03 02:14:48
¥ØU$UK€ ¥UK1MAT$U,¥ØU$UK€ ¥UK1MAT$U,2027-03-13T00:00:00.000,/events/2538425,¥ØU$UK€ ¥UK1MAT$U,104 CENTQUATRE,Paris,France,https://images.ra.co/e9b8ae396b2827d97c6e4d9a0fc2cc45d9c51a1a.png,"Paris, France",48.8588897,2.3200410217200766,2026-09-19 02:28:10
¥ØU$UK€ ¥UK1MAT$U,¥ØU$UK€ ¥UK1MAT$U (Yousuke Yukimatsu),2027-03-24T00:00:00.000,/events/2538518,¥ØU$UK€ ¥UK1MAT$U,Poolen,Copenhagen,Denmark,https://images.ra.co/e9a46983521099b9f57a5046a125a10159b16291.png,"Copenhagen, Denmark",55.6867243,12.5700724,2026-09-19 02:28:10
Cloudy,UNREAL x ARZENÁL: Cloudy ALL NIGHT LONG,2026-10-09T00:00:00.000,/events/2421765,Cloudy,Arzenal,Budapest,Hungary,https://images.ra.co/a3e0465c7162874d3396ac02638dfe8d4f58c59c.jpg,"Budapest, Hungary",47.48138955,19.14609412691246,2026-09-19 02:28:10
Cloudy,Adrenaline Family Tour,2026-10-10T00:00:00.000,/events/2364360,Cloudy | Adrian Mills | KUKO,Hans Bunte Areal,Freiburg,Germany,https://images.ra.co/c81f96efa396a55e0ac1e5a24df2acea40701fc0.jpg,"Freiburg, Germany",47.9960901,7.8494005,2026-09-19 02:28:10
Cloudy,Unreal x Jeton Pres: Cloudy All Night Long,2026-10-17T00:00:00.000,/events/2474496,Cloudy | NOVAH | KUKO | Laure Croft | Vagabund,Lutfi Kirdar Congress Center,Istanbul,Turkey,https://images.ra.co/5da911c0fcdefd3765310e9363d60ff344bde73e.jpg,"Istanbul, Turkey",41.006381,28.9758715,2026-09-19 02:28:10
Cloudy,UNREAL ADE 2026 x Cloudy ALL DAY LONG,2026-10-23T00:00:00.000,/events/2420664,Cloudy,Afas Live,Amsterdam,Netherlands,https://images.ra.co/b0f47747844bce7ed9960f2a8f0ebdd642486f4f.jpg,"Amsterdam, Netherlands",52.3730796,4.8924534,2026-09-19 02:28:10
Cloudy,Audio Obscura ADE at The Loft x Angels by Cloudy,2026-10-25T00:00:00.000,/events/2544838,Cloudy,The Loft Amsterdam,Amsterdam,Netherlands,https://images.ra.co/a7e53b3af17144a68bca925d580fbd9087efdb84.jpg,"Amsterdam, Netherlands",52.3730796,4.8924534,2026-09-25 02:24:57
Cloudy,Adrenaline Family Tour,2026-10-30T00:00:00.000,/events/2364367,Cloudy | Adrian Mills | KUKO,Gotec,Karlsruhe,Germany,https://images.ra.co/689e6e08f88280e18d0c5ec9f7ce5855c2535baf.jpg,"Karlsruhe, Germany",49.0068705,8.4034195,2026-09-19 02:28:10
Cloudy,Unreal x Bernexpo,2026-10-31T00:00:00.000,/events/2511253,Cloudy | Johannes Schuster | kso12 | Nico Moreno | SUSKA,Bernexpo Halle,Bern,Switzerland,https://images.ra.co/422ba784a9ea83602880185fa048918724901c89.jpg,"Bern, Switzerland",46.9484742,7.4521749,2026-09-19 02:28:10
Cloudy,Unreal x Rebels pres: Cloudy All Night Long,2026-11-13T00:00:00.000,/events/2474499,Cloudy,TBA,Bogotá,Colombia,https://images.ra.co/65e3f185c2f6463cbd28d2d3ab14da751eb35ec5.jpg,"Bogotá, Colombia",4.711011,-74.0720917,2026-09-19 02:28:10
Cloudy,"RAVE3000 / I Hate Models, Cloudy, KUKO, Serafina, Kessler, THD+N",2026-11-20T00:00:00.000,/events/2504252,I Hate Models | Cloudy | KUKO | Serafina | Kessler | THD+N,Native Beach Club,Buenos Aires,Argentina,https://images.ra.co/eab597b8cd1784618102beb83cce818591d12501.jpg,"Buenos Aires, Argentina",-34.6083696,-58.4440583,2026-09-19 02:28:10
Cloudy,"Unreal, Sao Paulo",2026-11-21T00:00:00.000,/events/2513437,Acid Asian | Cloudy | davyboi | Johannes Schuster | KUKO | Serafina,Komplexo Tempo,Sao Paulo,Brazil,https://images.ra.co/b092956f4d9acd0fd0c078ac10ce91913cd4ffff.jpg,"Sao Paulo, Brazil",-23.5506507,-46.6333824,2026-09-19 02:28:10
Cloudy,Respira Primavera,2026-11-21T00:00:00.000,/events/2517698,I Hate Models | 6EJOU | 999999999 | ALT8 | Angerfist | Cloudy | Cleopard2000 | ECZODIA | KRUELTY | Leo Force | NIKOLINA_ | Pegassi | Reinier Zonneveld | Restricted | Serafina | Svetec | Vieze Asbak,Espacio Riesco Expo Centre,Santiago,Chile,https://images.ra.co/4bdc55f517a8737f98aa381d1b8bd8536cb9d75d.jpg,"Santiago, Chile",-33.4377756,-70.6504502,2026-09-19 02:28:10
Cloudy,Time Warp Los Angeles 2026,2026-11-27T00:00:00.000,/events/2512911,Ben Klock | Blawan | Elli Acula | Chlär | Cloudy | Colored Craig | D.Dan | Freddy K | Dennis Ferrer | Skream | DESIREE (RSA) | East End Dubs | fun2bjane | Funk Tribu | Gerd Janson | Julya Karma | HAAi | Heidi Lawden | Masha Mar | Helena Hauff | Juliana Huxtable | INVT | John Bryars | Loco Dice | Luuk van Dijk | The Martinez Brothers | NOVAH | ONYVAA | Ønyx | ØTTA | Quest (IT) | Ryan Elliott | Richie Hawtin | Rødhåd | SOSA (UK) | southstar | SPFDJ | TOCCORORO | Tiga,Ace*Mission Studios,Los Angeles,United States of America,https://images.ra.co/dd687e1f42da407b708fc69763e4ef20da1280da.png,"Los Angeles, United States of America",34.0536909,-118.242766,2026-10-01 03:03:35
Cloudy,CODE 23 Anniversary: La Trilogía [Part III],2026-12-05T00:00:00.000,/events/2537478,Cloudy | Ben Sims | Chlär | DAX J,Fabrik,Madrid,Spain,https://images.ra.co/da89151d56732ec8e563874b184c1d91ddd00999.png,"Madrid, Spain",40.4167047,-3.7035825,2026-09-27 02:32:55
Cloudy,SHINE -- Cloudy,2026-12-11T00:00:00.000,/events/2554252,Cloudy,The Telegraph Building,Belfast,United Kingdom,https://images.ra.co/09dae29337b6d6c8b2261731bdaa0f8fb64c0895.png,"Belfast, United Kingdom",54.596391,-5.9301829,2026-10-07 03:13:37
Cloudy,Adrián Mills B2B Cloudy [All Night Long],2026-12-27T00:00:00.000,/events/2541140,Cloudy,The OVO Hydro,Glasgow,United Kingdom,https://images.ra.co/e906a8daa279d9431692f8273ddcb475f0339039.jpg,"Glasgow, United Kingdom",55.861155,-4.2501687,2026-09-20 02:31:44
Alycia Bezgo,Gaia #002,2026-10-09T00:00:00.000,/events/2534346,Alycia Bezgo | BIIANCO | DURDENHAUER | KTK (DE) | JEKKAMAÏ,Chinastraat,Ghent,Belgium,https://images.ra.co/f3428d5a7fad6ffec20d20d2baacbad8a9f9e3ce.png,"Ghent, Belgium",51.0538286,3.7250121,2026-09-19 02:28:10
Alycia Bezgo,Sonica x BCCO: Outdoor Edition,2026-10-11T00:00:00.000,/events/2531738,Afem Syko | Alycia Bezgo | Dibison | ESE UVE,"TBA - El Jardín de las Artes, Zaragoza",North,Spain,https://images.ra.co/2a0850c2b59d2dad8888746b70ca5817a404f181.jpg,"TBA - El Jardín de las Artes, Zaragoza, Spain",39.3260685,-4.8379791,2026-09-19 02:28:10
Alycia Bezgo,Brunch Electronik Malaga WEEKENDER 10/11OCTUBRE 2026,2026-10-10T00:00:00.000,/events/2513573,Adam Beyer | Alex Now | Alycia Bezgo | sim0ne | Boys Noize | De La Swing | Denis Horvat | Fhiga | PÜCH | Francisco Allendes | fumi (DE) | SHDW | GIØ (1) | GNRØ | Héctor Oaks | INTERVALO | Locati | Joseph Capriati | Josh Baker | Karretero | Kobosil | Loco Dice | LSDXOXO | Manda Moor | Marco Faraone | Miguel Payda | Patrick Mason | SALOME | SANTØS | SKALA | Tham | VICTORIA WHYNOT,Auditorio Málaga Cortijo de Torres,South,Spain,https://images.ra.co/50b56bb177152f083820aee94342151ad55e6925.png,"Auditorio Málaga Cortijo de Torres, Spain",36.7213028,-4.4216366,2026-09-19 02:28:10
Alycia Bezgo,Intercell x Mika Heggemann Invites | ADE By Day,2026-10-23T00:00:00.000,/events/2473364,Alycia Bezgo | Cleopard2000 | Azzurro | Faster Horses | Mika Heggemann | Olive Anguz,H7 Warehouse,Amsterdam,Netherlands,https://images.ra.co/d79212d0dc7a455fcf8e70f0ff884444b17ab7cc.jpg,"Amsterdam, Netherlands",52.3730796,4.8924534,2026-09-19 02:28:10
Alycia Bezgo,"OBSCUUR x Trancecore ADE with zwilling., DJ DRECKISCH, Alycia Bezgo, Kø:lab, JOKESONYOU, DICE",2026-10-24T00:00:00.000,/events/2485446,Alycia Bezgo | JOKESONYOU | Amøn | Fronsi | zwilling. | Kø:lab | DJ DRECKISCH | DICE | DETOXX | nordcorreia.mp3 | Boltcore,Toekomstmuziek,Amsterdam,Netherlands,https://images.ra.co/a30f6a11edf5b4ba0e64387529f466a35b164734.jpg,"Amsterdam, Netherlands",52.3730796,4.8924534,2026-09-19 02:28:10
Alycia Bezgo,VERKNIPT ADE Special Sunday,2026-10-25T00:00:00.000,/events/2476171,Alycia Bezgo | IOSIO | BØĘRY | Jeno | Tess (MU) | KLOFAMA | Raxeller | Samuel Moriero (2) | SLVL | TiTi | Winson,Afas Live,Amsterdam,Netherlands,https://images.ra.co/c52273cbf9ea9518d5dcce3d13c9881b328dabe6.png,"Amsterdam, Netherlands",52.3730796,4.8924534,2026-09-19 02:28:10
Alycia Bezgo,BCCO x Hot Meal,2026-11-28T00:00:00.000,/events/2401774,Bad Boombox | future.666 | ÜBERKIKZ | David Löhlein | Alycia Bezgo | DJ Hyperdrive | Félicie | SAIKA | Janis Zielinski | Gusted | DJ Cringey | Pōnky | TOXIMAMI | lizaliza,MUENZE,Berlin,Germany,https://images.ra.co/0afadbb8e1a0958f2ed79074614eea5425126681.jpg,"Berlin, Germany",52.510885,13.3989367,2026-09-19 02:28:10
Alycia Bezgo,"FACE 2 FACE at Flanders Expo, ghent",2026-12-05T00:00:00.000,/events/2554731,6EJOU | SNTS | Adrian Mills | zwilling. | Alycia Bezgo | BIIANCO | BYØRN | Kander | DJ IP | Olive Anguz | LESSSS | L.zwo | Riana Holley | Pawlowski | Trancemaster Krause | Skeletor Yogi,Flanders Expo Centre,Ghent,Belgium,https://cdn.sanity.io/images/6epsemdp/production/b7d83a32bba8e46b37bc22edd92ed71cef47b091-1920x1280.jpg?w=640&fit=clip&auto=format,"Ghent, Belgium",51.0538286,3.7250121,2026-10-07 03:13:37
Alycia Bezgo,BCCO x 240KMH,2026-12-30T00:00:00.000,/events/2393223,future.666 | AEREA | ÜBERKIKZ | BIIA | DJ Hyperdrive | Alycia Bezgo | WILDERÍCH | GIØ (1) | zwilling. | HUMAN ERROR | Klaps | DJ Cringey | SAIKA | ines isla | Simone Zino | Luxi Villar | FILTRACK | Viktoria Spielmann | SOLE DOSI | Nuke | Per Pleks | Mislaw | Sept | DJ SKIN | HALF LIFE | MAURER | Sicion | Josh Heywood | JKS | Caniche | FANK | Brtinzz | OUST | CHAPTO_LINES,MUENZE,Berlin,Germany,https://images.ra.co/b4ff27d3ac085ce5b719eca9a074b6b77246cce5.jpg,"Berlin, Germany",52.510885,13.3989367,2026-09-29 03:15:00
salute,salute (AT),2026-10-10T00:00:00.000,/events/2496833,salute | Veludo | Rúben Costa,Plano B,Porto,Portugal,https://images.ra.co/1ac08b13f64ef0936e61a62f84853b689b637aee.jpg,"Porto, Portugal",41.1494512,-8.6107884,2026-09-19 02:28:10
salute,EXTENDED: Bad Boombox B2B Club Angel / salute / Gerardo Niva / Maruwa,2026-10-11T00:00:00.000,/events/2494379,Bad Boombox | Club Angel | salute | Gerardo Niva | Maruwa,Mondo,Madrid,Spain,https://images.ra.co/cf7580cbe22dbeabb1d4c2978af6ba9524f264b7.jpg,"Madrid, Spain",40.4167047,-3.7035825,2026-10-07 03:13:37
salute,salute,2026-10-16T00:00:00.000,/events/2531034,salute | ShaunaDee,Yamamori Tengu,Dublin,Ireland,https://images.ra.co/5476f8d252b75cdfff4b5206eb75d2e7f36dfda3.png,"Dublin, Ireland",53.3493795,-6.2605593,2026-09-19 02:28:10
salute,salute {open to close} ~ DAY,2026-10-18T00:00:00.000,/events/2544873,salute,The White Hotel,Manchester,United Kingdom,https://images.ra.co/dfca478bf0bc14188a5262aa2b0fa6ebc64d5c40.jpg,"Manchester, United Kingdom",53.4794892,-2.2451148,2026-09-27 02:32:55
salute,23 OCT - Friday Day with salute / Diffrent & Bella Claxton,2026-10-23T00:00:00.000,/events/2482113,Call Super | salute | Special Request | Diffrent | Faster Horses | LILLI & 4LOVE | Sophia Violet | OLIVIA LENSEN | Bella Claxton | Deborah Aime La Bagarre | Emma B | Mike Momburg | NewTone | Strath,Thuishaven,Amsterdam,Netherlands,https://images.ra.co/ecfbe8de6bbd59ceacd28a1b88d9dff1d46ce04c.jpg,"Amsterdam, Netherlands",52.3730796,4.8924534,2026-09-19 02:28:10
salute,Suwannee Hulaween 2026 - Passcode RAVEFAM,2026-10-22T00:00:00.000,/events/2474837,Excision | Pretty Lights | Goose | Ben Böhmer | Big Gigantic | Green Velvet | KETTAMA | Of The Trees | AK SPORTS | Baalti | Casey Club | Costa (FR) | Dean Turnley | Frost Children | Gravagerz | Hamdi | HerShe | hhunter | INVT | Jackie Hollander | KARAN! | Kasablanca | Lewis OfMan | Magoo | Minim | salute | Riordan | Steller | Tini Gessler,Spirit of the Suwannee Music Park,Jacksonville,United States of America,https://images.ra.co/1e5cbded346e4da3204c89bd75f370afadf9c015.png,"Jacksonville, United States of America",30.3262247,-81.6579179,2026-09-19 02:28:10
salute,PURGATORY: Thursday Night with salute B2B Stacey Pullen,2026-10-29T00:00:00.000,/events/2545600,salute | Stacey Pullen,Refuge,New York City,United States of America,https://images.ra.co/0905f079f1fbfc9f9d917df36999083a3131fc18.png,"New York City, United States of America",40.7127281,-74.0060152,2026-09-27 02:32:55
salute,Hocus Pocus 2026 ,2026-10-30T00:00:00.000,/events/2487710,ALISHA | Âme | ANNĒ | Apollonia | Arina Krondeva | ATRIP | Azzecca | Baauer | Berrakka | Bushbaby | Caleb Jackson | Cami di Marzo | camoufly | Cassian | Chase & Status | ChaseWest | Chloé Caillet | Cole Knight | Conducta | Danny Daze | Darco | DAX J | DJ BORING | DJ Seinfeld | Effy | Elad | Eli Escobar | Eric Prydz | Franky Rizardo | Chlär | Alarico | Generous B | Gorgon City | Hudson Mohawke | Inbal | Indira Paganotto | Jamie Jones | Jayda G | Jean Pierre | Jordan Brando | Joseph Capriati | Julya Karma | Kerri Chandler | Kevin Saunderson | Kiddo | Layton Giordani | Mall Grab | MALUGI | Marcel Dettmann | Marco Strous | Marte | Mary Droppinz | Matthew Dear | Meduza | Monoky (2) | Nicole Gallamini | Nora En Pure | Prospa | Purple Disco Machine | Quest | RAJE | Rooléh | RSquared | Salomé Le Chat | salute | Seth Troxler | Shir Miya | SIEGEL (2) | Sinopoli | Skream | SLAMM | slugg | Sol Ortega | Somewhen | Souls Departed | Special Request | The Chronics | Todd Edwards | Vitess | Will Renuart | William Kiss | X CLUB. | X-Coast | Yamagucci | Yanamaste,Factory Town,Miami,United States of America,https://images.ra.co/2da74af63ba8ed4198a16bf3f7c9c048b252b0bf.png,"Miami, United States of America",25.7741728,-80.19362,2026-09-19 02:28:10
salute,"SOUNDSOUND with Domenik Deckert, Mike Momburg, salute, Skathi",2026-11-07T00:00:00.000,/events/2551120,Domenik Deckert | Mike Momburg | salute,Gewölbe,Cologne,Germany,https://images.ra.co/8893a97de8bc5a91616b49f71e382addfed899d3.jpg,"Cologne, Germany",50.938361,6.959974,2026-10-04 03:24:38
salute,Herfstdrift Weekender - Friday,2026-11-27T00:00:00.000,/events/2527248,X CLUB. | salute | Anz | Dr Banana | lizz.e | Sozef,De Papierfabriek,Nijmegen,Netherlands,https://images.ra.co/5621d631daeedd3339fc8998cdf8e6d1440c962d.jpg,"Nijmegen, Netherlands",51.8474946,5.8637771,2026-09-19 02:28:10
salute,RAW CUTS (Ground Basel 2026),2026-12-03T00:00:00.000,/events/2526505,HAAi | salute | Bakke | Sister System | EREZ.JPG | shanty mane | Erin Page,The Ground at Club Space,Miami,United States of America,https://images.ra.co/2be4b3405d6f23f00300c37677a885e0351e7a3f.jpg,"Miami, United States of America",25.7741728,-80.19362,2026-09-19 02:28:10
salute,Factory Basel,2026-12-02T00:00:00.000,/events/2551502,Aline Umber | Ammo Avenue | ANNĒ | Annie Lew | Bastian Bux | Beltran | Ben Sterling | Broodoo Ramses | Cam Stockman | Carlita | ChaseWest | Chlär | Chloé Caillet | Chris Lake | Coffintexts | D.Dan | Dennis Ferrer | Dixon | DJ Holographic | DJ Minx | DJ TOOL | Eats Everything | Ferra Black | FLETCH | Franky Rizardo | GENNARO | Gordo | HAAi | HALFPINT | HoneyLuv | Jamback | Jay de Lys | Jesse Perez | Jimi Jules | Jubilee | Julian Fijma | Jyoty | Krol | Luciano | Luke Dean_ | Mai iachetti | Make A Dance | Malone | Mason Collective | Max Dean | Maxi Meraki | Miguelle | TONS | Mike Servito | Moorhaus | Omar+ | OMRI. | Paco Osuna | Palms Trax | Paula Tape | PAWSA | Pressure Point | Prospa | Rafael | Rampa | Rony Seikaly | Rossi | salute | Sedef Adasï | Seth Troxler | SHDW | Sister System | Solomun | TEED | The Martinez Brothers | Tommy Phillips | UNiiQU3 | Zack Fox,Factory Town,Miami,United States of America,https://images.ra.co/c3d316d5007712c67793ac156fb8de95bcb33ed3.jpg,"Miami, United States of America",25.7741728,-80.19362,2026-10-04 03:24:38
salute,Radar Festival Perth,2026-12-28T00:00:00.000,/events/2534055,AK SPORTS | Azyr | Bella Claxton | Boys Noize | Carla Martinez | Club Angel | DJ Seinfeld | Emma Moon | Faster Horses | Juicy Romance | Julian Fijma | Locky | Ned Bennett | Osmosis Jones | Partiboi69 | Riordan | salute | Sam Alfred | Soul Mass Transit System | southstar | Tommy Holohan,Langley Park,Perth,Australia,https://cdn.sanity.io/images/6epsemdp/production/b7d83a32bba8e46b37bc22edd92ed71cef47b091-1920x1280.jpg?w=640&fit=clip&auto=format,"Perth, Australia",-31.9558933,115.8605855,2026-09-19 02:28:10
salute,"THE WORKS [NYE] feat. Armand Van Helden, Ewan McVicar, Jayda G + salute",2026-12-31T00:00:00.000,/events/2531677,Armand Van Helden | Ewan McVicar | Jayda G | salute,Carriageworks,Sydney,Australia,https://images.ra.co/50aaa829160435f0c4414cf6d826d93818449a91.png,"Sydney, Australia",-33.8698439,151.2082848,2026-09-19 02:28:10
salute,Lost Paradise 2026,2026-12-28T00:00:00.000,/events/2491206,John Summit | Skepta | KI/KI | Overmono | Armand Van Helden | Nia Archives | Ewan McVicar | Sam Alfred | Rossi | Partiboi69 | Benwal | Caleb Jackson | Chaos In The CBD | dameeeela | DART | Dean Turnley | DJ Seinfeld | Drifting Clouds | Flava D | Hamdi | Harry Hayes | Helena Lauwaert | Hot Dub Time Machine | Jamback | James Pepper | Baron Von Trax | Jayda G | Job Jobse | Kirollus | Kyle Starkey | Loods | Luuk van Dijk | Mella Dee | Memphis LK | Ned Bennett | Luke Alessi | Jordan Brando | William Kiss | Osmosis Jones | Pretty Girl | Riordan | Saint Ludo | salute | Soul Mass Transit System | Stacie Fields | Supergloss | Tommy Holohan | Willo | Bella Backe | Callyy | Casual P | Couch Mechanic | DJ MACARONI | Elijah Something | GMOZ | Jacqui Cunningham | Lily FM | Mash (2) | Harley Ferris | Mimi J | PARTIGIRL | Sasha Milani | Sim Select | zacattacq,Glenworth Valley,Sydney,Australia,https://images.ra.co/7ea5261c8d409c341b715c39ed784a89a92a17db.jpg,"Sydney, Australia",-33.8698439,151.2082848,2026-09-19 02:28:10
salute,Beyond The Valley,2026-12-28T00:00:00.000,/events/2499611,"Afrodisiac | After X | AKEYLAH | Anetha | Arielle Free | Armand Van Helden | bellxsxs | Benwal | BIIANCO | Boys Noize | Bryson Hill | Carla Martinez | Club Angel | DART | Dean Turnley | DJ PGZ | Eva Charley | Ewan McVicar | Faster Horses | Frost Children | Funk Tribu | Hamdi | Hannah Laing | Helena Lauwaert | Jackie Hollander | Jamback | Jayda G | Job Jobse | John Summit | Jordan Brando | Luuk van Dijk | JUPiTA | bbsanii | Kiara Friend | KI/KI | Kyle Starkey | Layton Giordani | Lex (GR) | Love, Jess | Mella Dee | Mia Koden | MPH (1) | Nia Archives | Nice Girl | nimino | Oppidan | oskar med k | Overmono | Renaessance | Riordan | Saint Ludo | salute | Skepta | Soul Mass Transit System | southstar | SPFDJ | THC | Tiff Cornish | Tommy Holohan | VANNA | WAXX OFF | WOLTERS | WVCHWY | X & Ivy",Barunah Plains,Victoria,Australia,https://images.ra.co/42ccb12d5c81c31dd033479caf74f8b29147e555.png,"Victoria, Australia",-36.5986096,144.6780052,2026-09-19 02:28:10
salute,Radar Festival Brisbane,2027-01-02T00:00:00.000,/events/2534060,AK SPORTS | Bella Claxton | Boys Noize | Carla Martinez | Club Angel | DJ Seinfeld | Emma Moon | Faster Horses | Juicy Romance | Julian Fijma | Locky | Osmosis Jones | Partiboi69 | Riordan | salute | Sam Alfred | Soul Mass Transit System | southstar | Tommy Holohan,Superordinary,Brisbane,Australia,https://images.ra.co/1c6a678d844b2d149381777281d20ce6b8af6447.jpg,"Brisbane, Australia",-27.4689682,153.0234991,2026-09-19 02:28:10
